unityFrame,realtime,phase,grid,x,y,height,layer,armyCached,soldiersCached,complex,clientTotal,moving,fighting,fightQueue,wallFight,scanTime,effects,heads,targetFPS,powerActive,sentBytes,receivedBytes,pingMs,moveLineDataCount,finalGridEffects,armyLineEffects,movingLineCount,pendingLineCreates,suppressSimplify,autoSimplify,powerSwitch,txKiBs,rxKiBs
155681.0,13731.15625,static_H60,12260175.0,1226.0,175.0,60.0,1.0,148.0,186.0,1.0,186.0,160.0,2.0,0.0,0.0,13731.15625,74.0,5.0,30.0,0.0,524665.0,28897327.0,70.0,200.0,22.0,20.0,49.0,-1.0,0.0,1.0,0.0,,
155697.0,13731.68359375,static_H60,12260175.0,1226.0,175.0,60.0,1.0,148.0,186.0,1.0,186.0,160.0,2.0,0.0,0.0,13731.15625,74.0,5.0,30.0,0.0,524665.0,28898495.0,75.0,200.0,22.0,20.0,50.0,-1.0,0.0,1.0,0.0,0.0,2.162962962962963
155713.0,13732.215820312,static_H60,12260175.0,1226.0,175.0,60.0,1.0,148.0,187.0,1.0,186.0,160.0,2.0,0.0,0.0,13731.15625,74.0,5.0,30.0,0.0,524665.0,28899939.0,75.0,200.0,22.0,20.0,52.0,-1.0,0.0,1.0,0.0,0.0,2.6495412868938857
155728.0,13732.715820312,static_H60,12260175.0,1226.0,175.0,60.0,1.0,148.0,188.0,1.0,186.0,160.0,2.0,0.0,0.0,13731.15625,74.0,5.0,30.0,0.0,524695.0,28901500.0,74.0,200.0,22.0,20.0,53.0,-1.0,0.0,1.0,0.0,0.05859375,3.048828125
155744.0,13733.249023438,static_H60,12260175.0,1226.0,175.0,60.0,1.0,149.0,187.0,1.0,187.0,166.0,2.0,0.0,0.0,13733.249023438,71.0,5.0,30.0,0.0,524695.0,28902578.0,74.0,200.0,22.0,18.0,52.0,-1.0,0.0,1.0,0.0,0.0,1.9743589706545026
155760.0,13733.78125,static_H60,12260175.0,1226.0,175.0,60.0,1.0,149.0,188.0,1.0,187.0,166.0,2.0,0.0,0.0,13733.249023438,73.0,5.0,30.0,0.0,524695.0,28903526.0,74.0,200.0,22.0,19.0,53.0,-1.0,0.0,1.0,0.0,0.0,1.7394495429192547
155775.0,13734.282226562,static_H60,12260175.0,1226.0,175.0,60.0,1.0,149.0,188.0,1.0,187.0,166.0,2.0,0.0,0.0,13733.249023438,73.0,5.0,30.0,0.0,524695.0,28904008.0,74.0,200.0,22.0,19.0,53.0,-1.0,0.0,1.0,0.0,0.0,0.939571151035622
155790.0,13734.791015625,static_H60,12260175.0,1226.0,175.0,60.0,1.0,148.0,187.0,1.0,187.0,166.0,2.0,0.0,0.0,13733.249023438,73.0,5.0,30.0,0.0,524695.0,28904906.0,74.0,200.0,23.0,18.0,52.0,-1.0,0.0,1.0,0.0,0.0,1.7236084436029184
155806.0,13735.327148438,static_H60,12260175.0,1226.0,175.0,60.0,1.0,148.0,187.0,1.0,187.0,166.0,2.0,0.0,0.0,13735.327148438,73.0,5.0,30.0,0.0,524734.0,28905419.0,74.0,200.0,23.0,18.0,52.0,-1.0,0.0,1.0,0.0,0.07103825129984018,0.9344262286363593
155821.0,13735.829101562,static_H60,12260175.0,1226.0,175.0,60.0,1.0,148.0,187.0,1.0,187.0,166.0,2.0,0.0,0.0,13735.327148438,74.0,5.0,30.0,0.0,524734.0,28906941.0,79.0,200.0,23.0,19.0,52.0,-1.0,0.0,1.0,0.0,0.0,2.96108950006518
155836.0,13736.329101562,static_H60,12260175.0,1226.0,175.0,60.0,1.0,148.0,188.0,1.0,187.0,166.0,2.0,0.0,0.0,13735.327148438,75.0,5.0,30.0,0.0,524734.0,28908778.0,79.0,200.0,23.0,20.0,55.0,-1.0,0.0,1.0,0.0,0.0,3.587890625
155852.0,13736.862304688,static_H60,12260175.0,1226.0,175.0,60.0,1.0,147.0,189.0,1.0,187.0,166.0,2.0,0.0,0.0,13735.327148438,75.0,5.0,30.0,0.0,524734.0,28910109.0,79.0,200.0,23.0,20.0,56.0,-1.0,0.0,1.0,0.0,0.0,2.437728933155049
155868.0,13737.396484375,static_H60,12260175.0,1226.0,175.0,60.0,1.0,147.0,189.0,1.0,189.0,166.0,1.0,0.0,0.0,13737.396484375,75.0,5.0,30.0,0.0,524734.0,28910540.0,79.0,200.0,23.0,20.0,56.0,-1.0,0.0,1.0,0.0,0.0,0.7879341872095091
155884.0,13737.9296875,static_H60,12260175.0,1226.0,175.0,60.0,1.0,146.0,190.0,1.0,189.0,166.0,1.0,0.0,0.0,13737.396484375,76.0,5.0,30.0,0.0,524734.0,28912524.0,79.0,200.0,24.0,20.0,57.0,-1.0,0.0,1.0,0.0,0.0,3.6336996336996337
155900.0,13738.461914062,static_H60,12260175.0,1226.0,175.0,60.0,1.0,147.0,190.0,1.0,189.0,166.0,1.0,0.0,0.0,13737.396484375,75.0,5.0,30.0,0.0,524734.0,28913020.0,79.0,200.0,23.0,20.0,57.0,-1.0,0.0,1.0,0.0,0.0,0.9100917439746311
155915.0,13738.96484375,static_H60,12260175.0,1226.0,175.0,60.0,1.0,147.0,190.0,1.0,189.0,166.0,1.0,0.0,0.0,13737.396484375,75.0,5.0,30.0,0.0,524734.0,28914234.0,79.0,200.0,23.0,20.0,57.0,-1.0,0.0,1.0,0.0,0.0,2.3572815510534677
155930.0,13739.46875,static_H60,12260175.0,1226.0,175.0,60.0,1.0,147.0,186.0,1.0,185.0,165.0,1.0,0.0,0.0,13739.46875,72.0,5.0,30.0,0.0,525594.0,28914748.0,75.0,200.0,23.0,17.0,52.0,-1.0,0.0,1.0,0.0,1.6666666666666667,0.9961240310077519
155946.0,13740.00390625,static_H60,12260175.0,1226.0,175.0,60.0,1.0,148.0,184.0,1.0,185.0,165.0,1.0,0.0,0.0,13739.46875,70.0,5.0,30.0,0.0,525594.0,28915637.0,75.0,200.0,23.0,17.0,51.0,-1.0,0.0,1.0,0.0,0.0,1.6222627737226278
155962.0,13740.534179688,static_H60,12260175.0,1226.0,175.0,60.0,1.0,147.0,185.0,1.0,185.0,165.0,1.0,0.0,0.0,13739.46875,74.0,5.0,30.0,0.0,525624.0,28917854.0,75.0,200.0,23.0,19.0,53.0,-1.0,0.0,1.0,0.0,0.05524861873241278,4.082872924325305
155978.0,13741.067382812,static_H60,12260175.0,1226.0,175.0,60.0,1.0,147.0,187.0,1.0,185.0,165.0,1.0,0.0,0.0,13739.46875,76.0,5.0,30.0,0.0,525693.0,28919766.0,79.0,200.0,24.0,20.0,54.0,-1.0,0.0,1.0,0.0,0.12637362661074006,3.5018315084019562
155994.0,13741.599609375,static_H60,12260175.0,1226.0,175.0,60.0,1.0,148.0,186.0,1.0,186.0,165.0,1.0,0.0,0.0,13741.599609375,75.0,5.0,30.0,0.0,525693.0,28920629.0,79.0,200.0,24.0,20.0,52.0,-1.0,0.0,1.0,0.0,0.0,1.5834862370438438
156010.0,13742.1328125,static_H60,12260175.0,1226.0,175.0,60.0,1.0,148.0,186.0,1.0,186.0,165.0,1.0,0.0,0.0,13741.599609375,75.0,5.0,30.0,0.0,525693.0,28921165.0,79.0,200.0,24.0,20.0,51.0,-1.0,0.0,1.0,0.0,0.0,0.9816849816849816
156026.0,13742.665039062,static_H60,12260175.0,1226.0,175.0,60.0,1.0,149.0,185.0,1.0,186.0,165.0,1.0,0.0,0.0,13741.599609375,75.0,5.0,30.0,0.0,525723.0,28921729.0,79.0,200.0,24.0,20.0,50.0,-1.0,0.0,1.0,0.0,0.05504587161136881,1.0348623862937338
156042.0,13743.19921875,static_H60,12260175.0,1226.0,175.0,60.0,1.0,150.0,187.0,1.0,186.0,165.0,1.0,0.0,0.0,13741.599609375,75.0,5.0,30.0,0.0,525762.0,28923753.0,79.0,200.0,23.0,20.0,50.0,-1.0,0.0,1.0,0.0,0.07129798896431301,3.7001828118915263
156058.0,13743.731445312,static_H60,12260175.0,1226.0,175.0,60.0,1.0,150.0,186.0,1.0,186.0,160.0,3.0,0.0,0.0,13743.731445312,74.0,5.0,30.0,0.0,525762.0,28924959.0,83.0,200.0,23.0,20.0,49.0,-1.0,0.0,1.0,0.0,0.0,2.2128440387770265
156074.0,13744.264648438,static_H60,12260175.0,1226.0,175.0,60.0,1.0,149.0,187.0,1.0,186.0,160.0,3.0,0.0,0.0,13743.731445312,75.0,5.0,30.0,0.0,525762.0,28926729.0,83.0,200.0,23.0,20.0,48.0,-1.0,0.0,1.0,0.0,0.0,3.24175823567576
156090.0,13744.798828125,static_H60,12260175.0,1226.0,175.0,60.0,1.0,150.0,187.0,1.0,186.0,160.0,3.0,0.0,0.0,13743.731445312,75.0,5.0,30.0,0.0,525801.0,28928093.0,87.0,200.0,23.0,20.0,48.0,-1.0,0.0,1.0,0.0,0.07129798909784421,2.493601464857936
156105.0,13745.309570312,static_H60,12260175.0,1226.0,175.0,60.0,1.0,150.0,187.0,1.0,186.0,160.0,3.0,0.0,0.0,13743.731445312,75.0,5.0,30.0,0.0,526669.0,28928600.0,87.0,200.0,23.0,20.0,48.0,-1.0,0.0,1.0,0.0,1.6596558333654325,0.9694072667238183
156120.0,13745.813476562,static_H60,12260175.0,1226.0,175.0,60.0,1.0,150.0,187.0,1.0,187.0,158.0,5.0,0.0,0.0,13745.813476562,75.0,5.0,30.0,0.0,526729.0,28929189.0,86.0,200.0,23.0,20.0,48.0,-1.0,0.0,1.0,0.0,0.11627906976744186,1.1414728682170543
156136.0,13746.346679688,static_H60,12260175.0,1226.0,175.0,60.0,1.0,149.0,187.0,1.0,187.0,158.0,5.0,0.0,0.0,13745.813476562,76.0,5.0,30.0,0.0,526729.0,28930406.0,82.0,200.0,24.0,20.0,48.0,-1.0,0.0,1.0,0.0,0.0,2.2289377247555935
156152.0,13746.877929688,static_H60,12260175.0,1226.0,175.0,60.0,1.0,134.0,167.0,1.0,187.0,158.0,5.0,0.0,0.0,13745.813476562,75.0,5.0,30.0,0.0,526729.0,28933291.0,82.0,200.0,24.0,20.0,47.0,-1.0,0.0,1.0,0.0,0.0,5.303308823529412
156168.0,13747.411132812,static_H60,12260175.0,1226.0,175.0,60.0,1.0,93.0,96.0,1.0,187.0,158.0,5.0,0.0,0.0,13745.813476562,74.0,5.0,30.0,0.0,526729.0,28933809.0,82.0,200.0,24.0,20.0,47.0,-1.0,0.0,1.0,0.0,0.0,0.9487179504980195
156184.0,13747.947265625,static_H60,12260175.0,1226.0,175.0,60.0,1.0,22.0,59.0,1.0,59.0,38.0,8.0,2.0,0.0,13747.947265625,70.0,5.0,30.0,0.0,526777.0,28934670.0,82.0,200.0,24.0,17.0,43.0,-1.0,0.0,1.0,0.0,0.08743169390749561,1.5683060094657024
156199.0,13748.452148438,static_H60,12260175.0,1226.0,175.0,60.0,1.0,22.0,56.0,1.0,59.0,38.0,8.0,2.0,0.0,13747.947265625,70.0,5.0,30.0,0.0,526777.0,28935949.0,86.0,200.0,24.0,18.0,43.0,-1.0,0.0,1.0,0.0,0.0,2.4738878118622956
156214.0,13748.952148438,static_H60,12260175.0,1226.0,175.0,60.0,1.0,23.0,57.0,1.0,59.0,38.0,8.0,2.0,0.0,13747.947265625,72.0,5.0,30.0,0.0,526807.0,28938659.0,82.0,200.0,24.0,19.0,43.0,-1.0,0.0,1.0,0.0,0.05859375,5.29296875
156229.0,13749.4609375,static_H60,12260175.0,1226.0,175.0,60.0,1.0,23.0,58.0,1.0,59.0,38.0,8.0,2.0,0.0,13747.947265625,75.0,5.0,30.0,0.0,526921.0,28941033.0,82.0,200.0,25.0,20.0,44.0,-1.0,0.0,1.0,0.0,0.2188099810212677,4.556621885477978
156245.0,13749.993164062,static_H60,12260175.0,1226.0,175.0,60.0,1.0,21.0,57.0,1.0,55.0,37.0,4.0,1.0,0.0,13749.993164062,73.0,5.0,30.0,0.0,526921.0,28942806.0,86.0,200.0,25.0,19.0,42.0,-1.0,0.0,1.0,0.0,0.0,3.253211012231897
156261.0,13750.5234375,static_H60,12260175.0,1226.0,175.0,60.0,1.0,22.0,57.0,1.0,55.0,37.0,4.0,1.0,0.0,13749.993164062,75.0,5.0,30.0,0.0,526951.0,28943413.0,90.0,200.0,25.0,20.0,44.0,-1.0,0.0,1.0,0.0,0.05524861873241278,1.117863719019152
156276.0,13751.024414062,static_H60,12260175.0,1226.0,175.0,60.0,1.0,22.0,56.0,1.0,55.0,37.0,4.0,1.0,0.0,13749.993164062,75.0,5.0,30.0,0.0,526981.0,28943872.0,86.0,200.0,25.0,20.0,44.0,-1.0,0.0,1.0,0.0,0.05847953222213415,0.8947368429986525
156292.0,13751.55859375,static_H60,12260175.0,1226.0,175.0,60.0,1.0,23.0,55.0,1.0,55.0,37.0,4.0,1.0,0.0,13749.993164062,75.0,5.0,30.0,0.0,526981.0,28944265.0,86.0,200.0,25.0,20.0,43.0,-1.0,0.0,1.0,0.0,0.0,0.7184643503326926
156307.0,13752.060546875,static_H60,12260175.0,1226.0,175.0,60.0,1.0,23.0,63.0,1.0,65.0,39.0,4.0,11.0,0.0,13752.060546875,77.0,5.0,30.0,0.0,526981.0,28984861.0,86.0,200.0,25.0,20.0,43.0,-1.0,0.0,1.0,0.0,0.0,78.98054474708171
156322.0,13752.581054688,static_H60,12260175.0,1226.0,175.0,60.0,1.0,71.0,101.0,1.0,65.0,39.0,4.0,11.0,0.0,13752.060546875,77.0,5.0,30.0,0.0,527979.0,28991040.0,86.0,200.0,25.0,20.0,44.0,-1.0,0.0,1.0,0.0,1.8724202608647187,11.592870532948995
156338.0,13753.115234375,static_H60,12260175.0,1226.0,175.0,60.0,1.0,87.0,114.0,1.0,65.0,39.0,4.0,11.0,0.0,13752.060546875,74.0,5.0,30.0,0.0,528027.0,28992190.0,86.0,200.0,25.0,18.0,42.0,-1.0,0.0,1.0,0.0,0.08775137119734673,2.1023766016030985
156353.0,13753.615234375,static_H60,12260175.0,1226.0,175.0,60.0,1.0,99.0,130.0,1.0,65.0,39.0,4.0,11.0,0.0,13752.060546875,75.0,5.0,30.0,0.0,528075.0,28993017.0,82.0,200.0,25.0,18.0,42.0,-1.0,0.0,1.0,0.0,0.09375,1.615234375
156369.0,13754.146484375,static_H60,12260175.0,1226.0,175.0,60.0,1.0,122.0,166.0,1.0,167.0,141.0,3.0,0.0,0.0,13754.146484375,76.0,5.0,30.0,0.0,528114.0,28993823.0,82.0,200.0,26.0,18.0,42.0,-1.0,0.0,1.0,0.0,0.07169117647058823,1.4816176470588236
156385.0,13754.681640625,static_H60,12260175.0,1226.0,175.0,60.0,1.0,150.0,180.0,1.0,167.0,141.0,3.0,0.0,0.0,13754.146484375,78.0,5.0,30.0,0.0,528144.0,28996385.0,82.0,200.0,26.0,20.0,42.0,-1.0,0.0,1.0,0.0,0.05474452554744526,4.675182481751825
156401.0,13755.213867188,static_H60,12260175.0,1226.0,175.0,60.0,1.0,149.0,181.0,1.0,167.0,141.0,3.0,0.0,0.0,13754.146484375,78.0,5.0,30.0,0.0,528204.0,28997497.0,78.0,200.0,26.0,20.0,43.0,-1.0,0.0,1.0,0.0,0.11009174301579448,2.040366970559391
156415.0,13755.729492188,static_H60,12260175.0,1226.0,175.0,60.0,1.0,149.0,180.0,1.0,167.0,141.0,3.0,0.0,0.0,13754.146484375,77.0,5.0,30.0,0.0,528322.0,28998066.0,82.0,200.0,26.0,19.0,42.0,-1.0,0.0,1.0,0.0,0.22348484848484848,1.0776515151515151
156431.0,13756.260742188,static_H60,12260175.0,1226.0,175.0,60.0,1.0,148.0,182.0,1.0,182.0,154.0,3.0,0.0,0.0,13756.260742188,77.0,5.0,30.0,0.0,528361.0,29000222.0,82.0,200.0,25.0,20.0,43.0,-1.0,0.0,1.0,0.0,0.07169117647058823,3.963235294117647
156447.0,13756.794921875,static_H60,12260175.0,1226.0,175.0,60.0,1.0,149.0,182.0,1.0,182.0,154.0,3.0,0.0,0.0,13756.260742188,76.0,5.0,30.0,0.0,528361.0,29001723.0,82.0,200.0,25.0,19.0,41.0,-1.0,0.0,1.0,0.0,0.0,2.7440585034836964
156463.0,13757.326171875,static_H60,12260175.0,1226.0,175.0,60.0,1.0,149.0,182.0,1.0,182.0,154.0,3.0,0.0,0.0,13756.260742188,76.0,5.0,30.0,0.0,528439.0,29003478.0,82.0,200.0,25.0,20.0,40.0,-1.0,0.0,1.0,0.0,0.14338235294117646,3.2261029411764706
156478.0,13757.827148438,static_H60,12260175.0,1226.0,175.0,60.0,1.0,149.0,180.0,1.0,182.0,154.0,3.0,0.0,0.0,13756.260742188,77.0,5.0,30.0,0.0,528526.0,29005450.0,78.0,200.0,25.0,20.0,40.0,-1.0,0.0,1.0,0.0,0.16959064310551855,3.844054577058421
156493.0,13758.334960938,static_H60,12260175.0,1226.0,175.0,60.0,1.0,149.0,182.0,1.0,182.0,152.0,4.0,0.0,0.0,13758.334960938,77.0,5.0,30.0,0.0,528526.0,29006761.0,78.0,200.0,25.0,20.0,41.0,-1.0,0.0,1.0,0.0,0.0,2.521153846153846
156508.0,13758.836914062,static_H60,12260175.0,1226.0,175.0,60.0,1.0,149.0,180.0,1.0,182.0,152.0,4.0,0.0,0.0,13758.334960938,75.0,5.0,30.0,0.0,528592.0,29010501.0,78.0,200.0,25.0,19.0,40.0,-1.0,0.0,1.0,0.0,0.1284046695166241,7.276264605942032
156523.0,13759.340820312,static_H60,12260175.0,1226.0,175.0,60.0,1.0,148.0,182.0,1.0,182.0,152.0,4.0,0.0,0.0,13758.334960938,77.0,5.0,30.0,0.0,528706.0,29018083.0,78.0,200.0,25.0,20.0,41.0,-1.0,0.0,1.0,0.0,0.22093023255813954,14.693798449612403
156538.0,13759.842773438,static_H60,12260175.0,1226.0,175.0,60.0,1.0,109.0,110.0,1.0,182.0,152.0,4.0,0.0,0.0,13758.334960938,73.0,5.0,30.0,0.0,528790.0,29019267.0,79.0,200.0,25.0,20.0,42.0,-1.0,0.0,1.0,0.0,0.1634241241878976,2.3035019409341757
156554.0,13760.374023438,static_H60,12260175.0,1226.0,175.0,60.0,1.0,19.0,53.0,1.0,53.0,36.0,6.0,1.0,0.0,13760.374023438,69.0,5.0,30.0,0.0,528886.0,29020183.0,75.0,200.0,25.0,17.0,39.0,-1.0,0.0,1.0,0.0,0.17647058823529413,1.6838235294117647
156569.0,13760.875,static_H60,12260175.0,1226.0,175.0,60.0,1.0,19.0,53.0,1.0,53.0,36.0,6.0,1.0,0.0,13760.374023438,69.0,5.0,30.0,0.0,528964.0,29022192.0,75.0,200.0,25.0,17.0,39.0,-1.0,0.0,1.0,0.0,0.1520467837775488,3.9161793411422505
156585.0,13761.40625,static_H60,12260175.0,1226.0,175.0,60.0,1.0,19.0,53.0,1.0,53.0,36.0,6.0,1.0,0.0,13760.374023438,67.0,5.0,30.0,0.0,529033.0,29023475.0,79.0,200.0,25.0,15.0,37.0,-1.0,0.0,1.0,0.0,0.12683823529411764,2.358455882352941
156601.0,13761.939453125,static_H60,12260175.0,1226.0,175.0,60.0,1.0,19.0,52.0,1.0,53.0,36.0,6.0,1.0,0.0,13760.374023438,68.0,5.0,30.0,0.0,529081.0,29025304.0,75.0,200.0,25.0,16.0,37.0,-1.0,0.0,1.0,0.0,0.08791208791208792,3.34981684981685
156616.0,13762.439453125,static_H60,12260175.0,1226.0,175.0,60.0,1.0,20.0,53.0,1.0,53.0,31.0,10.0,1.0,0.0,13762.439453125,68.0,5.0,30.0,0.0,529081.0,29025622.0,75.0,200.0,25.0,16.0,37.0,-1.0,0.0,1.0,0.0,0.0,0.62109375
156632.0,13762.97265625,static_H60,12260175.0,1226.0,175.0,60.0,1.0,19.0,52.0,1.0,53.0,31.0,10.0,1.0,0.0,13762.439453125,66.0,5.0,30.0,0.0,529120.0,29026112.0,74.0,200.0,25.0,14.0,35.0,-1.0,0.0,1.0,0.0,0.07142857142857142,0.8974358974358975
156647.0,13763.47265625,static_H60,12260175.0,1226.0,175.0,60.0,1.0,19.0,52.0,1.0,53.0,31.0,10.0,1.0,0.0,13762.439453125,66.0,5.0,30.0,0.0,529150.0,29027399.0,70.0,200.0,25.0,14.0,33.0,-1.0,0.0,1.0,0.0,0.05859375,2.513671875
156662.0,13763.978515625,static_H60,12260175.0,1226.0,175.0,60.0,1.0,19.0,53.0,1.0,53.0,31.0,10.0,1.0,0.0,13762.439453125,67.0,5.0,30.0,0.0,529228.0,29029049.0,67.0,200.0,24.0,16.0,34.0,-1.0,0.0,1.0,0.0,0.15057915057915058,3.1853281853281854
156677.0,13764.494140625,static_H60,12260175.0,1226.0,175.0,60.0,1.0,21.0,52.0,1.0,52.0,28.0,11.0,1.0,0.0,13764.494140625,72.0,5.0,30.0,0.0,530159.0,29031305.0,66.0,200.0,24.0,20.0,37.0,-1.0,0.0,1.0,0.0,1.7632575757575757,4.2727272727272725
156692.0,13765.01953125,static_H60,12260175.0,1226.0,175.0,60.0,1.0,35.0,67.0,1.0,52.0,28.0,11.0,1.0,0.0,13764.494140625,76.0,5.0,30.0,0.0,530216.0,29075786.0,66.0,200.0,24.0,20.0,37.0,-1.0,0.0,1.0,0.0,0.10594795539033457,82.67843866171003
156707.0,13765.51953125,static_H60,12260175.0,1226.0,175.0,60.0,1.0,55.0,101.0,1.0,52.0,28.0,11.0,1.0,0.0,13764.494140625,76.0,5.0,30.0,0.0,530273.0,29077121.0,65.0,200.0,24.0,20.0,37.0,-1.0,0.0,1.0,0.0,0.111328125,2.607421875
156723.0,13766.051757812,static_H60,12260175.0,1226.0,175.0,60.0,1.0,87.0,122.0,1.0,52.0,28.0,11.0,1.0,0.0,13764.494140625,77.0,5.0,30.0,0.0,530369.0,29078340.0,65.0,200.0,25.0,20.0,37.0,-1.0,0.0,1.0,0.0,0.1761467891563802,2.2366972498086195
156738.0,13766.551757812,static_H60,12260175.0,1226.0,175.0,60.0,1.0,109.0,156.0,1.0,158.0,125.0,7.0,0.0,0.0,13766.551757812,77.0,5.0,30.0,0.0,530474.0,29079549.0,65.0,200.0,25.0,20.0,37.0,-1.0,0.0,1.0,0.0,0.205078125,2.361328125
156753.0,13767.053710938,static_H60,12260175.0,1226.0,175.0,60.0,1.0,149.0,180.0,1.0,158.0,125.0,7.0,0.0,0.0,13766.551757812,75.0,5.0,30.0,0.0,530531.0,29081043.0,64.0,199.0,25.0,19.0,39.0,-1.0,0.0,1.0,0.0,0.11089494141321622,2.906614780199036
156769.0,13767.5859375,static_H60,12260175.0,1226.0,175.0,60.0,1.0,149.0,178.0,1.0,158.0,125.0,7.0,0.0,0.0,13766.551757812,73.0,5.0,30.0,0.0,530609.0,29082666.0,64.0,200.0,24.0,19.0,38.0,-1.0,0.0,1.0,0.0,0.14311926618955892,2.977981654175053
156784.0,13768.088867188,static_H60,12260175.0,1226.0,175.0,60.0,1.0,150.0,178.0,1.0,158.0,125.0,7.0,0.0,0.0,13766.551757812,76.0,5.0,30.0,0.0,530678.0,29083994.0,66.0,200.0,24.0,20.0,40.0,-1.0,0.0,1.0,0.0,0.13398058239101257,2.578640774134271
156800.0,13768.619140625,static_H60,12260175.0,1226.0,175.0,60.0,1.0,150.0,179.0,1.0,179.0,145.0,5.0,0.0,0.0,13768.619140625,76.0,5.0,30.0,0.0,530747.0,29085505.0,70.0,200.0,24.0,20.0,39.0,-1.0,0.0,1.0,0.0,0.12707182332429037,2.7826887687391704
156816.0,13769.149414062,static_H60,12260175.0,1226.0,175.0,60.0,1.0,149.0,180.0,1.0,179.0,145.0,5.0,0.0,0.0,13768.619140625,76.0,5.0,30.0,0.0,530777.0,29086530.0,66.0,200.0,24.0,20.0,41.0,-1.0,0.0,1.0,0.0,0.055248618836647986,1.8876611435854729
156832.0,13769.681640625,static_H60,12260175.0,1226.0,175.0,60.0,1.0,149.0,181.0,1.0,179.0,145.0,5.0,0.0,0.0,13768.619140625,76.0,5.0,30.0,0.0,530909.0,29087350.0,71.0,200.0,24.0,20.0,42.0,-1.0,0.0,1.0,0.0,0.24220183463474784,1.5045871545491911
156848.0,13770.217773438,static_H60,12260175.0,1226.0,175.0,60.0,1.0,148.0,180.0,1.0,179.0,145.0,5.0,0.0,0.0,13768.619140625,76.0,5.0,30.0,0.0,530948.0,29089852.0,75.0,200.0,24.0,20.0,41.0,-1.0,0.0,1.0,0.0,0.07103825129984018,4.5573770449282085
156864.0,13770.748046875,static_H60,12260175.0,1226.0,175.0,60.0,1.0,148.0,186.0,1.0,186.0,151.0,5.0,0.0,0.0,13770.748046875,76.0,5.0,30.0,0.0,530987.0,29091661.0,75.0,200.0,24.0,20.0,47.0,-1.0,0.0,1.0,0.0,0.07182320448764239,3.331491715849874
