unityFrame,realtime,phase,ms,armyCached,clientTotal,fighting,height,pingMs
155681,13731.159179688,static_H60,25.390623999555828,148.0,186.0,2.0,60.0,70.0
155682,13731.184570312,static_H60,33.20312600044417,148.0,186.0,2.0,60.0,70.0
155683,13731.217773438,static_H60,33.20312399955583,148.0,186.0,2.0,60.0,70.0
155684,13731.250976562,static_H60,33.20312600044417,148.0,186.0,2.0,60.0,70.0
155685,13731.284179688,static_H60,34.179686999777914,148.0,186.0,2.0,60.0,70.0
155686,13731.318359375,static_H60,32.226563000222086,148.0,186.0,2.0,60.0,70.0
155687,13731.350585938,static_H60,33.20312399955583,148.0,186.0,2.0,60.0,70.0
155688,13731.383789062,static_H60,33.20312600044417,148.0,186.0,2.0,60.0,70.0
155689,13731.416992188,static_H60,33.20312399955583,148.0,186.0,2.0,60.0,70.0
155690,13731.450195312,static_H60,35.15625,148.0,186.0,2.0,60.0,70.0
155691,13731.485351562,static_H60,33.20312600044417,148.0,186.0,2.0,60.0,70.0
155692,13731.518554688,static_H60,30.273436999777914,148.0,186.0,2.0,60.0,70.0
155693,13731.548828125,static_H60,35.15625,148.0,186.0,2.0,60.0,70.0
155694,13731.583984375,static_H60,34.179686999777914,148.0,186.0,2.0,60.0,70.0
155695,13731.618164062,static_H60,32.226563000222086,148.0,186.0,2.0,60.0,70.0
155696,13731.650390625,static_H60,33.203125,148.0,186.0,2.0,60.0,70.0
155697,13731.68359375,static_H60,32.226561999777914,148.0,186.0,2.0,60.0,75.0
155698,13731.715820312,static_H60,33.20312600044417,148.0,186.0,2.0,60.0,75.0
155699,13731.749023438,static_H60,36.132811999777914,148.0,186.0,2.0,60.0,75.0
155700,13731.78515625,static_H60,31.25,148.0,186.0,2.0,60.0,75.0
155701,13731.81640625,static_H60,34.179688000222086,148.0,186.0,2.0,60.0,75.0
155702,13731.850585938,static_H60,32.226561999777914,148.0,186.0,2.0,60.0,75.0
155703,13731.8828125,static_H60,33.203125,148.0,186.0,2.0,60.0,75.0
155704,13731.916015625,static_H60,33.203125,148.0,186.0,2.0,60.0,75.0
155705,13731.94921875,static_H60,36.132811999777914,148.0,186.0,2.0,60.0,75.0
155706,13731.985351562,static_H60,31.25,148.0,186.0,2.0,60.0,75.0
155707,13732.016601562,static_H60,34.179688000222086,148.0,186.0,2.0,60.0,75.0
155708,13732.05078125,static_H60,32.226561999777914,148.0,186.0,2.0,60.0,75.0
155709,13732.083007812,static_H60,33.20312600044417,148.0,186.0,2.0,60.0,75.0
155710,13732.116210938,static_H60,33.20312399955583,148.0,186.0,2.0,60.0,75.0
155711,13732.149414062,static_H60,33.20312600044417,148.0,186.0,2.0,60.0,75.0
155712,13732.182617188,static_H60,33.20312399955583,148.0,186.0,2.0,60.0,75.0
155713,13732.215820312,static_H60,35.15625,148.0,186.0,2.0,60.0,75.0
155714,13732.250976562,static_H60,31.25,148.0,186.0,2.0,60.0,75.0
155715,13732.282226562,static_H60,34.179688000222086,148.0,186.0,2.0,60.0,75.0
155716,13732.31640625,static_H60,32.226561999777914,148.0,186.0,2.0,60.0,75.0
155717,13732.348632812,static_H60,35.15625,148.0,186.0,2.0,60.0,75.0
155718,13732.383789062,static_H60,32.226563000222086,148.0,186.0,2.0,60.0,75.0
155719,13732.416015625,static_H60,34.179686999777914,148.0,186.0,2.0,60.0,75.0
155720,13732.450195312,static_H60,33.20312600044417,148.0,186.0,2.0,60.0,75.0
155721,13732.483398438,static_H60,33.20312399955583,148.0,186.0,2.0,60.0,75.0
155722,13732.516601562,static_H60,32.226563000222086,148.0,186.0,2.0,60.0,75.0
155723,13732.548828125,static_H60,34.179686999777914,148.0,186.0,2.0,60.0,75.0
155724,13732.583007812,static_H60,32.226563000222086,148.0,186.0,2.0,60.0,75.0
155725,13732.615234375,static_H60,34.179686999777914,148.0,186.0,2.0,60.0,75.0
155726,13732.649414062,static_H60,33.20312600044417,148.0,186.0,2.0,60.0,75.0
155727,13732.682617188,static_H60,33.20312399955583,148.0,186.0,2.0,60.0,75.0
155728,13732.715820312,static_H60,33.20312600044417,148.0,186.0,2.0,60.0,74.0
155729,13732.749023438,static_H60,35.15625,148.0,186.0,2.0,60.0,74.0
155730,13732.784179688,static_H60,31.25,148.0,186.0,2.0,60.0,74.0
155731,13732.815429688,static_H60,33.20312399955583,148.0,186.0,2.0,60.0,74.0
155732,13732.848632812,static_H60,34.179688000222086,148.0,186.0,2.0,60.0,74.0
155733,13732.8828125,static_H60,34.179688000222086,148.0,186.0,2.0,60.0,74.0
155734,13732.916992188,static_H60,32.226561999777914,148.0,186.0,2.0,60.0,74.0
155735,13732.94921875,static_H60,34.179688000222086,148.0,186.0,2.0,60.0,74.0
155736,13732.983398438,static_H60,31.25,148.0,186.0,2.0,60.0,74.0
155737,13733.014648438,static_H60,35.15625,148.0,186.0,2.0,60.0,74.0
155738,13733.049804688,static_H60,33.20312399955583,148.0,186.0,2.0,60.0,74.0
155739,13733.083007812,static_H60,32.226563000222086,148.0,186.0,2.0,60.0,74.0
155740,13733.115234375,static_H60,33.203125,148.0,186.0,2.0,60.0,74.0
155741,13733.1484375,static_H60,34.179688000222086,148.0,186.0,2.0,60.0,74.0
155742,13733.182617188,static_H60,32.226561999777914,148.0,186.0,2.0,60.0,74.0
155743,13733.21484375,static_H60,35.15625,148.0,186.0,2.0,60.0,74.0
155744,13733.25,static_H60,35.15625,149.0,187.0,2.0,60.0,74.0
155745,13733.28515625,static_H60,30.273438000222086,149.0,187.0,2.0,60.0,74.0
155746,13733.315429688,static_H60,32.226561999777914,149.0,187.0,2.0,60.0,74.0
155747,13733.34765625,static_H60,35.15625,149.0,187.0,2.0,60.0,74.0
155748,13733.3828125,static_H60,31.25,149.0,187.0,2.0,60.0,74.0
155749,13733.4140625,static_H60,35.15625,149.0,187.0,2.0,60.0,74.0
155750,13733.44921875,static_H60,32.226561999777914,149.0,187.0,2.0,60.0,74.0
155751,13733.481445312,static_H60,35.15625,149.0,187.0,2.0,60.0,74.0
155752,13733.516601562,static_H60,31.25,149.0,187.0,2.0,60.0,74.0
155753,13733.547851562,static_H60,36.132813000222086,149.0,187.0,2.0,60.0,74.0
155754,13733.583984375,static_H60,31.25,149.0,187.0,2.0,60.0,74.0
155755,13733.615234375,static_H60,33.203125,149.0,187.0,2.0,60.0,74.0
155756,13733.6484375,static_H60,34.179688000222086,149.0,187.0,2.0,60.0,74.0
155757,13733.682617188,static_H60,32.226561999777914,149.0,187.0,2.0,60.0,74.0
155758,13733.71484375,static_H60,34.179688000222086,149.0,187.0,2.0,60.0,74.0
155759,13733.749023438,static_H60,33.20312399955583,149.0,187.0,2.0,60.0,74.0
155760,13733.782226562,static_H60,32.226563000222086,149.0,187.0,2.0,60.0,74.0
155761,13733.814453125,static_H60,34.179686999777914,149.0,187.0,2.0,60.0,74.0
155762,13733.848632812,static_H60,32.226563000222086,149.0,187.0,2.0,60.0,74.0
155763,13733.880859375,static_H60,35.15625,149.0,187.0,2.0,60.0,74.0
155764,13733.916015625,static_H60,32.226563000222086,149.0,187.0,2.0,60.0,74.0
155765,13733.948242188,static_H60,34.179686999777914,149.0,187.0,2.0,60.0,74.0
155766,13733.982421875,static_H60,32.226563000222086,149.0,187.0,2.0,60.0,74.0
155767,13734.014648438,static_H60,35.15625,149.0,187.0,2.0,60.0,74.0
155768,13734.049804688,static_H60,30.273436999777914,149.0,187.0,2.0,60.0,74.0
155769,13734.080078125,static_H60,35.15625,149.0,187.0,2.0,60.0,74.0
155770,13734.115234375,static_H60,32.226563000222086,149.0,187.0,2.0,60.0,74.0
155771,13734.147460938,static_H60,34.179686999777914,149.0,187.0,2.0,60.0,74.0
155772,13734.181640625,static_H60,33.203125,149.0,187.0,2.0,60.0,74.0
155773,13734.21484375,static_H60,33.203125,149.0,187.0,2.0,60.0,74.0
155774,13734.248046875,static_H60,34.179686999777914,149.0,187.0,2.0,60.0,74.0
155775,13734.282226562,static_H60,41.992188000222086,149.0,187.0,2.0,60.0,74.0
155776,13734.32421875,static_H60,32.226561999777914,149.0,187.0,2.0,60.0,74.0
155777,13734.356445312,static_H60,34.179688000222086,149.0,187.0,2.0,60.0,74.0
155778,13734.390625,static_H60,32.226561999777914,149.0,187.0,2.0,60.0,74.0
155779,13734.422851562,static_H60,35.15625,149.0,187.0,2.0,60.0,74.0
155780,13734.458007812,static_H60,35.15625,149.0,187.0,2.0,60.0,74.0
155781,13734.493164062,static_H60,31.25,149.0,187.0,2.0,60.0,74.0
155782,13734.524414062,static_H60,31.25,149.0,187.0,2.0,60.0,74.0
155783,13734.555664062,static_H60,38.085938000222086,149.0,187.0,2.0,60.0,74.0
155784,13734.59375,static_H60,34.179688000222086,149.0,187.0,2.0,60.0,74.0
155785,13734.627929688,static_H60,31.25,149.0,187.0,2.0,60.0,74.0
155786,13734.659179688,static_H60,29.296873999555828,149.0,187.0,2.0,60.0,74.0
155787,13734.688476562,static_H60,34.179688000222086,149.0,187.0,2.0,60.0,74.0
155788,13734.72265625,static_H60,32.226561999777914,149.0,187.0,2.0,60.0,74.0
155789,13734.754882812,static_H60,36.132813000222086,149.0,187.0,2.0,60.0,74.0
155790,13734.791015625,static_H60,33.203125,148.0,187.0,2.0,60.0,74.0
155791,13734.82421875,static_H60,34.179688000222086,148.0,187.0,2.0,60.0,74.0
155792,13734.858398438,static_H60,30.273436999777914,148.0,187.0,2.0,60.0,74.0
155793,13734.888671875,static_H60,35.15625,148.0,187.0,2.0,60.0,74.0
155794,13734.923828125,static_H60,31.25,148.0,187.0,2.0,60.0,74.0
155795,13734.955078125,static_H60,33.203125,148.0,187.0,2.0,60.0,74.0
155796,13734.98828125,static_H60,34.179688000222086,148.0,187.0,2.0,60.0,74.0
155797,13735.022460938,static_H60,33.20312399955583,148.0,187.0,2.0,60.0,74.0
155798,13735.055664062,static_H60,33.20312600044417,148.0,187.0,2.0,60.0,74.0
155799,13735.088867188,static_H60,33.20312399955583,148.0,187.0,2.0,60.0,74.0
155800,13735.122070312,static_H60,34.179688000222086,148.0,187.0,2.0,60.0,74.0
155801,13735.15625,static_H60,34.179688000222086,148.0,187.0,2.0,60.0,74.0
155802,13735.190429688,static_H60,31.25,148.0,187.0,2.0,60.0,74.0
155803,13735.221679688,static_H60,34.179686999777914,148.0,187.0,2.0,60.0,74.0
155804,13735.255859375,static_H60,32.226563000222086,148.0,187.0,2.0,60.0,74.0
155805,13735.288085938,static_H60,40.039061999777914,148.0,187.0,2.0,60.0,74.0
155806,13735.328125,static_H60,35.15625,148.0,187.0,2.0,60.0,74.0
155807,13735.36328125,static_H60,34.179688000222086,148.0,187.0,2.0,60.0,74.0
155808,13735.397460938,static_H60,34.179686999777914,148.0,187.0,2.0,60.0,74.0
155809,13735.431640625,static_H60,32.226563000222086,148.0,187.0,2.0,60.0,74.0
155810,13735.463867188,static_H60,33.20312399955583,148.0,187.0,2.0,60.0,74.0
155811,13735.497070312,static_H60,33.20312600044417,148.0,187.0,2.0,60.0,74.0
155812,13735.530273438,static_H60,32.226561999777914,148.0,187.0,2.0,60.0,74.0
155813,13735.5625,static_H60,35.15625,148.0,187.0,2.0,60.0,74.0
155814,13735.59765625,static_H60,31.25,148.0,187.0,2.0,60.0,74.0
155815,13735.62890625,static_H60,35.15625,148.0,187.0,2.0,60.0,74.0
155816,13735.6640625,static_H60,32.226561999777914,148.0,187.0,2.0,60.0,74.0
155817,13735.696289062,static_H60,34.179688000222086,148.0,187.0,2.0,60.0,74.0
155818,13735.73046875,static_H60,32.226561999777914,148.0,187.0,2.0,60.0,74.0
155819,13735.762695312,static_H60,33.20312600044417,148.0,187.0,2.0,60.0,74.0
155820,13735.795898438,static_H60,33.20312399955583,148.0,187.0,2.0,60.0,74.0
155821,13735.829101562,static_H60,35.15625,148.0,187.0,2.0,60.0,79.0
155822,13735.864257812,static_H60,33.20312600044417,148.0,187.0,2.0,60.0,79.0
155823,13735.897460938,static_H60,32.226561999777914,148.0,187.0,2.0,60.0,79.0
155824,13735.9296875,static_H60,35.15625,148.0,187.0,2.0,60.0,79.0
155825,13735.96484375,static_H60,35.15625,148.0,187.0,2.0,60.0,79.0
155826,13736.0,static_H60,29.296875,148.0,187.0,2.0,60.0,79.0
155827,13736.029296875,static_H60,37.109375,148.0,187.0,2.0,60.0,79.0
155828,13736.06640625,static_H60,31.25,148.0,187.0,2.0,60.0,79.0
155829,13736.09765625,static_H60,32.226561999777914,148.0,187.0,2.0,60.0,79.0
155830,13736.129882812,static_H60,34.179688000222086,148.0,187.0,2.0,60.0,79.0
155831,13736.1640625,static_H60,33.203125,148.0,187.0,2.0,60.0,79.0
155832,13736.197265625,static_H60,32.226563000222086,148.0,187.0,2.0,60.0,79.0
155833,13736.229492188,static_H60,33.20312399955583,148.0,187.0,2.0,60.0,79.0
155834,13736.262695312,static_H60,33.20312600044417,148.0,187.0,2.0,60.0,79.0
155835,13736.295898438,static_H60,33.20312399955583,148.0,187.0,2.0,60.0,79.0
155836,13736.329101562,static_H60,33.20312600044417,148.0,187.0,2.0,60.0,79.0
155837,13736.362304688,static_H60,36.132811999777914,148.0,187.0,2.0,60.0,79.0
155838,13736.3984375,static_H60,30.273438000222086,148.0,187.0,2.0,60.0,79.0
155839,13736.428710938,static_H60,34.179686999777914,148.0,187.0,2.0,60.0,79.0
155840,13736.462890625,static_H60,33.203125,148.0,187.0,2.0,60.0,79.0
155841,13736.49609375,static_H60,33.203125,148.0,187.0,2.0,60.0,79.0
155842,13736.529296875,static_H60,35.15625,148.0,187.0,2.0,60.0,79.0
155843,13736.564453125,static_H60,31.25,148.0,187.0,2.0,60.0,79.0
155844,13736.595703125,static_H60,32.226563000222086,148.0,187.0,2.0,60.0,79.0
155845,13736.627929688,static_H60,35.15625,148.0,187.0,2.0,60.0,79.0
155846,13736.663085938,static_H60,33.20312399955583,148.0,187.0,2.0,60.0,79.0
155847,13736.696289062,static_H60,34.179688000222086,148.0,187.0,2.0,60.0,79.0
155848,13736.73046875,static_H60,31.25,148.0,187.0,2.0,60.0,79.0
155849,13736.76171875,static_H60,33.203125,148.0,187.0,2.0,60.0,79.0
155850,13736.794921875,static_H60,33.203125,148.0,187.0,2.0,60.0,79.0
155851,13736.828125,static_H60,34.179688000222086,148.0,187.0,2.0,60.0,79.0
155852,13736.862304688,static_H60,33.20312399955583,147.0,187.0,2.0,60.0,79.0
155853,13736.895507812,static_H60,35.15625,147.0,187.0,2.0,60.0,79.0
155854,13736.930664062,static_H60,32.226563000222086,147.0,187.0,2.0,60.0,79.0
155855,13736.962890625,static_H60,32.226563000222086,147.0,187.0,2.0,60.0,79.0
155856,13736.995117188,static_H60,33.20312399955583,147.0,187.0,2.0,60.0,79.0
155857,13737.028320312,static_H60,34.179688000222086,147.0,187.0,2.0,60.0,79.0
155858,13737.0625,static_H60,33.203125,147.0,187.0,2.0,60.0,79.0
155859,13737.095703125,static_H60,32.226563000222086,147.0,187.0,2.0,60.0,79.0
155860,13737.127929688,static_H60,34.179686999777914,147.0,187.0,2.0,60.0,79.0
155861,13737.162109375,static_H60,33.203125,147.0,187.0,2.0,60.0,79.0
155862,13737.1953125,static_H60,33.203125,147.0,187.0,2.0,60.0,79.0
155863,13737.228515625,static_H60,33.203125,147.0,187.0,2.0,60.0,79.0
155864,13737.26171875,static_H60,34.179688000222086,147.0,187.0,2.0,60.0,79.0
155865,13737.295898438,static_H60,32.226561999777914,147.0,187.0,2.0,60.0,79.0
155866,13737.328125,static_H60,33.203125,147.0,187.0,2.0,60.0,79.0
155867,13737.361328125,static_H60,37.109375,147.0,187.0,2.0,60.0,79.0
155868,13737.3984375,static_H60,30.273438000222086,147.0,189.0,1.0,60.0,79.0
155869,13737.428710938,static_H60,36.132811999777914,147.0,189.0,1.0,60.0,79.0
155870,13737.46484375,static_H60,30.273438000222086,147.0,189.0,1.0,60.0,79.0
155871,13737.495117188,static_H60,33.20312399955583,147.0,189.0,1.0,60.0,79.0
155872,13737.528320312,static_H60,33.20312600044417,147.0,189.0,1.0,60.0,79.0
155873,13737.561523438,static_H60,33.20312399955583,147.0,189.0,1.0,60.0,79.0
155874,13737.594726562,static_H60,33.20312600044417,147.0,189.0,1.0,60.0,79.0
155875,13737.627929688,static_H60,34.179686999777914,147.0,189.0,1.0,60.0,79.0
155876,13737.662109375,static_H60,33.203125,147.0,189.0,1.0,60.0,79.0
155877,13737.6953125,static_H60,33.203125,147.0,189.0,1.0,60.0,79.0
155878,13737.728515625,static_H60,35.15625,147.0,189.0,1.0,60.0,79.0
155879,13737.763671875,static_H60,31.25,147.0,189.0,1.0,60.0,79.0
155880,13737.794921875,static_H60,33.203125,147.0,189.0,1.0,60.0,79.0
155881,13737.828125,static_H60,33.203125,147.0,189.0,1.0,60.0,79.0
155882,13737.861328125,static_H60,33.203125,147.0,189.0,1.0,60.0,79.0
155883,13737.89453125,static_H60,35.15625,147.0,189.0,1.0,60.0,79.0
155884,13737.9296875,static_H60,31.25,146.0,189.0,1.0,60.0,79.0
155885,13737.9609375,static_H60,33.203125,146.0,189.0,1.0,60.0,79.0
155886,13737.994140625,static_H60,33.203125,146.0,189.0,1.0,60.0,79.0
155887,13738.02734375,static_H60,34.179688000222086,146.0,189.0,1.0,60.0,79.0
155888,13738.061523438,static_H60,32.226561999777914,146.0,189.0,1.0,60.0,79.0
155889,13738.09375,static_H60,35.15625,146.0,189.0,1.0,60.0,79.0
155890,13738.12890625,static_H60,32.226561999777914,146.0,189.0,1.0,60.0,79.0
155891,13738.161132812,static_H60,35.15625,146.0,189.0,1.0,60.0,79.0
155892,13738.196289062,static_H60,31.25,146.0,189.0,1.0,60.0,79.0
155893,13738.227539062,static_H60,34.179688000222086,146.0,189.0,1.0,60.0,79.0
155894,13738.26171875,static_H60,32.226561999777914,146.0,189.0,1.0,60.0,79.0
155895,13738.293945312,static_H60,33.20312600044417,146.0,189.0,1.0,60.0,79.0
155896,13738.327148438,static_H60,34.179686999777914,146.0,189.0,1.0,60.0,79.0
155897,13738.361328125,static_H60,33.203125,146.0,189.0,1.0,60.0,79.0
155898,13738.39453125,static_H60,33.203125,146.0,189.0,1.0,60.0,79.0
155899,13738.427734375,static_H60,35.15625,146.0,189.0,1.0,60.0,79.0
155900,13738.462890625,static_H60,32.226563000222086,147.0,189.0,1.0,60.0,79.0
155901,13738.495117188,static_H60,32.226561999777914,147.0,189.0,1.0,60.0,79.0
155902,13738.52734375,static_H60,34.179688000222086,147.0,189.0,1.0,60.0,79.0
155903,13738.561523438,static_H60,33.20312399955583,147.0,189.0,1.0,60.0,79.0
155904,13738.594726562,static_H60,33.20312600044417,147.0,189.0,1.0,60.0,79.0
155905,13738.627929688,static_H60,34.179686999777914,147.0,189.0,1.0,60.0,79.0
155906,13738.662109375,static_H60,32.226563000222086,147.0,189.0,1.0,60.0,79.0
155907,13738.694335938,static_H60,34.179686999777914,147.0,189.0,1.0,60.0,79.0
155908,13738.728515625,static_H60,32.226563000222086,147.0,189.0,1.0,60.0,79.0
155909,13738.760742188,static_H60,34.179686999777914,147.0,189.0,1.0,60.0,79.0
155910,13738.794921875,static_H60,32.226563000222086,147.0,189.0,1.0,60.0,79.0
155911,13738.827148438,static_H60,34.179686999777914,147.0,189.0,1.0,60.0,79.0
155912,13738.861328125,static_H60,32.226563000222086,147.0,189.0,1.0,60.0,79.0
155913,13738.893554688,static_H60,35.15625,147.0,189.0,1.0,60.0,79.0
155914,13738.928710938,static_H60,37.10937399955583,147.0,189.0,1.0,60.0,79.0
155915,13738.965820312,static_H60,41.01562600044417,147.0,189.0,1.0,60.0,79.0
155916,13739.006835938,static_H60,31.25,147.0,189.0,1.0,60.0,79.0
155917,13739.038085938,static_H60,31.25,147.0,189.0,1.0,60.0,79.0
155918,13739.069335938,static_H60,33.20312399955583,147.0,189.0,1.0,60.0,79.0
155919,13739.102539062,static_H60,33.20312600044417,147.0,189.0,1.0,60.0,79.0
155920,13739.135742188,static_H60,33.20312399955583,147.0,189.0,1.0,60.0,79.0
155921,13739.168945312,static_H60,33.20312600044417,147.0,189.0,1.0,60.0,79.0
155922,13739.202148438,static_H60,33.20312399955583,147.0,189.0,1.0,60.0,79.0
155923,13739.235351562,static_H60,33.20312600044417,147.0,189.0,1.0,60.0,79.0
155924,13739.268554688,static_H60,33.20312399955583,147.0,189.0,1.0,60.0,79.0
155925,13739.301757812,static_H60,34.179688000222086,147.0,189.0,1.0,60.0,79.0
155926,13739.3359375,static_H60,33.203125,147.0,189.0,1.0,60.0,79.0
155927,13739.369140625,static_H60,33.203125,147.0,189.0,1.0,60.0,79.0
155928,13739.40234375,static_H60,33.203125,147.0,189.0,1.0,60.0,79.0
155929,13739.435546875,static_H60,35.15625,147.0,189.0,1.0,60.0,79.0
155930,13739.470703125,static_H60,33.203125,147.0,185.0,1.0,60.0,75.0
155931,13739.50390625,static_H60,31.25,147.0,185.0,1.0,60.0,75.0
155932,13739.53515625,static_H60,33.203125,147.0,185.0,1.0,60.0,75.0
155933,13739.568359375,static_H60,34.179686999777914,147.0,185.0,1.0,60.0,75.0
155934,13739.602539062,static_H60,34.179688000222086,147.0,185.0,1.0,60.0,75.0
155935,13739.63671875,static_H60,31.25,147.0,185.0,1.0,60.0,75.0
155936,13739.66796875,static_H60,36.132811999777914,147.0,185.0,1.0,60.0,75.0
155937,13739.704101562,static_H60,34.179688000222086,147.0,185.0,1.0,60.0,75.0
155938,13739.73828125,static_H60,29.296875,147.0,185.0,1.0,60.0,75.0
155939,13739.767578125,static_H60,34.179686999777914,147.0,185.0,1.0,60.0,75.0
155940,13739.801757812,static_H60,32.226563000222086,147.0,185.0,1.0,60.0,75.0
155941,13739.833984375,static_H60,34.179686999777914,147.0,185.0,1.0,60.0,75.0
155942,13739.868164062,static_H60,34.179688000222086,147.0,185.0,1.0,60.0,75.0
155943,13739.90234375,static_H60,33.203125,147.0,185.0,1.0,60.0,75.0
155944,13739.935546875,static_H60,33.203125,147.0,185.0,1.0,60.0,75.0
155945,13739.96875,static_H60,36.132811999777914,147.0,185.0,1.0,60.0,75.0
155946,13740.004882812,static_H60,33.20312600044417,148.0,185.0,1.0,60.0,75.0
155947,13740.038085938,static_H60,32.226561999777914,148.0,185.0,1.0,60.0,75.0
155948,13740.0703125,static_H60,30.273438000222086,148.0,185.0,1.0,60.0,75.0
155949,13740.100585938,static_H60,35.15625,148.0,185.0,1.0,60.0,75.0
155950,13740.135742188,static_H60,32.226561999777914,148.0,185.0,1.0,60.0,75.0
155951,13740.16796875,static_H60,33.203125,148.0,185.0,1.0,60.0,75.0
155952,13740.201171875,static_H60,33.203125,148.0,185.0,1.0,60.0,75.0
155953,13740.234375,static_H60,34.179688000222086,148.0,185.0,1.0,60.0,75.0
155954,13740.268554688,static_H60,32.226561999777914,148.0,185.0,1.0,60.0,75.0
155955,13740.30078125,static_H60,34.179688000222086,148.0,185.0,1.0,60.0,75.0
155956,13740.334960938,static_H60,33.20312399955583,148.0,185.0,1.0,60.0,75.0
155957,13740.368164062,static_H60,33.20312600044417,148.0,185.0,1.0,60.0,75.0
155958,13740.401367188,static_H60,33.20312399955583,148.0,185.0,1.0,60.0,75.0
155959,13740.434570312,static_H60,36.132813000222086,148.0,185.0,1.0,60.0,75.0
155960,13740.470703125,static_H60,31.25,148.0,185.0,1.0,60.0,75.0
155961,13740.501953125,static_H60,33.203125,148.0,185.0,1.0,60.0,75.0
155962,13740.53515625,static_H60,32.226561999777914,147.0,185.0,1.0,60.0,75.0
155963,13740.567382812,static_H60,33.20312600044417,147.0,185.0,1.0,60.0,75.0
155964,13740.600585938,static_H60,34.179686999777914,147.0,185.0,1.0,60.0,75.0
155965,13740.634765625,static_H60,33.203125,147.0,185.0,1.0,60.0,75.0
155966,13740.66796875,static_H60,35.15625,147.0,185.0,1.0,60.0,75.0
155967,13740.703125,static_H60,32.226561999777914,147.0,185.0,1.0,60.0,75.0
155968,13740.735351562,static_H60,32.226563000222086,147.0,185.0,1.0,60.0,75.0
155969,13740.767578125,static_H60,33.203125,147.0,185.0,1.0,60.0,75.0
155970,13740.80078125,static_H60,33.203125,147.0,185.0,1.0,60.0,75.0
155971,13740.833984375,static_H60,35.15625,147.0,185.0,1.0,60.0,75.0
155972,13740.869140625,static_H60,30.273436999777914,147.0,185.0,1.0,60.0,75.0
155973,13740.899414062,static_H60,35.15625,147.0,185.0,1.0,60.0,75.0
155974,13740.934570312,static_H60,33.20312600044417,147.0,185.0,1.0,60.0,75.0
155975,13740.967773438,static_H60,32.226561999777914,147.0,185.0,1.0,60.0,75.0
155976,13741.0,static_H60,34.179688000222086,147.0,185.0,1.0,60.0,75.0
155977,13741.034179688,static_H60,33.20312399955583,147.0,185.0,1.0,60.0,75.0
155978,13741.067382812,static_H60,33.20312600044417,147.0,185.0,1.0,60.0,79.0
155979,13741.100585938,static_H60,33.20312399955583,147.0,185.0,1.0,60.0,79.0
155980,13741.133789062,static_H60,33.20312600044417,147.0,185.0,1.0,60.0,79.0
155981,13741.166992188,static_H60,33.20312399955583,147.0,185.0,1.0,60.0,79.0
155982,13741.200195312,static_H60,33.20312600044417,147.0,185.0,1.0,60.0,79.0
155983,13741.233398438,static_H60,34.179686999777914,147.0,185.0,1.0,60.0,79.0
155984,13741.267578125,static_H60,33.203125,147.0,185.0,1.0,60.0,79.0
155985,13741.30078125,static_H60,33.203125,147.0,185.0,1.0,60.0,79.0
155986,13741.333984375,static_H60,33.203125,147.0,185.0,1.0,60.0,79.0
155987,13741.3671875,static_H60,33.203125,147.0,185.0,1.0,60.0,79.0
155988,13741.400390625,static_H60,34.179686999777914,147.0,185.0,1.0,60.0,79.0
155989,13741.434570312,static_H60,32.226563000222086,147.0,185.0,1.0,60.0,79.0
155990,13741.466796875,static_H60,35.15625,147.0,185.0,1.0,60.0,79.0
155991,13741.501953125,static_H60,31.25,147.0,185.0,1.0,60.0,79.0
155992,13741.533203125,static_H60,33.203125,147.0,185.0,1.0,60.0,79.0
155993,13741.56640625,static_H60,35.15625,147.0,185.0,1.0,60.0,79.0
155994,13741.6015625,static_H60,31.25,148.0,186.0,1.0,60.0,79.0
155995,13741.6328125,static_H60,33.203125,148.0,186.0,1.0,60.0,79.0
155996,13741.666015625,static_H60,34.179686999777914,148.0,186.0,1.0,60.0,79.0
155997,13741.700195312,static_H60,32.226563000222086,148.0,186.0,1.0,60.0,79.0
155998,13741.732421875,static_H60,34.179686999777914,148.0,186.0,1.0,60.0,79.0
155999,13741.766601562,static_H60,33.20312600044417,148.0,186.0,1.0,60.0,79.0
156000,13741.799804688,static_H60,32.226561999777914,148.0,186.0,1.0,60.0,79.0
156001,13741.83203125,static_H60,34.179688000222086,148.0,186.0,1.0,60.0,79.0
156002,13741.866210938,static_H60,33.20312399955583,148.0,186.0,1.0,60.0,79.0
156003,13741.899414062,static_H60,33.20312600044417,148.0,186.0,1.0,60.0,79.0
156004,13741.932617188,static_H60,34.179686999777914,148.0,186.0,1.0,60.0,79.0
156005,13741.966796875,static_H60,33.203125,148.0,186.0,1.0,60.0,79.0
156006,13742.0,static_H60,32.226561999777914,148.0,186.0,1.0,60.0,79.0
156007,13742.032226562,static_H60,34.179688000222086,148.0,186.0,1.0,60.0,79.0
156008,13742.06640625,static_H60,32.226561999777914,148.0,186.0,1.0,60.0,79.0
156009,13742.098632812,static_H60,34.179688000222086,148.0,186.0,1.0,60.0,79.0
156010,13742.1328125,static_H60,32.226561999777914,148.0,186.0,1.0,60.0,79.0
156011,13742.165039062,static_H60,35.15625,148.0,186.0,1.0,60.0,79.0
156012,13742.200195312,static_H60,33.20312600044417,148.0,186.0,1.0,60.0,79.0
156013,13742.233398438,static_H60,32.226561999777914,148.0,186.0,1.0,60.0,79.0
156014,13742.265625,static_H60,33.203125,148.0,186.0,1.0,60.0,79.0
156015,13742.298828125,static_H60,33.203125,148.0,186.0,1.0,60.0,79.0
156016,13742.33203125,static_H60,33.203125,148.0,186.0,1.0,60.0,79.0
156017,13742.365234375,static_H60,34.179686999777914,148.0,186.0,1.0,60.0,79.0
156018,13742.399414062,static_H60,34.179688000222086,148.0,186.0,1.0,60.0,79.0
156019,13742.43359375,static_H60,32.226561999777914,148.0,186.0,1.0,60.0,79.0
156020,13742.465820312,static_H60,33.20312600044417,148.0,186.0,1.0,60.0,79.0
156021,13742.499023438,static_H60,34.179686999777914,148.0,186.0,1.0,60.0,79.0
156022,13742.533203125,static_H60,32.226563000222086,148.0,186.0,1.0,60.0,79.0
156023,13742.565429688,static_H60,34.179686999777914,148.0,186.0,1.0,60.0,79.0
156024,13742.599609375,static_H60,32.226563000222086,148.0,186.0,1.0,60.0,79.0
156025,13742.631835938,static_H60,34.179686999777914,148.0,186.0,1.0,60.0,79.0
156026,13742.666015625,static_H60,33.203125,149.0,186.0,1.0,60.0,79.0
156027,13742.69921875,static_H60,33.203125,149.0,186.0,1.0,60.0,79.0
156028,13742.732421875,static_H60,32.226563000222086,149.0,186.0,1.0,60.0,79.0
156029,13742.764648438,static_H60,35.15625,149.0,186.0,1.0,60.0,79.0
156030,13742.799804688,static_H60,31.25,149.0,186.0,1.0,60.0,79.0
156031,13742.831054688,static_H60,34.179686999777914,149.0,186.0,1.0,60.0,79.0
156032,13742.865234375,static_H60,33.203125,149.0,186.0,1.0,60.0,79.0
156033,13742.8984375,static_H60,33.203125,149.0,186.0,1.0,60.0,79.0
156034,13742.931640625,static_H60,34.179686999777914,149.0,186.0,1.0,60.0,79.0
156035,13742.965820312,static_H60,33.20312600044417,149.0,186.0,1.0,60.0,79.0
156036,13742.999023438,static_H60,35.15625,149.0,186.0,1.0,60.0,79.0
156037,13743.034179688,static_H60,32.226561999777914,149.0,186.0,1.0,60.0,79.0
156038,13743.06640625,static_H60,32.226561999777914,149.0,186.0,1.0,60.0,79.0
156039,13743.098632812,static_H60,33.20312600044417,149.0,186.0,1.0,60.0,79.0
156040,13743.131835938,static_H60,32.226561999777914,149.0,186.0,1.0,60.0,79.0
156041,13743.1640625,static_H60,35.15625,149.0,186.0,1.0,60.0,79.0
156042,13743.19921875,static_H60,33.203125,150.0,186.0,1.0,60.0,79.0
156043,13743.232421875,static_H60,32.226563000222086,150.0,186.0,1.0,60.0,79.0
156044,13743.264648438,static_H60,34.179686999777914,150.0,186.0,1.0,60.0,79.0
156045,13743.298828125,static_H60,31.25,150.0,186.0,1.0,60.0,79.0
156046,13743.330078125,static_H60,34.179686999777914,150.0,186.0,1.0,60.0,79.0
156047,13743.364257812,static_H60,35.15625,150.0,186.0,1.0,60.0,79.0
156048,13743.399414062,static_H60,32.226563000222086,150.0,186.0,1.0,60.0,79.0
156049,13743.431640625,static_H60,34.179686999777914,150.0,186.0,1.0,60.0,79.0
156050,13743.465820312,static_H60,32.226563000222086,150.0,186.0,1.0,60.0,79.0
156051,13743.498046875,static_H60,35.15625,150.0,186.0,1.0,60.0,79.0
156052,13743.533203125,static_H60,30.273436999777914,150.0,186.0,1.0,60.0,79.0
156053,13743.563476562,static_H60,37.10937600044417,150.0,186.0,1.0,60.0,79.0
156054,13743.600585938,static_H60,31.25,150.0,186.0,1.0,60.0,79.0
156055,13743.631835938,static_H60,33.20312399955583,150.0,186.0,1.0,60.0,79.0
156056,13743.665039062,static_H60,33.20312600044417,150.0,186.0,1.0,60.0,79.0
156057,13743.698242188,static_H60,35.15625,150.0,186.0,1.0,60.0,79.0
156058,13743.733398438,static_H60,31.25,150.0,186.0,3.0,60.0,83.0
156059,13743.764648438,static_H60,35.15625,150.0,186.0,3.0,60.0,83.0
156060,13743.799804688,static_H60,34.179686999777914,150.0,186.0,3.0,60.0,83.0
156061,13743.833984375,static_H60,31.25,150.0,186.0,3.0,60.0,83.0
156062,13743.865234375,static_H60,31.25,150.0,186.0,3.0,60.0,83.0
156063,13743.896484375,static_H60,35.15625,150.0,186.0,3.0,60.0,83.0
156064,13743.931640625,static_H60,32.226563000222086,150.0,186.0,3.0,60.0,83.0
156065,13743.963867188,static_H60,36.132811999777914,150.0,186.0,3.0,60.0,83.0
156066,13744.0,static_H60,33.203125,150.0,186.0,3.0,60.0,83.0
156067,13744.033203125,static_H60,31.25,150.0,186.0,3.0,60.0,83.0
156068,13744.064453125,static_H60,38.085936999777914,150.0,186.0,3.0,60.0,83.0
156069,13744.102539062,static_H60,31.25,150.0,186.0,3.0,60.0,83.0
156070,13744.133789062,static_H60,30.273438000222086,150.0,186.0,3.0,60.0,83.0
156071,13744.1640625,static_H60,34.179688000222086,150.0,186.0,3.0,60.0,83.0
156072,13744.198242188,static_H60,32.226561999777914,150.0,186.0,3.0,60.0,83.0
156073,13744.23046875,static_H60,35.15625,150.0,186.0,3.0,60.0,83.0
156074,13744.265625,static_H60,32.226561999777914,149.0,186.0,3.0,60.0,83.0
156075,13744.297851562,static_H60,33.20312600044417,149.0,186.0,3.0,60.0,83.0
156076,13744.331054688,static_H60,33.20312399955583,149.0,186.0,3.0,60.0,83.0
156077,13744.364257812,static_H60,35.15625,149.0,186.0,3.0,60.0,83.0
156078,13744.399414062,static_H60,32.226563000222086,149.0,186.0,3.0,60.0,83.0
156079,13744.431640625,static_H60,33.203125,149.0,186.0,3.0,60.0,83.0
156080,13744.46484375,static_H60,32.226561999777914,149.0,186.0,3.0,60.0,83.0
156081,13744.497070312,static_H60,34.179688000222086,149.0,186.0,3.0,60.0,83.0
156082,13744.53125,static_H60,33.203125,149.0,186.0,3.0,60.0,83.0
156083,13744.564453125,static_H60,33.203125,149.0,186.0,3.0,60.0,83.0
156084,13744.59765625,static_H60,33.203125,149.0,186.0,3.0,60.0,83.0
156085,13744.630859375,static_H60,34.179686999777914,149.0,186.0,3.0,60.0,83.0
156086,13744.665039062,static_H60,31.25,149.0,186.0,3.0,60.0,83.0
156087,13744.696289062,static_H60,38.085938000222086,149.0,186.0,3.0,60.0,83.0
156088,13744.734375,static_H60,29.296875,149.0,186.0,3.0,60.0,83.0
156089,13744.763671875,static_H60,35.15625,149.0,186.0,3.0,60.0,83.0
156090,13744.798828125,static_H60,30.273436999777914,150.0,186.0,3.0,60.0,87.0
156091,13744.829101562,static_H60,37.10937600044417,150.0,186.0,3.0,60.0,87.0
156092,13744.866210938,static_H60,34.179686999777914,150.0,186.0,3.0,60.0,87.0
156093,13744.900390625,static_H60,29.296875,150.0,186.0,3.0,60.0,87.0
156094,13744.9296875,static_H60,33.203125,150.0,186.0,3.0,60.0,87.0
156095,13744.962890625,static_H60,36.132813000222086,150.0,186.0,3.0,60.0,87.0
156096,13744.999023438,static_H60,30.273436999777914,150.0,186.0,3.0,60.0,87.0
156097,13745.029296875,static_H60,35.15625,150.0,186.0,3.0,60.0,87.0
156098,13745.064453125,static_H60,32.226563000222086,150.0,186.0,3.0,60.0,87.0
156099,13745.096679688,static_H60,34.179686999777914,150.0,186.0,3.0,60.0,87.0
156100,13745.130859375,static_H60,32.226563000222086,150.0,186.0,3.0,60.0,87.0
156101,13745.163085938,static_H60,34.179686999777914,150.0,186.0,3.0,60.0,87.0
156102,13745.197265625,static_H60,32.226563000222086,150.0,186.0,3.0,60.0,87.0
156103,13745.229492188,static_H60,44.92187399955583,150.0,186.0,3.0,60.0,87.0
156104,13745.274414062,static_H60,35.15625,150.0,186.0,3.0,60.0,87.0
156105,13745.309570312,static_H60,33.20312600044417,150.0,186.0,3.0,60.0,87.0
156106,13745.342773438,static_H60,32.226561999777914,150.0,186.0,3.0,60.0,87.0
156107,13745.375,static_H60,32.226561999777914,150.0,186.0,3.0,60.0,87.0
156108,13745.407226562,static_H60,37.10937600044417,150.0,186.0,3.0,60.0,87.0
156109,13745.444335938,static_H60,30.273436999777914,150.0,186.0,3.0,60.0,87.0
156110,13745.474609375,static_H60,33.203125,150.0,186.0,3.0,60.0,87.0
156111,13745.5078125,static_H60,33.203125,150.0,186.0,3.0,60.0,87.0
156112,13745.541015625,static_H60,33.203125,150.0,186.0,3.0,60.0,87.0
156113,13745.57421875,static_H60,31.25,150.0,186.0,3.0,60.0,87.0
156114,13745.60546875,static_H60,37.109375,150.0,186.0,3.0,60.0,87.0
156115,13745.642578125,static_H60,44.921875,150.0,186.0,3.0,60.0,87.0
156116,13745.6875,static_H60,24.414061999777914,150.0,186.0,3.0,60.0,87.0
156117,13745.711914062,static_H60,34.179688000222086,150.0,186.0,3.0,60.0,87.0
156118,13745.74609375,static_H60,32.226561999777914,150.0,186.0,3.0,60.0,87.0
156119,13745.778320312,static_H60,36.132813000222086,150.0,186.0,3.0,60.0,87.0
156120,13745.814453125,static_H60,31.25,150.0,187.0,5.0,60.0,86.0
156121,13745.845703125,static_H60,34.179686999777914,150.0,187.0,5.0,60.0,86.0
156122,13745.879882812,static_H60,32.226563000222086,150.0,187.0,5.0,60.0,86.0
156123,13745.912109375,static_H60,34.179686999777914,150.0,187.0,5.0,60.0,86.0
156124,13745.946289062,static_H60,33.20312600044417,150.0,187.0,5.0,60.0,86.0
156125,13745.979492188,static_H60,32.226561999777914,150.0,187.0,5.0,60.0,86.0
156126,13746.01171875,static_H60,33.203125,150.0,187.0,5.0,60.0,86.0
156127,13746.044921875,static_H60,34.179686999777914,150.0,187.0,5.0,60.0,86.0
156128,13746.079101562,static_H60,33.20312600044417,150.0,187.0,5.0,60.0,86.0
156129,13746.112304688,static_H60,34.179686999777914,150.0,187.0,5.0,60.0,86.0
156130,13746.146484375,static_H60,32.226563000222086,150.0,187.0,5.0,60.0,86.0
156131,13746.178710938,static_H60,34.179686999777914,150.0,187.0,5.0,60.0,86.0
156132,13746.212890625,static_H60,33.203125,150.0,187.0,5.0,60.0,86.0
156133,13746.24609375,static_H60,32.226561999777914,150.0,187.0,5.0,60.0,86.0
156134,13746.278320312,static_H60,33.20312600044417,150.0,187.0,5.0,60.0,86.0
156135,13746.311523438,static_H60,36.132811999777914,150.0,187.0,5.0,60.0,86.0
156136,13746.34765625,static_H60,30.273438000222086,149.0,187.0,5.0,60.0,82.0
156137,13746.377929688,static_H60,33.20312399955583,149.0,187.0,5.0,60.0,82.0
156138,13746.411132812,static_H60,34.179688000222086,149.0,187.0,5.0,60.0,82.0
156139,13746.4453125,static_H60,34.179688000222086,149.0,187.0,5.0,60.0,82.0
156140,13746.479492188,static_H60,33.20312399955583,149.0,187.0,5.0,60.0,82.0
156141,13746.512695312,static_H60,32.226563000222086,149.0,187.0,5.0,60.0,82.0
156142,13746.544921875,static_H60,34.179686999777914,149.0,187.0,5.0,60.0,82.0
156143,13746.579101562,static_H60,33.20312600044417,149.0,187.0,5.0,60.0,82.0
156144,13746.612304688,static_H60,33.20312399955583,149.0,187.0,5.0,60.0,82.0
156145,13746.645507812,static_H60,36.132813000222086,149.0,187.0,5.0,60.0,82.0
156146,13746.681640625,static_H60,30.273436999777914,149.0,187.0,5.0,60.0,82.0
156147,13746.711914062,static_H60,33.20312600044417,149.0,187.0,5.0,60.0,82.0
156148,13746.745117188,static_H60,33.20312399955583,149.0,187.0,5.0,60.0,82.0
156149,13746.778320312,static_H60,33.20312600044417,149.0,187.0,5.0,60.0,82.0
156150,13746.811523438,static_H60,33.20312399955583,149.0,187.0,5.0,60.0,82.0
156151,13746.844726562,static_H60,34.179688000222086,149.0,187.0,5.0,60.0,82.0
156152,13746.87890625,static_H60,31.25,134.0,187.0,5.0,60.0,82.0
156153,13746.91015625,static_H60,34.179688000222086,134.0,187.0,5.0,60.0,82.0
156154,13746.944335938,static_H60,34.179686999777914,134.0,187.0,5.0,60.0,82.0
156155,13746.978515625,static_H60,33.203125,134.0,187.0,5.0,60.0,82.0
156156,13747.01171875,static_H60,33.203125,134.0,187.0,5.0,60.0,82.0
156157,13747.044921875,static_H60,33.203125,134.0,187.0,5.0,60.0,82.0
156158,13747.078125,static_H60,33.203125,134.0,187.0,5.0,60.0,82.0
156159,13747.111328125,static_H60,33.203125,134.0,187.0,5.0,60.0,82.0
156160,13747.14453125,static_H60,32.226561999777914,134.0,187.0,5.0,60.0,82.0
156161,13747.176757812,static_H60,35.15625,134.0,187.0,5.0,60.0,82.0
156162,13747.211914062,static_H60,32.226563000222086,134.0,187.0,5.0,60.0,82.0
156163,13747.244140625,static_H60,34.179686999777914,134.0,187.0,5.0,60.0,82.0
156164,13747.278320312,static_H60,32.226563000222086,134.0,187.0,5.0,60.0,82.0
156165,13747.310546875,static_H60,34.179686999777914,134.0,187.0,5.0,60.0,82.0
156166,13747.344726562,static_H60,32.226563000222086,134.0,187.0,5.0,60.0,82.0
156167,13747.376953125,static_H60,35.15625,134.0,187.0,5.0,60.0,82.0
156168,13747.412109375,static_H60,31.25,93.0,187.0,5.0,60.0,82.0
156169,13747.443359375,static_H60,35.15625,93.0,187.0,5.0,60.0,82.0
156170,13747.478515625,static_H60,32.226563000222086,93.0,187.0,5.0,60.0,82.0
156171,13747.510742188,static_H60,33.20312399955583,93.0,187.0,5.0,60.0,82.0
156172,13747.543945312,static_H60,33.20312600044417,93.0,187.0,5.0,60.0,82.0
156173,13747.577148438,static_H60,34.179686999777914,93.0,187.0,5.0,60.0,82.0
156174,13747.611328125,static_H60,32.226563000222086,93.0,187.0,5.0,60.0,82.0
156175,13747.643554688,static_H60,33.20312399955583,93.0,187.0,5.0,60.0,82.0
156176,13747.676757812,static_H60,34.179688000222086,93.0,187.0,5.0,60.0,82.0
156177,13747.7109375,static_H60,33.203125,93.0,187.0,5.0,60.0,82.0
156178,13747.744140625,static_H60,33.203125,93.0,187.0,5.0,60.0,82.0
156179,13747.77734375,static_H60,33.203125,93.0,187.0,5.0,60.0,82.0
156180,13747.810546875,static_H60,34.179686999777914,93.0,187.0,5.0,60.0,82.0
156181,13747.844726562,static_H60,33.20312600044417,93.0,187.0,5.0,60.0,82.0
156182,13747.877929688,static_H60,32.226561999777914,93.0,187.0,5.0,60.0,82.0
156183,13747.91015625,static_H60,37.109375,93.0,187.0,5.0,60.0,82.0
156184,13747.947265625,static_H60,31.25,22.0,59.0,8.0,60.0,82.0
156185,13747.978515625,static_H60,34.179686999777914,22.0,59.0,8.0,60.0,82.0
156186,13748.012695312,static_H60,30.273438000222086,22.0,59.0,8.0,60.0,82.0
156187,13748.04296875,static_H60,39.0625,22.0,59.0,8.0,60.0,82.0
156188,13748.08203125,static_H60,38.085938000222086,22.0,59.0,8.0,60.0,82.0
156189,13748.120117188,static_H60,33.20312399955583,22.0,59.0,8.0,60.0,82.0
156190,13748.153320312,static_H60,35.15625,22.0,59.0,8.0,60.0,82.0
156191,13748.188476562,static_H60,30.273438000222086,22.0,59.0,8.0,60.0,82.0
156192,13748.21875,static_H60,34.179688000222086,22.0,59.0,8.0,60.0,82.0
156193,13748.252929688,static_H60,31.25,22.0,59.0,8.0,60.0,82.0
156194,13748.284179688,static_H60,34.179686999777914,22.0,59.0,8.0,60.0,82.0
156195,13748.318359375,static_H60,35.15625,22.0,59.0,8.0,60.0,82.0
156196,13748.353515625,static_H60,34.179686999777914,22.0,59.0,8.0,60.0,82.0
156197,13748.387695312,static_H60,34.179688000222086,22.0,59.0,8.0,60.0,82.0
156198,13748.421875,static_H60,30.273438000222086,22.0,59.0,8.0,60.0,82.0
156199,13748.452148438,static_H60,33.20312399955583,22.0,59.0,8.0,60.0,86.0
156200,13748.485351562,static_H60,32.226563000222086,22.0,59.0,8.0,60.0,86.0
156201,13748.517578125,static_H60,34.179686999777914,22.0,59.0,8.0,60.0,86.0
156202,13748.551757812,static_H60,36.132813000222086,22.0,59.0,8.0,60.0,86.0
156203,13748.587890625,static_H60,31.25,22.0,59.0,8.0,60.0,86.0
156204,13748.619140625,static_H60,34.179686999777914,22.0,59.0,8.0,60.0,86.0
156205,13748.653320312,static_H60,34.179688000222086,22.0,59.0,8.0,60.0,86.0
156206,13748.6875,static_H60,30.273438000222086,22.0,59.0,8.0,60.0,86.0
156207,13748.717773438,static_H60,34.179686999777914,22.0,59.0,8.0,60.0,86.0
156208,13748.751953125,static_H60,32.226563000222086,22.0,59.0,8.0,60.0,86.0
156209,13748.784179688,static_H60,34.179686999777914,22.0,59.0,8.0,60.0,86.0
156210,13748.818359375,static_H60,32.226563000222086,22.0,59.0,8.0,60.0,86.0
156211,13748.850585938,static_H60,36.132811999777914,22.0,59.0,8.0,60.0,86.0
156212,13748.88671875,static_H60,32.226561999777914,22.0,59.0,8.0,60.0,86.0
156213,13748.918945312,static_H60,33.20312600044417,22.0,59.0,8.0,60.0,86.0
156214,13748.952148438,static_H60,31.25,23.0,59.0,8.0,60.0,82.0
156215,13748.983398438,static_H60,35.15625,23.0,59.0,8.0,60.0,82.0
156216,13749.018554688,static_H60,35.15625,23.0,59.0,8.0,60.0,82.0
156217,13749.053710938,static_H60,34.179686999777914,23.0,59.0,8.0,60.0,82.0
156218,13749.087890625,static_H60,36.132813000222086,23.0,59.0,8.0,60.0,82.0
156219,13749.124023438,static_H60,26.367186999777914,23.0,59.0,8.0,60.0,82.0
156220,13749.150390625,static_H60,35.15625,23.0,59.0,8.0,60.0,82.0
156221,13749.185546875,static_H60,36.132813000222086,23.0,59.0,8.0,60.0,82.0
156222,13749.221679688,static_H60,28.320311999777914,23.0,59.0,8.0,60.0,82.0
156223,13749.25,static_H60,34.179688000222086,23.0,59.0,8.0,60.0,82.0
156224,13749.284179688,static_H60,33.20312399955583,23.0,59.0,8.0,60.0,82.0
156225,13749.317382812,static_H60,34.179688000222086,23.0,59.0,8.0,60.0,82.0
156226,13749.3515625,static_H60,32.226561999777914,23.0,59.0,8.0,60.0,82.0
156227,13749.383789062,static_H60,39.0625,23.0,59.0,8.0,60.0,82.0
156228,13749.422851562,static_H60,39.0625,23.0,59.0,8.0,60.0,82.0
156229,13749.461914062,static_H60,30.273438000222086,23.0,59.0,8.0,60.0,82.0
156230,13749.4921875,static_H60,35.15625,23.0,59.0,8.0,60.0,82.0
156231,13749.52734375,static_H60,32.226561999777914,23.0,59.0,8.0,60.0,82.0
156232,13749.559570312,static_H60,33.20312600044417,23.0,59.0,8.0,60.0,82.0
156233,13749.592773438,static_H60,33.20312399955583,23.0,59.0,8.0,60.0,82.0
156234,13749.625976562,static_H60,34.179688000222086,23.0,59.0,8.0,60.0,82.0
156235,13749.66015625,static_H60,32.226561999777914,23.0,59.0,8.0,60.0,82.0
156236,13749.692382812,static_H60,34.179688000222086,23.0,59.0,8.0,60.0,82.0
156237,13749.7265625,static_H60,33.203125,23.0,59.0,8.0,60.0,82.0
156238,13749.759765625,static_H60,32.226563000222086,23.0,59.0,8.0,60.0,82.0
156239,13749.791992188,static_H60,35.15625,23.0,59.0,8.0,60.0,82.0
156240,13749.827148438,static_H60,33.20312399955583,23.0,59.0,8.0,60.0,82.0
156241,13749.860351562,static_H60,32.226563000222086,23.0,59.0,8.0,60.0,82.0
156242,13749.892578125,static_H60,38.085936999777914,23.0,59.0,8.0,60.0,82.0
156243,13749.930664062,static_H60,30.273438000222086,23.0,59.0,8.0,60.0,82.0
156244,13749.9609375,static_H60,33.203125,23.0,59.0,8.0,60.0,82.0
156245,13749.994140625,static_H60,36.132813000222086,21.0,55.0,4.0,60.0,86.0
156246,13750.030273438,static_H60,29.296873999555828,21.0,55.0,4.0,60.0,86.0
156247,13750.059570312,static_H60,32.226563000222086,21.0,55.0,4.0,60.0,86.0
156248,13750.091796875,static_H60,33.203125,21.0,55.0,4.0,60.0,86.0
156249,13750.125,static_H60,34.179688000222086,21.0,55.0,4.0,60.0,86.0
156250,13750.159179688,static_H60,32.226561999777914,21.0,55.0,4.0,60.0,86.0
156251,13750.19140625,static_H60,34.179688000222086,21.0,55.0,4.0,60.0,86.0
156252,13750.225585938,static_H60,32.226561999777914,21.0,55.0,4.0,60.0,86.0
156253,13750.2578125,static_H60,34.179688000222086,21.0,55.0,4.0,60.0,86.0
156254,13750.291992188,static_H60,33.20312399955583,21.0,55.0,4.0,60.0,86.0
156255,13750.325195312,static_H60,33.20312600044417,21.0,55.0,4.0,60.0,86.0
156256,13750.358398438,static_H60,32.226561999777914,21.0,55.0,4.0,60.0,86.0
156257,13750.390625,static_H60,34.179688000222086,21.0,55.0,4.0,60.0,86.0
156258,13750.424804688,static_H60,33.20312399955583,21.0,55.0,4.0,60.0,86.0
156259,13750.458007812,static_H60,35.15625,21.0,55.0,4.0,60.0,86.0
156260,13750.493164062,static_H60,31.25,21.0,55.0,4.0,60.0,86.0
156261,13750.524414062,static_H60,34.179688000222086,22.0,55.0,4.0,60.0,90.0
156262,13750.55859375,static_H60,33.203125,22.0,55.0,4.0,60.0,90.0
156263,13750.591796875,static_H60,33.203125,22.0,55.0,4.0,60.0,90.0
156264,13750.625,static_H60,33.203125,22.0,55.0,4.0,60.0,90.0
156265,13750.658203125,static_H60,34.179686999777914,22.0,55.0,4.0,60.0,90.0
156266,13750.692382812,static_H60,32.226563000222086,22.0,55.0,4.0,60.0,90.0
156267,13750.724609375,static_H60,33.203125,22.0,55.0,4.0,60.0,90.0
156268,13750.7578125,static_H60,33.203125,22.0,55.0,4.0,60.0,90.0
156269,13750.791015625,static_H60,33.203125,22.0,55.0,4.0,60.0,90.0
156270,13750.82421875,static_H60,33.203125,22.0,55.0,4.0,60.0,90.0
156271,13750.857421875,static_H60,34.179686999777914,22.0,55.0,4.0,60.0,90.0
156272,13750.891601562,static_H60,32.226563000222086,22.0,55.0,4.0,60.0,90.0
156273,13750.923828125,static_H60,34.179686999777914,22.0,55.0,4.0,60.0,90.0
156274,13750.958007812,static_H60,33.20312600044417,22.0,55.0,4.0,60.0,90.0
156275,13750.991210938,static_H60,34.179686999777914,22.0,55.0,4.0,60.0,90.0
156276,13751.025390625,static_H60,31.25,22.0,55.0,4.0,60.0,86.0
156277,13751.056640625,static_H60,37.109375,22.0,55.0,4.0,60.0,86.0
156278,13751.09375,static_H60,30.273438000222086,22.0,55.0,4.0,60.0,86.0
156279,13751.124023438,static_H60,34.179686999777914,22.0,55.0,4.0,60.0,86.0
156280,13751.158203125,static_H60,32.226563000222086,22.0,55.0,4.0,60.0,86.0
156281,13751.190429688,static_H60,34.179686999777914,22.0,55.0,4.0,60.0,86.0
156282,13751.224609375,static_H60,32.226563000222086,22.0,55.0,4.0,60.0,86.0
156283,13751.256835938,static_H60,36.132811999777914,22.0,55.0,4.0,60.0,86.0
156284,13751.29296875,static_H60,31.25,22.0,55.0,4.0,60.0,86.0
156285,13751.32421875,static_H60,34.179688000222086,22.0,55.0,4.0,60.0,86.0
156286,13751.358398438,static_H60,32.226561999777914,22.0,55.0,4.0,60.0,86.0
156287,13751.390625,static_H60,33.203125,22.0,55.0,4.0,60.0,86.0
156288,13751.423828125,static_H60,33.203125,22.0,55.0,4.0,60.0,86.0
156289,13751.45703125,static_H60,34.179688000222086,22.0,55.0,4.0,60.0,86.0
156290,13751.491210938,static_H60,31.25,22.0,55.0,4.0,60.0,86.0
156291,13751.522460938,static_H60,36.132811999777914,22.0,55.0,4.0,60.0,86.0
156292,13751.55859375,static_H60,31.25,23.0,55.0,4.0,60.0,86.0
156293,13751.58984375,static_H60,34.179688000222086,23.0,55.0,4.0,60.0,86.0
156294,13751.624023438,static_H60,32.226561999777914,23.0,55.0,4.0,60.0,86.0
156295,13751.65625,static_H60,35.15625,23.0,55.0,4.0,60.0,86.0
156296,13751.69140625,static_H60,32.226561999777914,23.0,55.0,4.0,60.0,86.0
156297,13751.723632812,static_H60,33.20312600044417,23.0,55.0,4.0,60.0,86.0
156298,13751.756835938,static_H60,33.20312399955583,23.0,55.0,4.0,60.0,86.0
156299,13751.790039062,static_H60,41.01562600044417,23.0,55.0,4.0,60.0,86.0
156300,13751.831054688,static_H60,27.34375,23.0,55.0,4.0,60.0,86.0
156301,13751.858398438,static_H60,31.25,23.0,55.0,4.0,60.0,86.0
156302,13751.889648438,static_H60,33.20312399955583,23.0,55.0,4.0,60.0,86.0
156303,13751.922851562,static_H60,34.179688000222086,23.0,55.0,4.0,60.0,86.0
156304,13751.95703125,static_H60,32.226561999777914,23.0,55.0,4.0,60.0,86.0
156305,13751.989257812,static_H60,34.179688000222086,23.0,55.0,4.0,60.0,86.0
156306,13752.0234375,static_H60,38.085938000222086,23.0,55.0,4.0,60.0,86.0
156307,13752.061523438,static_H60,40.039061999777914,23.0,65.0,4.0,60.0,86.0
156308,13752.1015625,static_H60,48.828125,23.0,65.0,4.0,60.0,86.0
156309,13752.150390625,static_H60,31.25,23.0,65.0,4.0,60.0,86.0
156310,13752.181640625,static_H60,33.203125,23.0,65.0,4.0,60.0,86.0
156311,13752.21484375,static_H60,34.179688000222086,23.0,65.0,4.0,60.0,86.0
156312,13752.249023438,static_H60,33.20312399955583,23.0,65.0,4.0,60.0,86.0
156313,13752.282226562,static_H60,32.226563000222086,23.0,65.0,4.0,60.0,86.0
156314,13752.314453125,static_H60,33.203125,23.0,65.0,4.0,60.0,86.0
156315,13752.34765625,static_H60,34.179688000222086,23.0,65.0,4.0,60.0,86.0
156316,13752.381835938,static_H60,33.20312399955583,23.0,65.0,4.0,60.0,86.0
156317,13752.415039062,static_H60,32.226563000222086,23.0,65.0,4.0,60.0,86.0
156318,13752.447265625,static_H60,33.203125,23.0,65.0,4.0,60.0,86.0
156319,13752.48046875,static_H60,35.15625,23.0,65.0,4.0,60.0,86.0
156320,13752.515625,static_H60,32.226561999777914,23.0,65.0,4.0,60.0,86.0
156321,13752.547851562,static_H60,34.179688000222086,23.0,65.0,4.0,60.0,86.0
156322,13752.58203125,static_H60,33.203125,71.0,65.0,4.0,60.0,86.0
156323,13752.615234375,static_H60,32.226563000222086,71.0,65.0,4.0,60.0,86.0
156324,13752.647460938,static_H60,33.20312399955583,71.0,65.0,4.0,60.0,86.0
156325,13752.680664062,static_H60,33.20312600044417,71.0,65.0,4.0,60.0,86.0
156326,13752.713867188,static_H60,34.179686999777914,71.0,65.0,4.0,60.0,86.0
156327,13752.748046875,static_H60,34.179686999777914,71.0,65.0,4.0,60.0,86.0
156328,13752.782226562,static_H60,33.20312600044417,71.0,65.0,4.0,60.0,86.0
156329,13752.815429688,static_H60,35.15625,71.0,65.0,4.0,60.0,86.0
156330,13752.850585938,static_H60,30.273436999777914,71.0,65.0,4.0,60.0,86.0
156331,13752.880859375,static_H60,33.203125,71.0,65.0,4.0,60.0,86.0
156332,13752.9140625,static_H60,33.203125,71.0,65.0,4.0,60.0,86.0
156333,13752.947265625,static_H60,33.203125,71.0,65.0,4.0,60.0,86.0
156334,13752.98046875,static_H60,34.179688000222086,71.0,65.0,4.0,60.0,86.0
156335,13753.014648438,static_H60,33.20312399955583,71.0,65.0,4.0,60.0,86.0
156336,13753.047851562,static_H60,33.20312600044417,71.0,65.0,4.0,60.0,86.0
156337,13753.081054688,static_H60,34.179686999777914,71.0,65.0,4.0,60.0,86.0
156338,13753.115234375,static_H60,32.226563000222086,87.0,65.0,4.0,60.0,86.0
156339,13753.147460938,static_H60,34.179686999777914,87.0,65.0,4.0,60.0,86.0
156340,13753.181640625,static_H60,34.179686999777914,87.0,65.0,4.0,60.0,86.0
156341,13753.215820312,static_H60,32.226563000222086,87.0,65.0,4.0,60.0,86.0
156342,13753.248046875,static_H60,32.226563000222086,87.0,65.0,4.0,60.0,86.0
156343,13753.280273438,static_H60,34.179686999777914,87.0,65.0,4.0,60.0,86.0
156344,13753.314453125,static_H60,33.203125,87.0,65.0,4.0,60.0,86.0
156345,13753.34765625,static_H60,33.203125,87.0,65.0,4.0,60.0,86.0
156346,13753.380859375,static_H60,33.203125,87.0,65.0,4.0,60.0,86.0
156347,13753.4140625,static_H60,34.179688000222086,87.0,65.0,4.0,60.0,86.0
156348,13753.448242188,static_H60,33.20312399955583,87.0,65.0,4.0,60.0,86.0
156349,13753.481445312,static_H60,33.20312600044417,87.0,65.0,4.0,60.0,86.0
156350,13753.514648438,static_H60,33.20312399955583,87.0,65.0,4.0,60.0,86.0
156351,13753.547851562,static_H60,32.226563000222086,87.0,65.0,4.0,60.0,86.0
156352,13753.580078125,static_H60,36.132813000222086,87.0,65.0,4.0,60.0,86.0
156353,13753.616210938,static_H60,34.179686999777914,99.0,65.0,4.0,60.0,82.0
156354,13753.650390625,static_H60,29.296875,99.0,65.0,4.0,60.0,82.0
156355,13753.6796875,static_H60,35.15625,99.0,65.0,4.0,60.0,82.0
156356,13753.71484375,static_H60,31.25,99.0,65.0,4.0,60.0,82.0
156357,13753.74609375,static_H60,35.15625,99.0,65.0,4.0,60.0,82.0
156358,13753.78125,static_H60,32.226561999777914,99.0,65.0,4.0,60.0,82.0
156359,13753.813476562,static_H60,34.179688000222086,99.0,65.0,4.0,60.0,82.0
156360,13753.84765625,static_H60,33.203125,99.0,65.0,4.0,60.0,82.0
156361,13753.880859375,static_H60,32.226563000222086,99.0,65.0,4.0,60.0,82.0
156362,13753.913085938,static_H60,33.20312399955583,99.0,65.0,4.0,60.0,82.0
156363,13753.946289062,static_H60,34.179688000222086,99.0,65.0,4.0,60.0,82.0
156364,13753.98046875,static_H60,32.226561999777914,99.0,65.0,4.0,60.0,82.0
156365,13754.012695312,static_H60,36.132813000222086,99.0,65.0,4.0,60.0,82.0
156366,13754.048828125,static_H60,31.25,99.0,65.0,4.0,60.0,82.0
156367,13754.080078125,static_H60,33.203125,99.0,65.0,4.0,60.0,82.0
156368,13754.11328125,static_H60,35.15625,99.0,65.0,4.0,60.0,82.0
156369,13754.1484375,static_H60,31.25,122.0,167.0,3.0,60.0,82.0
156370,13754.1796875,static_H60,34.179688000222086,122.0,167.0,3.0,60.0,82.0
156371,13754.213867188,static_H60,32.226561999777914,122.0,167.0,3.0,60.0,82.0
156372,13754.24609375,static_H60,36.132811999777914,122.0,167.0,3.0,60.0,82.0
156373,13754.282226562,static_H60,33.20312600044417,122.0,167.0,3.0,60.0,82.0
156374,13754.315429688,static_H60,36.132811999777914,122.0,167.0,3.0,60.0,82.0
156375,13754.3515625,static_H60,32.226561999777914,122.0,167.0,3.0,60.0,82.0
156376,13754.383789062,static_H60,29.296876000444172,122.0,167.0,3.0,60.0,82.0
156377,13754.413085938,static_H60,34.179686999777914,122.0,167.0,3.0,60.0,82.0
156378,13754.447265625,static_H60,34.179686999777914,122.0,167.0,3.0,60.0,82.0
156379,13754.481445312,static_H60,34.179688000222086,122.0,167.0,3.0,60.0,82.0
156380,13754.515625,static_H60,30.273438000222086,122.0,167.0,3.0,60.0,82.0
156381,13754.545898438,static_H60,33.20312399955583,122.0,167.0,3.0,60.0,82.0
156382,13754.579101562,static_H60,34.179688000222086,122.0,167.0,3.0,60.0,82.0
156383,13754.61328125,static_H60,32.226561999777914,122.0,167.0,3.0,60.0,82.0
156384,13754.645507812,static_H60,36.132813000222086,122.0,167.0,3.0,60.0,82.0
156385,13754.681640625,static_H60,31.25,150.0,167.0,3.0,60.0,82.0
156386,13754.712890625,static_H60,33.203125,150.0,167.0,3.0,60.0,82.0
156387,13754.74609375,static_H60,34.179688000222086,150.0,167.0,3.0,60.0,82.0
156388,13754.780273438,static_H60,32.226561999777914,150.0,167.0,3.0,60.0,82.0
156389,13754.8125,static_H60,37.109375,150.0,167.0,3.0,60.0,82.0
156390,13754.849609375,static_H60,31.25,150.0,167.0,3.0,60.0,82.0
156391,13754.880859375,static_H60,32.226563000222086,150.0,167.0,3.0,60.0,82.0
156392,13754.913085938,static_H60,33.20312399955583,150.0,167.0,3.0,60.0,82.0
156393,13754.946289062,static_H60,35.15625,150.0,167.0,3.0,60.0,82.0
156394,13754.981445312,static_H60,30.273438000222086,150.0,167.0,3.0,60.0,82.0
156395,13755.01171875,static_H60,34.179688000222086,150.0,167.0,3.0,60.0,82.0
156396,13755.045898438,static_H60,33.20312399955583,150.0,167.0,3.0,60.0,82.0
156397,13755.079101562,static_H60,33.20312600044417,150.0,167.0,3.0,60.0,82.0
156398,13755.112304688,static_H60,34.179686999777914,150.0,167.0,3.0,60.0,82.0
156399,13755.146484375,static_H60,33.203125,150.0,167.0,3.0,60.0,82.0
156400,13755.1796875,static_H60,34.179688000222086,150.0,167.0,3.0,60.0,82.0
156401,13755.213867188,static_H60,31.25,149.0,167.0,3.0,60.0,78.0
156402,13755.245117188,static_H60,35.15625,149.0,167.0,3.0,60.0,78.0
156403,13755.280273438,static_H60,31.25,149.0,167.0,3.0,60.0,78.0
156404,13755.311523438,static_H60,34.179686999777914,149.0,167.0,3.0,60.0,78.0
156405,13755.345703125,static_H60,35.15625,149.0,167.0,3.0,60.0,78.0
156406,13755.380859375,static_H60,31.25,149.0,167.0,3.0,60.0,78.0
156407,13755.412109375,static_H60,34.179686999777914,149.0,167.0,3.0,60.0,78.0
156408,13755.446289062,static_H60,33.20312600044417,149.0,167.0,3.0,60.0,78.0
156409,13755.479492188,static_H60,90.82031199977791,149.0,167.0,3.0,60.0,78.0
156410,13755.5703125,static_H60,24.414061999777914,149.0,167.0,3.0,60.0,78.0
156411,13755.594726562,static_H60,35.15625,149.0,167.0,3.0,60.0,78.0
156412,13755.629882812,static_H60,31.25,149.0,167.0,3.0,60.0,78.0
156413,13755.661132812,static_H60,34.179688000222086,149.0,167.0,3.0,60.0,78.0
156414,13755.6953125,static_H60,35.15625,149.0,167.0,3.0,60.0,78.0
156415,13755.73046875,static_H60,34.179688000222086,149.0,167.0,3.0,60.0,82.0
156416,13755.764648438,static_H60,30.273436999777914,149.0,167.0,3.0,60.0,82.0
156417,13755.794921875,static_H60,33.203125,149.0,167.0,3.0,60.0,82.0
156418,13755.828125,static_H60,33.203125,149.0,167.0,3.0,60.0,82.0
156419,13755.861328125,static_H60,34.179686999777914,149.0,167.0,3.0,60.0,82.0
156420,13755.895507812,static_H60,32.226563000222086,149.0,167.0,3.0,60.0,82.0
156421,13755.927734375,static_H60,34.179686999777914,149.0,167.0,3.0,60.0,82.0
156422,13755.961914062,static_H60,34.179688000222086,149.0,167.0,3.0,60.0,82.0
156423,13755.99609375,static_H60,33.203125,149.0,167.0,3.0,60.0,82.0
156424,13756.029296875,static_H60,34.179686999777914,149.0,167.0,3.0,60.0,82.0
156425,13756.063476562,static_H60,31.25,149.0,167.0,3.0,60.0,82.0
156426,13756.094726562,static_H60,34.179688000222086,149.0,167.0,3.0,60.0,82.0
156427,13756.12890625,static_H60,33.203125,149.0,167.0,3.0,60.0,82.0
156428,13756.162109375,static_H60,33.203125,149.0,167.0,3.0,60.0,82.0
156429,13756.1953125,static_H60,33.203125,149.0,167.0,3.0,60.0,82.0
156430,13756.228515625,static_H60,34.179686999777914,149.0,167.0,3.0,60.0,82.0
156431,13756.262695312,static_H60,33.20312600044417,148.0,182.0,3.0,60.0,82.0
156432,13756.295898438,static_H60,32.226561999777914,148.0,182.0,3.0,60.0,82.0
156433,13756.328125,static_H60,33.203125,148.0,182.0,3.0,60.0,82.0
156434,13756.361328125,static_H60,33.203125,148.0,182.0,3.0,60.0,82.0
156435,13756.39453125,static_H60,34.179688000222086,148.0,182.0,3.0,60.0,82.0
156436,13756.428710938,static_H60,32.226561999777914,148.0,182.0,3.0,60.0,82.0
156437,13756.4609375,static_H60,34.179688000222086,148.0,182.0,3.0,60.0,82.0
156438,13756.495117188,static_H60,34.179686999777914,148.0,182.0,3.0,60.0,82.0
156439,13756.529296875,static_H60,33.203125,148.0,182.0,3.0,60.0,82.0
156440,13756.5625,static_H60,31.25,148.0,182.0,3.0,60.0,82.0
156441,13756.59375,static_H60,34.179688000222086,148.0,182.0,3.0,60.0,82.0
156442,13756.627929688,static_H60,33.20312399955583,148.0,182.0,3.0,60.0,82.0
156443,13756.661132812,static_H60,34.179688000222086,148.0,182.0,3.0,60.0,82.0
156444,13756.6953125,static_H60,33.203125,148.0,182.0,3.0,60.0,82.0
156445,13756.728515625,static_H60,33.203125,148.0,182.0,3.0,60.0,82.0
156446,13756.76171875,static_H60,34.179688000222086,148.0,182.0,3.0,60.0,82.0
156447,13756.795898438,static_H60,31.25,149.0,182.0,3.0,60.0,82.0
156448,13756.827148438,static_H60,33.20312399955583,149.0,182.0,3.0,60.0,82.0
156449,13756.860351562,static_H60,34.179688000222086,149.0,182.0,3.0,60.0,82.0
156450,13756.89453125,static_H60,33.203125,149.0,182.0,3.0,60.0,82.0
156451,13756.927734375,static_H60,33.203125,149.0,182.0,3.0,60.0,82.0
156452,13756.9609375,static_H60,33.203125,149.0,182.0,3.0,60.0,82.0
156453,13756.994140625,static_H60,34.179686999777914,149.0,182.0,3.0,60.0,82.0
156454,13757.028320312,static_H60,34.179688000222086,149.0,182.0,3.0,60.0,82.0
156455,13757.0625,static_H60,31.25,149.0,182.0,3.0,60.0,82.0
156456,13757.09375,static_H60,33.203125,149.0,182.0,3.0,60.0,82.0
156457,13757.126953125,static_H60,34.179686999777914,149.0,182.0,3.0,60.0,82.0
156458,13757.161132812,static_H60,35.15625,149.0,182.0,3.0,60.0,82.0
156459,13757.196289062,static_H60,31.25,149.0,182.0,3.0,60.0,82.0
156460,13757.227539062,static_H60,33.20312600044417,149.0,182.0,3.0,60.0,82.0
156461,13757.260742188,static_H60,34.179686999777914,149.0,182.0,3.0,60.0,82.0
156462,13757.294921875,static_H60,31.25,149.0,182.0,3.0,60.0,82.0
156463,13757.326171875,static_H60,38.085936999777914,149.0,182.0,3.0,60.0,82.0
156464,13757.364257812,static_H60,29.296876000444172,149.0,182.0,3.0,60.0,82.0
156465,13757.393554688,static_H60,34.179686999777914,149.0,182.0,3.0,60.0,82.0
156466,13757.427734375,static_H60,32.226563000222086,149.0,182.0,3.0,60.0,82.0
156467,13757.459960938,static_H60,34.179686999777914,149.0,182.0,3.0,60.0,82.0
156468,13757.494140625,static_H60,34.179686999777914,149.0,182.0,3.0,60.0,82.0
156469,13757.528320312,static_H60,35.15625,149.0,182.0,3.0,60.0,82.0
156470,13757.563476562,static_H60,31.25,149.0,182.0,3.0,60.0,82.0
156471,13757.594726562,static_H60,33.20312600044417,149.0,182.0,3.0,60.0,82.0
156472,13757.627929688,static_H60,32.226561999777914,149.0,182.0,3.0,60.0,82.0
156473,13757.66015625,static_H60,34.179688000222086,149.0,182.0,3.0,60.0,82.0
156474,13757.694335938,static_H60,31.25,149.0,182.0,3.0,60.0,82.0
156475,13757.725585938,static_H60,38.085936999777914,149.0,182.0,3.0,60.0,82.0
156476,13757.763671875,static_H60,29.296875,149.0,182.0,3.0,60.0,82.0
156477,13757.79296875,static_H60,35.15625,149.0,182.0,3.0,60.0,82.0
156478,13757.828125,static_H60,31.25,149.0,182.0,3.0,60.0,78.0
156479,13757.859375,static_H60,35.15625,149.0,182.0,3.0,60.0,78.0
156480,13757.89453125,static_H60,32.226561999777914,149.0,182.0,3.0,60.0,78.0
156481,13757.926757812,static_H60,33.20312600044417,149.0,182.0,3.0,60.0,78.0
156482,13757.959960938,static_H60,33.20312399955583,149.0,182.0,3.0,60.0,78.0
156483,13757.993164062,static_H60,36.132813000222086,149.0,182.0,3.0,60.0,78.0
156484,13758.029296875,static_H60,40.039063000222086,149.0,182.0,3.0,60.0,78.0
156485,13758.069335938,static_H60,32.226561999777914,149.0,182.0,3.0,60.0,78.0
156486,13758.1015625,static_H60,33.203125,149.0,182.0,3.0,60.0,78.0
156487,13758.134765625,static_H60,34.179686999777914,149.0,182.0,3.0,60.0,78.0
156488,13758.168945312,static_H60,32.226563000222086,149.0,182.0,3.0,60.0,78.0
156489,13758.201171875,static_H60,34.179686999777914,149.0,182.0,3.0,60.0,78.0
156490,13758.235351562,static_H60,32.226563000222086,149.0,182.0,3.0,60.0,78.0
156491,13758.267578125,static_H60,33.203125,149.0,182.0,3.0,60.0,78.0
156492,13758.30078125,static_H60,36.132811999777914,149.0,182.0,3.0,60.0,78.0
156493,13758.336914062,static_H60,32.226563000222086,149.0,182.0,4.0,60.0,78.0
156494,13758.369140625,static_H60,31.25,149.0,182.0,4.0,60.0,78.0
156495,13758.400390625,static_H60,34.179686999777914,149.0,182.0,4.0,60.0,78.0
156496,13758.434570312,static_H60,33.20312600044417,149.0,182.0,4.0,60.0,78.0
156497,13758.467773438,static_H60,35.15625,149.0,182.0,4.0,60.0,78.0
156498,13758.502929688,static_H60,31.25,149.0,182.0,4.0,60.0,78.0
156499,13758.534179688,static_H60,33.20312399955583,149.0,182.0,4.0,60.0,78.0
156500,13758.567382812,static_H60,34.179688000222086,149.0,182.0,4.0,60.0,78.0
156501,13758.6015625,static_H60,36.132811999777914,149.0,182.0,4.0,60.0,78.0
156502,13758.637695312,static_H60,34.179688000222086,149.0,182.0,4.0,60.0,78.0
156503,13758.671875,static_H60,31.25,149.0,182.0,4.0,60.0,78.0
156504,13758.703125,static_H60,31.25,149.0,182.0,4.0,60.0,78.0
156505,13758.734375,static_H60,33.203125,149.0,182.0,4.0,60.0,78.0
156506,13758.767578125,static_H60,32.226563000222086,149.0,182.0,4.0,60.0,78.0
156507,13758.799804688,static_H60,38.085936999777914,149.0,182.0,4.0,60.0,78.0
156508,13758.837890625,static_H60,33.203125,149.0,182.0,4.0,60.0,78.0
156509,13758.87109375,static_H60,33.203125,149.0,182.0,4.0,60.0,78.0
156510,13758.904296875,static_H60,39.0625,149.0,182.0,4.0,60.0,78.0
156511,13758.943359375,static_H60,32.226563000222086,149.0,182.0,4.0,60.0,78.0
156512,13758.975585938,static_H60,32.226561999777914,149.0,182.0,4.0,60.0,78.0
156513,13759.0078125,static_H60,37.109375,149.0,182.0,4.0,60.0,78.0
156514,13759.044921875,static_H60,32.226563000222086,149.0,182.0,4.0,60.0,78.0
156515,13759.077148438,static_H60,33.20312399955583,149.0,182.0,4.0,60.0,78.0
156516,13759.110351562,static_H60,31.25,149.0,182.0,4.0,60.0,78.0
156517,13759.141601562,static_H60,33.20312600044417,149.0,182.0,4.0,60.0,78.0
156518,13759.174804688,static_H60,34.179686999777914,149.0,182.0,4.0,60.0,78.0
156519,13759.208984375,static_H60,32.226563000222086,149.0,182.0,4.0,60.0,78.0
156520,13759.241210938,static_H60,33.20312399955583,149.0,182.0,4.0,60.0,78.0
156521,13759.274414062,static_H60,36.132813000222086,149.0,182.0,4.0,60.0,78.0
156522,13759.310546875,static_H60,31.25,149.0,182.0,4.0,60.0,78.0
156523,13759.341796875,static_H60,33.203125,148.0,182.0,4.0,60.0,78.0
156524,13759.375,static_H60,35.15625,148.0,182.0,4.0,60.0,78.0
156525,13759.41015625,static_H60,31.25,148.0,182.0,4.0,60.0,78.0
156526,13759.44140625,static_H60,32.226561999777914,148.0,182.0,4.0,60.0,78.0
156527,13759.473632812,static_H60,34.179688000222086,148.0,182.0,4.0,60.0,78.0
156528,13759.5078125,static_H60,33.203125,148.0,182.0,4.0,60.0,78.0
156529,13759.541015625,static_H60,34.179686999777914,148.0,182.0,4.0,60.0,78.0
156530,13759.575195312,static_H60,33.20312600044417,148.0,182.0,4.0,60.0,78.0
156531,13759.608398438,static_H60,33.20312399955583,148.0,182.0,4.0,60.0,78.0
156532,13759.641601562,static_H60,36.132813000222086,148.0,182.0,4.0,60.0,78.0
156533,13759.677734375,static_H60,31.25,148.0,182.0,4.0,60.0,78.0
156534,13759.708984375,static_H60,34.179686999777914,148.0,182.0,4.0,60.0,78.0
156535,13759.743164062,static_H60,32.226563000222086,148.0,182.0,4.0,60.0,78.0
156536,13759.775390625,static_H60,31.25,148.0,182.0,4.0,60.0,78.0
156537,13759.806640625,static_H60,36.132813000222086,148.0,182.0,4.0,60.0,78.0
156538,13759.842773438,static_H60,30.273436999777914,109.0,182.0,4.0,60.0,79.0
156539,13759.873046875,static_H60,35.15625,109.0,182.0,4.0,60.0,79.0
156540,13759.908203125,static_H60,32.226563000222086,109.0,182.0,4.0,60.0,79.0
156541,13759.940429688,static_H60,34.179686999777914,109.0,182.0,4.0,60.0,79.0
156542,13759.974609375,static_H60,33.203125,109.0,182.0,4.0,60.0,79.0
156543,13760.0078125,static_H60,33.203125,109.0,182.0,4.0,60.0,79.0
156544,13760.041015625,static_H60,33.203125,109.0,182.0,4.0,60.0,79.0
156545,13760.07421875,static_H60,33.203125,109.0,182.0,4.0,60.0,79.0
156546,13760.107421875,static_H60,32.226563000222086,109.0,182.0,4.0,60.0,79.0
156547,13760.139648438,static_H60,33.20312399955583,109.0,182.0,4.0,60.0,79.0
156548,13760.172851562,static_H60,34.179688000222086,109.0,182.0,4.0,60.0,79.0
156549,13760.20703125,static_H60,33.203125,109.0,182.0,4.0,60.0,79.0
156550,13760.240234375,static_H60,35.15625,109.0,182.0,4.0,60.0,79.0
156551,13760.275390625,static_H60,32.226563000222086,109.0,182.0,4.0,60.0,79.0
156552,13760.307617188,static_H60,33.20312399955583,109.0,182.0,4.0,60.0,79.0
156553,13760.340820312,static_H60,34.179688000222086,109.0,182.0,4.0,60.0,79.0
156554,13760.375,static_H60,32.226561999777914,19.0,53.0,6.0,60.0,75.0
156555,13760.407226562,static_H60,33.20312600044417,19.0,53.0,6.0,60.0,75.0
156556,13760.440429688,static_H60,33.20312399955583,19.0,53.0,6.0,60.0,75.0
156557,13760.473632812,static_H60,34.179688000222086,19.0,53.0,6.0,60.0,75.0
156558,13760.5078125,static_H60,32.226561999777914,19.0,53.0,6.0,60.0,75.0
156559,13760.540039062,static_H60,35.15625,19.0,53.0,6.0,60.0,75.0
156560,13760.575195312,static_H60,31.25,19.0,53.0,6.0,60.0,75.0
156561,13760.606445312,static_H60,34.179688000222086,19.0,53.0,6.0,60.0,75.0
156562,13760.640625,static_H60,33.203125,19.0,53.0,6.0,60.0,75.0
156563,13760.673828125,static_H60,34.179686999777914,19.0,53.0,6.0,60.0,75.0
156564,13760.708007812,static_H60,32.226563000222086,19.0,53.0,6.0,60.0,75.0
156565,13760.740234375,static_H60,33.203125,19.0,53.0,6.0,60.0,75.0
156566,13760.7734375,static_H60,33.203125,19.0,53.0,6.0,60.0,75.0
156567,13760.806640625,static_H60,33.203125,19.0,53.0,6.0,60.0,75.0
156568,13760.83984375,static_H60,36.132811999777914,19.0,53.0,6.0,60.0,75.0
156569,13760.875976562,static_H60,30.273438000222086,19.0,53.0,6.0,60.0,75.0
156570,13760.90625,static_H60,33.203125,19.0,53.0,6.0,60.0,75.0
156571,13760.939453125,static_H60,34.179686999777914,19.0,53.0,6.0,60.0,75.0
156572,13760.973632812,static_H60,33.20312600044417,19.0,53.0,6.0,60.0,75.0
156573,13761.006835938,static_H60,34.179686999777914,19.0,53.0,6.0,60.0,75.0
156574,13761.041015625,static_H60,32.226563000222086,19.0,53.0,6.0,60.0,75.0
156575,13761.073242188,static_H60,36.132811999777914,19.0,53.0,6.0,60.0,75.0
156576,13761.109375,static_H60,29.296875,19.0,53.0,6.0,60.0,75.0
156577,13761.138671875,static_H60,35.15625,19.0,53.0,6.0,60.0,75.0
156578,13761.173828125,static_H60,33.203125,19.0,53.0,6.0,60.0,75.0
156579,13761.20703125,static_H60,32.226561999777914,19.0,53.0,6.0,60.0,75.0
156580,13761.239257812,static_H60,33.20312600044417,19.0,53.0,6.0,60.0,75.0
156581,13761.272460938,static_H60,34.179686999777914,19.0,53.0,6.0,60.0,75.0
156582,13761.306640625,static_H60,33.203125,19.0,53.0,6.0,60.0,75.0
156583,13761.33984375,static_H60,33.203125,19.0,53.0,6.0,60.0,75.0
156584,13761.373046875,static_H60,33.203125,19.0,53.0,6.0,60.0,75.0
156585,13761.40625,static_H60,33.203125,19.0,53.0,6.0,60.0,79.0
156586,13761.439453125,static_H60,33.203125,19.0,53.0,6.0,60.0,79.0
156587,13761.47265625,static_H60,34.179688000222086,19.0,53.0,6.0,60.0,79.0
156588,13761.506835938,static_H60,32.226561999777914,19.0,53.0,6.0,60.0,79.0
156589,13761.5390625,static_H60,35.15625,19.0,53.0,6.0,60.0,79.0
156590,13761.57421875,static_H60,31.25,19.0,53.0,6.0,60.0,79.0
156591,13761.60546875,static_H60,34.179688000222086,19.0,53.0,6.0,60.0,79.0
156592,13761.639648438,static_H60,33.20312399955583,19.0,53.0,6.0,60.0,79.0
156593,13761.672851562,static_H60,33.20312600044417,19.0,53.0,6.0,60.0,79.0
156594,13761.706054688,static_H60,33.20312399955583,19.0,53.0,6.0,60.0,79.0
156595,13761.739257812,static_H60,36.132813000222086,19.0,53.0,6.0,60.0,79.0
156596,13761.775390625,static_H60,31.25,19.0,53.0,6.0,60.0,79.0
156597,13761.806640625,static_H60,33.203125,19.0,53.0,6.0,60.0,79.0
156598,13761.83984375,static_H60,33.203125,19.0,53.0,6.0,60.0,79.0
156599,13761.873046875,static_H60,32.226563000222086,19.0,53.0,6.0,60.0,79.0
156600,13761.905273438,static_H60,34.179686999777914,19.0,53.0,6.0,60.0,79.0
156601,13761.939453125,static_H60,33.203125,19.0,53.0,6.0,60.0,75.0
156602,13761.97265625,static_H60,32.226561999777914,19.0,53.0,6.0,60.0,75.0
156603,13762.004882812,static_H60,35.15625,19.0,53.0,6.0,60.0,75.0
156604,13762.040039062,static_H60,32.226563000222086,19.0,53.0,6.0,60.0,75.0
156605,13762.072265625,static_H60,33.203125,19.0,53.0,6.0,60.0,75.0
156606,13762.10546875,static_H60,33.203125,19.0,53.0,6.0,60.0,75.0
156607,13762.138671875,static_H60,34.179686999777914,19.0,53.0,6.0,60.0,75.0
156608,13762.172851562,static_H60,31.25,19.0,53.0,6.0,60.0,75.0
156609,13762.204101562,static_H60,36.132813000222086,19.0,53.0,6.0,60.0,75.0
156610,13762.240234375,static_H60,31.25,19.0,53.0,6.0,60.0,75.0
156611,13762.271484375,static_H60,34.179686999777914,19.0,53.0,6.0,60.0,75.0
156612,13762.305664062,static_H60,32.226563000222086,19.0,53.0,6.0,60.0,75.0
156613,13762.337890625,static_H60,35.15625,19.0,53.0,6.0,60.0,75.0
156614,13762.373046875,static_H60,32.226563000222086,19.0,53.0,6.0,60.0,75.0
156615,13762.405273438,static_H60,34.179686999777914,19.0,53.0,6.0,60.0,75.0
156616,13762.439453125,static_H60,32.226563000222086,20.0,53.0,10.0,60.0,75.0
156617,13762.471679688,static_H60,41.01562399955583,20.0,53.0,10.0,60.0,75.0
156618,13762.512695312,static_H60,30.273438000222086,20.0,53.0,10.0,60.0,75.0
156619,13762.54296875,static_H60,35.15625,20.0,53.0,10.0,60.0,75.0
156620,13762.578125,static_H60,27.34375,20.0,53.0,10.0,60.0,75.0
156621,13762.60546875,static_H60,33.203125,20.0,53.0,10.0,60.0,75.0
156622,13762.638671875,static_H60,36.132813000222086,20.0,53.0,10.0,60.0,75.0
156623,13762.674804688,static_H60,33.20312399955583,20.0,53.0,10.0,60.0,75.0
156624,13762.708007812,static_H60,29.296876000444172,20.0,53.0,10.0,60.0,75.0
156625,13762.737304688,static_H60,34.179686999777914,20.0,53.0,10.0,60.0,75.0
156626,13762.771484375,static_H60,35.15625,20.0,53.0,10.0,60.0,75.0
156627,13762.806640625,static_H60,31.25,20.0,53.0,10.0,60.0,75.0
156628,13762.837890625,static_H60,34.179686999777914,20.0,53.0,10.0,60.0,75.0
156629,13762.872070312,static_H60,34.179688000222086,20.0,53.0,10.0,60.0,75.0
156630,13762.90625,static_H60,32.226561999777914,20.0,53.0,10.0,60.0,75.0
156631,13762.938476562,static_H60,34.179688000222086,20.0,53.0,10.0,60.0,75.0
156632,13762.97265625,static_H60,32.226561999777914,19.0,53.0,10.0,60.0,74.0
156633,13763.004882812,static_H60,33.20312600044417,19.0,53.0,10.0,60.0,74.0
156634,13763.038085938,static_H60,33.20312399955583,19.0,53.0,10.0,60.0,74.0
156635,13763.071289062,static_H60,35.15625,19.0,53.0,10.0,60.0,74.0
156636,13763.106445312,static_H60,30.273438000222086,19.0,53.0,10.0,60.0,74.0
156637,13763.13671875,static_H60,35.15625,19.0,53.0,10.0,60.0,74.0
156638,13763.171875,static_H60,33.203125,19.0,53.0,10.0,60.0,74.0
156639,13763.205078125,static_H60,33.203125,19.0,53.0,10.0,60.0,74.0
156640,13763.23828125,static_H60,32.226561999777914,19.0,53.0,10.0,60.0,74.0
156641,13763.270507812,static_H60,35.15625,19.0,53.0,10.0,60.0,74.0
156642,13763.305664062,static_H60,30.273438000222086,19.0,53.0,10.0,60.0,74.0
156643,13763.3359375,static_H60,35.15625,19.0,53.0,10.0,60.0,74.0
156644,13763.37109375,static_H60,33.203125,19.0,53.0,10.0,60.0,74.0
156645,13763.404296875,static_H60,34.179686999777914,19.0,53.0,10.0,60.0,74.0
156646,13763.438476562,static_H60,35.15625,19.0,53.0,10.0,60.0,74.0
156647,13763.473632812,static_H60,31.25,19.0,53.0,10.0,60.0,70.0
156648,13763.504882812,static_H60,32.226563000222086,19.0,53.0,10.0,60.0,70.0
156649,13763.537109375,static_H60,38.085936999777914,19.0,53.0,10.0,60.0,70.0
156650,13763.575195312,static_H60,29.296876000444172,19.0,53.0,10.0,60.0,70.0
156651,13763.604492188,static_H60,33.20312399955583,19.0,53.0,10.0,60.0,70.0
156652,13763.637695312,static_H60,41.01562600044417,19.0,53.0,10.0,60.0,70.0
156653,13763.678710938,static_H60,33.20312399955583,19.0,53.0,10.0,60.0,70.0
156654,13763.711914062,static_H60,34.179688000222086,19.0,53.0,10.0,60.0,70.0
156655,13763.74609375,static_H60,33.203125,19.0,53.0,10.0,60.0,70.0
156656,13763.779296875,static_H60,33.203125,19.0,53.0,10.0,60.0,70.0
156657,13763.8125,static_H60,34.179688000222086,19.0,53.0,10.0,60.0,70.0
156658,13763.846679688,static_H60,34.179686999777914,19.0,53.0,10.0,60.0,70.0
156659,13763.880859375,static_H60,32.226563000222086,19.0,53.0,10.0,60.0,70.0
156660,13763.913085938,static_H60,32.226561999777914,19.0,53.0,10.0,60.0,70.0
156661,13763.9453125,static_H60,34.179688000222086,19.0,53.0,10.0,60.0,70.0
156662,13763.979492188,static_H60,31.25,19.0,53.0,10.0,60.0,67.0
156663,13764.010742188,static_H60,39.0625,19.0,53.0,10.0,60.0,67.0
156664,13764.049804688,static_H60,48.82812399955583,19.0,53.0,10.0,60.0,67.0
156665,13764.098632812,static_H60,34.179688000222086,19.0,53.0,10.0,60.0,67.0
156666,13764.1328125,static_H60,31.25,19.0,53.0,10.0,60.0,67.0
156667,13764.1640625,static_H60,31.25,19.0,53.0,10.0,60.0,67.0
156668,13764.1953125,static_H60,32.226561999777914,19.0,53.0,10.0,60.0,67.0
156669,13764.227539062,static_H60,34.179688000222086,19.0,53.0,10.0,60.0,67.0
156670,13764.26171875,static_H60,33.203125,19.0,53.0,10.0,60.0,67.0
156671,13764.294921875,static_H60,33.203125,19.0,53.0,10.0,60.0,67.0
156672,13764.328125,static_H60,33.203125,19.0,53.0,10.0,60.0,67.0
156673,13764.361328125,static_H60,35.15625,19.0,53.0,10.0,60.0,67.0
156674,13764.396484375,static_H60,32.226563000222086,19.0,53.0,10.0,60.0,67.0
156675,13764.428710938,static_H60,34.179686999777914,19.0,53.0,10.0,60.0,67.0
156676,13764.462890625,static_H60,32.226563000222086,19.0,53.0,10.0,60.0,67.0
156677,13764.495117188,static_H60,33.20312399955583,21.0,52.0,11.0,60.0,66.0
156678,13764.528320312,static_H60,32.226563000222086,21.0,52.0,11.0,60.0,66.0
156679,13764.560546875,static_H60,34.179686999777914,21.0,52.0,11.0,60.0,66.0
156680,13764.594726562,static_H60,37.10937600044417,21.0,52.0,11.0,60.0,66.0
156681,13764.631835938,static_H60,30.273436999777914,21.0,52.0,11.0,60.0,66.0
156682,13764.662109375,static_H60,33.203125,21.0,52.0,11.0,60.0,66.0
156683,13764.6953125,static_H60,33.203125,21.0,52.0,11.0,60.0,66.0
156684,13764.728515625,static_H60,31.25,21.0,52.0,11.0,60.0,66.0
156685,13764.759765625,static_H60,35.15625,21.0,52.0,11.0,60.0,66.0
156686,13764.794921875,static_H60,32.226563000222086,21.0,52.0,11.0,60.0,66.0
156687,13764.827148438,static_H60,42.96875,21.0,52.0,11.0,60.0,66.0
156688,13764.870117188,static_H60,32.226561999777914,21.0,52.0,11.0,60.0,66.0
156689,13764.90234375,static_H60,51.757811999777914,21.0,52.0,11.0,60.0,66.0
156690,13764.954101562,static_H60,32.226563000222086,21.0,52.0,11.0,60.0,66.0
156691,13764.986328125,static_H60,33.203125,21.0,52.0,11.0,60.0,66.0
156692,13765.01953125,static_H60,32.226561999777914,35.0,52.0,11.0,60.0,66.0
156693,13765.051757812,static_H60,34.179688000222086,35.0,52.0,11.0,60.0,66.0
156694,13765.0859375,static_H60,32.226561999777914,35.0,52.0,11.0,60.0,66.0
156695,13765.118164062,static_H60,34.179688000222086,35.0,52.0,11.0,60.0,66.0
156696,13765.15234375,static_H60,33.203125,35.0,52.0,11.0,60.0,66.0
156697,13765.185546875,static_H60,34.179686999777914,35.0,52.0,11.0,60.0,66.0
156698,13765.219726562,static_H60,32.226563000222086,35.0,52.0,11.0,60.0,66.0
156699,13765.251953125,static_H60,38.085936999777914,35.0,52.0,11.0,60.0,66.0
156700,13765.290039062,static_H60,31.25,35.0,52.0,11.0,60.0,66.0
156701,13765.321289062,static_H60,30.273438000222086,35.0,52.0,11.0,60.0,66.0
156702,13765.3515625,static_H60,35.15625,35.0,52.0,11.0,60.0,66.0
156703,13765.38671875,static_H60,32.226561999777914,35.0,52.0,11.0,60.0,66.0
156704,13765.418945312,static_H60,33.20312600044417,35.0,52.0,11.0,60.0,66.0
156705,13765.452148438,static_H60,33.20312399955583,35.0,52.0,11.0,60.0,66.0
156706,13765.485351562,static_H60,34.179688000222086,35.0,52.0,11.0,60.0,66.0
156707,13765.51953125,static_H60,32.226561999777914,55.0,52.0,11.0,60.0,65.0
156708,13765.551757812,static_H60,33.20312600044417,55.0,52.0,11.0,60.0,65.0
156709,13765.584960938,static_H60,33.20312399955583,55.0,52.0,11.0,60.0,65.0
156710,13765.618164062,static_H60,33.20312600044417,55.0,52.0,11.0,60.0,65.0
156711,13765.651367188,static_H60,33.20312399955583,55.0,52.0,11.0,60.0,65.0
156712,13765.684570312,static_H60,34.179688000222086,55.0,52.0,11.0,60.0,65.0
156713,13765.71875,static_H60,34.179688000222086,55.0,52.0,11.0,60.0,65.0
156714,13765.752929688,static_H60,32.226561999777914,55.0,52.0,11.0,60.0,65.0
156715,13765.78515625,static_H60,33.203125,55.0,52.0,11.0,60.0,65.0
156716,13765.818359375,static_H60,33.203125,55.0,52.0,11.0,60.0,65.0
156717,13765.8515625,static_H60,32.226561999777914,55.0,52.0,11.0,60.0,65.0
156718,13765.883789062,static_H60,35.15625,55.0,52.0,11.0,60.0,65.0
156719,13765.918945312,static_H60,33.20312600044417,55.0,52.0,11.0,60.0,65.0
156720,13765.952148438,static_H60,32.226561999777914,55.0,52.0,11.0,60.0,65.0
156721,13765.984375,static_H60,33.203125,55.0,52.0,11.0,60.0,65.0
156722,13766.017578125,static_H60,34.179686999777914,55.0,52.0,11.0,60.0,65.0
156723,13766.051757812,static_H60,33.20312600044417,87.0,52.0,11.0,60.0,65.0
156724,13766.084960938,static_H60,32.226561999777914,87.0,52.0,11.0,60.0,65.0
156725,13766.1171875,static_H60,33.203125,87.0,52.0,11.0,60.0,65.0
156726,13766.150390625,static_H60,34.179686999777914,87.0,52.0,11.0,60.0,65.0
156727,13766.184570312,static_H60,33.20312600044417,87.0,52.0,11.0,60.0,65.0
156728,13766.217773438,static_H60,35.15625,87.0,52.0,11.0,60.0,65.0
156729,13766.252929688,static_H60,31.25,87.0,52.0,11.0,60.0,65.0
156730,13766.284179688,static_H60,35.15625,87.0,52.0,11.0,60.0,65.0
156731,13766.319335938,static_H60,31.25,87.0,52.0,11.0,60.0,65.0
156732,13766.350585938,static_H60,34.179686999777914,87.0,52.0,11.0,60.0,65.0
156733,13766.384765625,static_H60,32.226563000222086,87.0,52.0,11.0,60.0,65.0
156734,13766.416992188,static_H60,34.179686999777914,87.0,52.0,11.0,60.0,65.0
156735,13766.451171875,static_H60,32.226563000222086,87.0,52.0,11.0,60.0,65.0
156736,13766.483398438,static_H60,35.15625,87.0,52.0,11.0,60.0,65.0
156737,13766.518554688,static_H60,34.179686999777914,87.0,52.0,11.0,60.0,65.0
156738,13766.552734375,static_H60,31.25,109.0,158.0,7.0,60.0,65.0
156739,13766.583984375,static_H60,33.203125,109.0,158.0,7.0,60.0,65.0
156740,13766.6171875,static_H60,33.203125,109.0,158.0,7.0,60.0,65.0
156741,13766.650390625,static_H60,33.203125,109.0,158.0,7.0,60.0,65.0
156742,13766.68359375,static_H60,34.179688000222086,109.0,158.0,7.0,60.0,65.0
156743,13766.717773438,static_H60,34.179686999777914,109.0,158.0,7.0,60.0,65.0
156744,13766.751953125,static_H60,33.203125,109.0,158.0,7.0,60.0,65.0
156745,13766.78515625,static_H60,37.109375,109.0,158.0,7.0,60.0,65.0
156746,13766.822265625,static_H60,31.25,109.0,158.0,7.0,60.0,65.0
156747,13766.853515625,static_H60,30.273436999777914,109.0,158.0,7.0,60.0,65.0
156748,13766.883789062,static_H60,35.15625,109.0,158.0,7.0,60.0,65.0
156749,13766.918945312,static_H60,31.25,109.0,158.0,7.0,60.0,65.0
156750,13766.950195312,static_H60,34.179688000222086,109.0,158.0,7.0,60.0,65.0
156751,13766.984375,static_H60,33.203125,109.0,158.0,7.0,60.0,65.0
156752,13767.017578125,static_H60,36.132813000222086,109.0,158.0,7.0,60.0,65.0
156753,13767.053710938,static_H60,30.273436999777914,149.0,158.0,7.0,60.0,64.0
156754,13767.083984375,static_H60,32.226563000222086,149.0,158.0,7.0,60.0,64.0
156755,13767.116210938,static_H60,34.179686999777914,149.0,158.0,7.0,60.0,64.0
156756,13767.150390625,static_H60,34.179686999777914,149.0,158.0,7.0,60.0,64.0
156757,13767.184570312,static_H60,32.226563000222086,149.0,158.0,7.0,60.0,64.0
156758,13767.216796875,static_H60,33.203125,149.0,158.0,7.0,60.0,64.0
156759,13767.25,static_H60,34.179688000222086,149.0,158.0,7.0,60.0,64.0
156760,13767.284179688,static_H60,35.15625,149.0,158.0,7.0,60.0,64.0
156761,13767.319335938,static_H60,30.273436999777914,149.0,158.0,7.0,60.0,64.0
156762,13767.349609375,static_H60,34.179686999777914,149.0,158.0,7.0,60.0,64.0
156763,13767.383789062,static_H60,33.20312600044417,149.0,158.0,7.0,60.0,64.0
156764,13767.416992188,static_H60,35.15625,149.0,158.0,7.0,60.0,64.0
156765,13767.452148438,static_H60,32.226561999777914,149.0,158.0,7.0,60.0,64.0
156766,13767.484375,static_H60,32.226561999777914,149.0,158.0,7.0,60.0,64.0
156767,13767.516601562,static_H60,35.15625,149.0,158.0,7.0,60.0,64.0
156768,13767.551757812,static_H60,34.179688000222086,149.0,158.0,7.0,60.0,64.0
156769,13767.5859375,static_H60,32.226561999777914,149.0,158.0,7.0,60.0,64.0
156770,13767.618164062,static_H60,33.20312600044417,149.0,158.0,7.0,60.0,64.0
156771,13767.651367188,static_H60,32.226561999777914,149.0,158.0,7.0,60.0,64.0
156772,13767.68359375,static_H60,33.203125,149.0,158.0,7.0,60.0,64.0
156773,13767.716796875,static_H60,33.203125,149.0,158.0,7.0,60.0,64.0
156774,13767.75,static_H60,33.203125,149.0,158.0,7.0,60.0,64.0
156775,13767.783203125,static_H60,33.203125,149.0,158.0,7.0,60.0,64.0
156776,13767.81640625,static_H60,33.203125,149.0,158.0,7.0,60.0,64.0
156777,13767.849609375,static_H60,35.15625,149.0,158.0,7.0,60.0,64.0
156778,13767.884765625,static_H60,32.226563000222086,149.0,158.0,7.0,60.0,64.0
156779,13767.916992188,static_H60,34.179686999777914,149.0,158.0,7.0,60.0,64.0
156780,13767.951171875,static_H60,33.203125,149.0,158.0,7.0,60.0,64.0
156781,13767.984375,static_H60,32.226561999777914,149.0,158.0,7.0,60.0,64.0
156782,13768.016601562,static_H60,36.132813000222086,149.0,158.0,7.0,60.0,64.0
156783,13768.052734375,static_H60,36.132813000222086,149.0,158.0,7.0,60.0,64.0
156784,13768.088867188,static_H60,28.320311999777914,150.0,158.0,7.0,60.0,66.0
156785,13768.1171875,static_H60,33.203125,150.0,158.0,7.0,60.0,66.0
156786,13768.150390625,static_H60,32.226563000222086,150.0,158.0,7.0,60.0,66.0
156787,13768.182617188,static_H60,34.179686999777914,150.0,158.0,7.0,60.0,66.0
156788,13768.216796875,static_H60,33.203125,150.0,158.0,7.0,60.0,66.0
156789,13768.25,static_H60,33.203125,150.0,158.0,7.0,60.0,66.0
156790,13768.283203125,static_H60,33.203125,150.0,158.0,7.0,60.0,66.0
156791,13768.31640625,static_H60,36.132811999777914,150.0,158.0,7.0,60.0,66.0
156792,13768.352539062,static_H60,30.273438000222086,150.0,158.0,7.0,60.0,66.0
156793,13768.3828125,static_H60,34.179688000222086,150.0,158.0,7.0,60.0,66.0
156794,13768.416992188,static_H60,32.226561999777914,150.0,158.0,7.0,60.0,66.0
156795,13768.44921875,static_H60,34.179688000222086,150.0,158.0,7.0,60.0,66.0
156796,13768.483398438,static_H60,34.179686999777914,150.0,158.0,7.0,60.0,66.0
156797,13768.517578125,static_H60,32.226563000222086,150.0,158.0,7.0,60.0,66.0
156798,13768.549804688,static_H60,33.20312399955583,150.0,158.0,7.0,60.0,66.0
156799,13768.583007812,static_H60,38.085938000222086,150.0,158.0,7.0,60.0,66.0
156800,13768.62109375,static_H60,29.296875,150.0,179.0,5.0,60.0,70.0
156801,13768.650390625,static_H60,34.179686999777914,150.0,179.0,5.0,60.0,70.0
156802,13768.684570312,static_H60,31.25,150.0,179.0,5.0,60.0,70.0
156803,13768.715820312,static_H60,34.179688000222086,150.0,179.0,5.0,60.0,70.0
156804,13768.75,static_H60,33.203125,150.0,179.0,5.0,60.0,70.0
156805,13768.783203125,static_H60,33.203125,150.0,179.0,5.0,60.0,70.0
156806,13768.81640625,static_H60,34.179688000222086,150.0,179.0,5.0,60.0,70.0
156807,13768.850585938,static_H60,31.25,150.0,179.0,5.0,60.0,70.0
156808,13768.881835938,static_H60,34.179686999777914,150.0,179.0,5.0,60.0,70.0
156809,13768.916015625,static_H60,33.203125,150.0,179.0,5.0,60.0,70.0
156810,13768.94921875,static_H60,33.203125,150.0,179.0,5.0,60.0,70.0
156811,13768.982421875,static_H60,34.179686999777914,150.0,179.0,5.0,60.0,70.0
156812,13769.016601562,static_H60,31.25,150.0,179.0,5.0,60.0,70.0
156813,13769.047851562,static_H60,34.179688000222086,150.0,179.0,5.0,60.0,70.0
156814,13769.08203125,static_H60,33.203125,150.0,179.0,5.0,60.0,70.0
156815,13769.115234375,static_H60,34.179686999777914,150.0,179.0,5.0,60.0,70.0
156816,13769.149414062,static_H60,32.226563000222086,149.0,179.0,5.0,60.0,66.0
156817,13769.181640625,static_H60,34.179686999777914,149.0,179.0,5.0,60.0,66.0
156818,13769.215820312,static_H60,32.226563000222086,149.0,179.0,5.0,60.0,66.0
156819,13769.248046875,static_H60,34.179686999777914,149.0,179.0,5.0,60.0,66.0
156820,13769.282226562,static_H60,34.179688000222086,149.0,179.0,5.0,60.0,66.0
156821,13769.31640625,static_H60,32.226561999777914,149.0,179.0,5.0,60.0,66.0
156822,13769.348632812,static_H60,33.20312600044417,149.0,179.0,5.0,60.0,66.0
156823,13769.381835938,static_H60,33.20312399955583,149.0,179.0,5.0,60.0,66.0
156824,13769.415039062,static_H60,33.20312600044417,149.0,179.0,5.0,60.0,66.0
156825,13769.448242188,static_H60,34.179686999777914,149.0,179.0,5.0,60.0,66.0
156826,13769.482421875,static_H60,34.179686999777914,149.0,179.0,5.0,60.0,66.0
156827,13769.516601562,static_H60,33.20312600044417,149.0,179.0,5.0,60.0,66.0
156828,13769.549804688,static_H60,33.20312399955583,149.0,179.0,5.0,60.0,66.0
156829,13769.583007812,static_H60,32.226563000222086,149.0,179.0,5.0,60.0,66.0
156830,13769.615234375,static_H60,33.203125,149.0,179.0,5.0,60.0,66.0
156831,13769.6484375,static_H60,34.179688000222086,149.0,179.0,5.0,60.0,66.0
156832,13769.682617188,static_H60,32.226561999777914,149.0,179.0,5.0,60.0,71.0
156833,13769.71484375,static_H60,34.179688000222086,149.0,179.0,5.0,60.0,71.0
156834,13769.749023438,static_H60,32.226561999777914,149.0,179.0,5.0,60.0,71.0
156835,13769.78125,static_H60,34.179688000222086,149.0,179.0,5.0,60.0,71.0
156836,13769.815429688,static_H60,33.20312399955583,149.0,179.0,5.0,60.0,71.0
156837,13769.848632812,static_H60,33.20312600044417,149.0,179.0,5.0,60.0,71.0
156838,13769.881835938,static_H60,33.20312399955583,149.0,179.0,5.0,60.0,71.0
156839,13769.915039062,static_H60,33.20312600044417,149.0,179.0,5.0,60.0,71.0
156840,13769.948242188,static_H60,34.179686999777914,149.0,179.0,5.0,60.0,71.0
156841,13769.982421875,static_H60,32.226563000222086,149.0,179.0,5.0,60.0,71.0
156842,13770.014648438,static_H60,33.20312399955583,149.0,179.0,5.0,60.0,71.0
156843,13770.047851562,static_H60,34.179688000222086,149.0,179.0,5.0,60.0,71.0
156844,13770.08203125,static_H60,33.203125,149.0,179.0,5.0,60.0,71.0
156845,13770.115234375,static_H60,34.179686999777914,149.0,179.0,5.0,60.0,71.0
156846,13770.149414062,static_H60,32.226563000222086,149.0,179.0,5.0,60.0,71.0
156847,13770.181640625,static_H60,36.132813000222086,149.0,179.0,5.0,60.0,71.0
156848,13770.217773438,static_H60,34.179686999777914,148.0,179.0,5.0,60.0,75.0
156849,13770.251953125,static_H60,30.273436999777914,148.0,179.0,5.0,60.0,75.0
156850,13770.282226562,static_H60,32.226563000222086,148.0,179.0,5.0,60.0,75.0
156851,13770.314453125,static_H60,33.203125,148.0,179.0,5.0,60.0,75.0
156852,13770.34765625,static_H60,33.203125,148.0,179.0,5.0,60.0,75.0
156853,13770.380859375,static_H60,33.203125,148.0,179.0,5.0,60.0,75.0
156854,13770.4140625,static_H60,34.179688000222086,148.0,179.0,5.0,60.0,75.0
156855,13770.448242188,static_H60,35.15625,148.0,179.0,5.0,60.0,75.0
156856,13770.483398438,static_H60,30.273436999777914,148.0,179.0,5.0,60.0,75.0
156857,13770.513671875,static_H60,33.203125,148.0,179.0,5.0,60.0,75.0
156858,13770.546875,static_H60,33.203125,148.0,179.0,5.0,60.0,75.0
156859,13770.580078125,static_H60,34.179686999777914,148.0,179.0,5.0,60.0,75.0
156860,13770.614257812,static_H60,34.179688000222086,148.0,179.0,5.0,60.0,75.0
156861,13770.6484375,static_H60,33.203125,148.0,179.0,5.0,60.0,75.0
156862,13770.681640625,static_H60,34.179686999777914,148.0,179.0,5.0,60.0,75.0
156863,13770.715820312,static_H60,34.179688000222086,148.0,179.0,5.0,60.0,75.0
156864,13770.75,static_H60,30.273438000222086,148.0,186.0,5.0,60.0,75.0
156865,13770.780273438,static_H60,34.179686999777914,148.0,186.0,5.0,60.0,75.0
156866,13770.814453125,static_H60,32.226563000222086,148.0,186.0,5.0,60.0,75.0
156867,13770.846679688,static_H60,33.20312399955583,148.0,186.0,5.0,60.0,75.0
156868,13770.879882812,static_H60,34.179688000222086,148.0,186.0,5.0,60.0,75.0
156869,13770.9140625,static_H60,35.15625,148.0,186.0,5.0,60.0,75.0
156870,13770.94921875,static_H60,30.273438000222086,148.0,186.0,5.0,60.0,75.0
156871,13770.979492188,static_H60,35.15625,148.0,186.0,5.0,60.0,75.0
156872,13771.014648438,static_H60,32.226561999777914,148.0,186.0,5.0,60.0,75.0
156873,13771.046875,static_H60,33.203125,148.0,186.0,5.0,60.0,75.0
156874,13771.080078125,static_H60,33.203125,148.0,186.0,5.0,60.0,75.0
156875,13771.11328125,static_H60,34.179688000222086,148.0,186.0,5.0,60.0,75.0
