opcode,signature,count
0xffffc0a0,Culul,1453
0xffffc0a2,Culul,898
0xffffc087,Cululultulul,431
0xffffd800,CtU<b>ulul,405
0xffffc06a,Ctulul,252
0xffffc069,Ct,213
0xffffc07c,C@2t@2ul,157
0xffffc06c,Ctul,90
0xffffc13f,CS,58
0xffffc140,C,58
0xffffc083,Cui,56
0xffffc07e,C@2t@2ul,54
0xffffc082,Ct,47
0xffffc074,Cul,47
0xffffc073,Cul,47
0xffffc076,Cfff,47
0xffffc075,Cul,47
0xffffc078,Cul,47
0xffffc07d,Ctul,38
0xffffc07b,Ctul,38
0xffffc06e,Ctul,25
0xffffc07c,C@3t@2ul,23
0xffffc072,C@6d,15
0xffffc06b,C@2t@2ul@2ul,14
0xffffc01f,CU,12
0xffffc06d,C@6t@2ul,12
0xffffc06f,C@5t@2ul,12
0xffffc07c,C@14t@2ul,12
0xffffc07e,C@12t@2ul,12
0xffffc08a,C,12
0xffffc068,C,12
0xffffc0e1,Culul,12
0xffffc06d,C@2t@2ul,11
0xffffc07c,C@6t@2ul,10
0xffffc06b,C@3t@3ul@2ul,8
0xffffc07c,C@4t@2ul,8
0xffffc079,Ctulul,7
0xffffc06b,C@4t@4ul@2ul,5
0xffffc046,Culul,4
0xffffd80c,Cuw,4
0xffffc00d,Ci,4
0xffffd811,Cul,4
0xffffd825,Cuw,4
0xffffd836,Cuwuw,4
0xffffc00e,C,4
0xffffc06b,C@6t@6ul@2ul,3
0xffffc06d,C@3t@2ul,3
0xffffc0e2,Cul,3
0xffffc07e,C@3t@2ul,3
0xffffc01c,Ct,2
0xffffc07c,C@5t@2ul,2
0xffffc06d,C@5t@2ul,2
0xffffc07c,C@8t@2ul,2
0xffffc07e,C@4t@2ul,2
0xffffc07e,C@5t@2ul,2
0xffffe407,C,1
0xffffe402,C,1
0xffffe401,C,1
0xffffd80d,Cuw,1
0xffffc091,Ci,1
0xffffd812,Cui,1
0xffffd809,CU,1
0xffffd823,Cui,1
0xffffd824,Cuw,1
0xffffd82a,Cuw,1
0xffffd84c,Cuw,1
0xffffc090,CS,1
0xffffc098,Cul,1
0xffffd806,Cui,1
0xffffd80b,CUUU,1
0xffffc029,C,1
0xffffc067,CS,1
0xffffc07a,C@5t@5ul@2ul,1
0xffffc07e,C@6t@2ul,1
0xffffc06d,C@4t@2ul,1
0xffffc07c,C@7t@2ul,1
0xffffc07e,C@8t@2ul,1
0xffffc085,Culululul,1
0xffffc0e3,Cul,1
0xffffc0fb,Ctd,1
0xffffc017,C,1
