case,draw_number,encoder_index,pipeline,mesh_label,kind,primitive_type,count,instance_count,vertex_source,fragment_source,submitted_triangles,VS_instructions,FS_instructions,textures
empire1,1,0,0x16b552400,M_shuiche_A,indexed,3,6960,1,B5B6D85014F58E9A,D1B904E519407191,2320,88,2,N_SM_shuiche_AT_C
empire1,2,0,0x16b552400,M_BChnC_01_LOD2_A,indexed,3,1803,5,B5B6D85014F58E9A,D1B904E519407191,3005,88,2,N_SM_shuiche_AT_C
empire1,3,0,0x16b552400,M_FR_WHARF_A4_LD02_A,indexed,3,2679,1,B5B6D85014F58E9A,D1B904E519407191,893,88,2,N_SM_shuiche_AT_C
empire1,4,0,0x16b552400,M_CN_PROPS04_A4_LD02_A,indexed,3,306,8,B5B6D85014F58E9A,D1B904E519407191,816,88,2,N_SM_shuiche_AT_C
empire1,5,0,0x16b551800,M_BA_HORSE1_LD02_A,indexed,3,687,6,1B40A8F37A170B65,D1B904E519407191,1374,150,2,N_0_AT_C; N_1_AT_C; N_2_AT_C; N_3_AT_C
empire1,6,0,0x16b553000,M_CN_VIPSHIP_A4_LD03_A,indexed,3,5931,1,B5B6D85014F58E9A,D1B904E519407191,1977,88,2,N_0_AT_C
empire1,7,0,0x1740ac000,M_BS_CN_PALDN_L3_LD02_A,indexed,3,600,2,B5B6D85014F58E9A,D1B904E519407191,400,88,2,N_0_AT_C
empire1,8,0,0x1740ac000,M_BN_CN_FAT1_LD02_A,indexed,3,657,2,B5B6D85014F58E9A,D1B904E519407191,438,88,2,N_0_AT_C
empire1,9,0,0x1740ac000,M_BN_CN_FAT1_O_LD02_A,indexed,3,1830,18,B5B6D85014F58E9A,D1B904E519407191,10980,88,2,N_0_AT_C
empire1,10,0,0x1740ac000,M_BN_CN_FFARMER1_O_LD02_A,indexed,3,1830,17,B5B6D85014F58E9A,D1B904E519407191,10370,88,2,N_0_AT_C
empire1,11,0,0x1740ac000,M_BN_CN_THIN1_LD02_A,indexed,3,645,1,B5B6D85014F58E9A,D1B904E519407191,215,88,2,N_0_AT_C
empire1,12,0,0x16b552400,M_CN_CENTER_A3_O_LD00_A,indexed,3,1563,7,B5B6D85014F58E9A,D1B904E519407191,3647,88,2,N_0_AT_C
empire1,13,0,0x1740ac000,M_BS_CN_ARCHR_L2_LD02_A,indexed,3,594,2,B5B6D85014F58E9A,D1B904E519407191,396,88,2,N_0_AT_C
empire1,14,0,0x1740ac000,M_BS_CN_PALDN_L2_LD02_A,indexed,3,696,6,B5B6D85014F58E9A,D1B904E519407191,1392,88,2,N_0_AT_C
empire1,15,0,0x1740ac000,M_BS_CN_PALDN_L2_H_LD02_A,indexed,3,558,2,B5B6D85014F58E9A,D1B904E519407191,372,88,2,N_0_AT_C
empire1,16,0,0x1740ac000,M_BM_H_BODY_L1_LD02_A,indexed,3,624,3,B5B6D85014F58E9A,D1B904E519407191,624,88,2,N_0_AT_C
empire1,17,0,0x1740ac000,M_BN_CN_MFARMER1_O_LD02_A,indexed,3,1830,1,B5B6D85014F58E9A,D1B904E519407191,610,88,2,N_0_AT_C
empire1,18,0,0x1740ac000,M_BN_CN_MFARMER1_LD02_A,indexed,3,678,1,B5B6D85014F58E9A,D1B904E519407191,226,88,2,N_0_AT_C
empire1,19,0,0x1740ac000,M_BS_CN_CHANG_L2_LD02_A,indexed,3,696,8,B5B6D85014F58E9A,D1B904E519407191,1856,88,2,N_0_AT_C
empire1,20,0,0x1740ac000,M_BN_FR_HAWKER1_LD02_A,indexed,3,774,1,B5B6D85014F58E9A,D1B904E519407191,258,88,2,N_0_AT_C
empire1,21,0,0x1740ac000,M_BS_CN_PKEMN_L2_LD02_A,indexed,3,732,4,B5B6D85014F58E9A,D1B904E519407191,976,88,2,N_0_AT_C
empire1,22,0,0x1740ac000,M_BH_JOA_LD02_A,indexed,3,699,1,B5B6D85014F58E9A,D1B904E519407191,233,88,2,N_0_AT_C
empire1,23,0,0x1740ac000,M_BH_ODA_LD02_A,indexed,3,795,1,B5B6D85014F58E9A,D1B904E519407191,265,88,2,N_0_AT_C
empire1,24,0,0x1740ac000,M_BH_GAIUS_LD02_A,indexed,3,849,1,B5B6D85014F58E9A,D1B904E519407191,283,88,2,N_0_AT_C
empire1,25,1,0x174168000,SM_MountHuangB_02_City_LOD3,indexed,3,1761,4,CC7620EBED6C48DE,74B67F909E32C446,2348,380,223,DefaltBlackTexture; Game_SHARED_GAME_SHADOW_MAP_NAME; Game_SHARED_GAME_SHADOW_MAP_NAME_2; T_CityMountHuangB_D; T_CityMountHuangB_NRT; T_Cloud_M; UnityWhite
empire1,26,1,0x174168000,SM_MountHuangA_02_City_LOD3,indexed,3,2838,2,CC7620EBED6C48DE,74B67F909E32C446,1892,380,223,DefaltBlackTexture; Game_SHARED_GAME_SHADOW_MAP_NAME; Game_SHARED_GAME_SHADOW_MAP_NAME_2; T_CityMountHuangA_02_D; T_CityMountHuangA_02_NRT; T_Cloud_M; UnityWhite
empire1,27,1,0x174169800,SM_CityLotus_CN_01_LOD01,indexed,3,405,9,4A0D8380ECEC865B,5F656BBB84FAD980,1215,479,261,DefaltBlackTexture; Game_SHARED_GAME_SHADOW_MAP_NAME; Game_SHARED_GAME_SHADOW_MAP_NAME_2; T_CityTree_D_C; T_CityTree_NRA; T_Cloud_M; UnityWhite
empire1,28,1,0x174168000,SM_pebbles_group_01,indexed,3,1170,7,CC7620EBED6C48DE,74B67F909E32C446,2730,380,223,DefaltBlackTexture; Game_SHARED_GAME_SHADOW_MAP_NAME; Game_SHARED_GAME_SHADOW_MAP_NAME_2; T_CityRock_DA_C; T_CityRock_NRT_C; T_Cloud_M; UnityWhite
empire1,29,1,0x174168000,SM_Rock_16,indexed,3,1248,18,CC7620EBED6C48DE,74B67F909E32C446,7488,380,223,DefaltBlackTexture; Game_SHARED_GAME_SHADOW_MAP_NAME; Game_SHARED_GAME_SHADOW_MAP_NAME_2; T_CityRock_DA_C; T_CityRock_NRT_C; T_Cloud_M; UnityWhite
empire1,30,1,0x174168000,SM_Rock_13,indexed,3,1758,23,CC7620EBED6C48DE,74B67F909E32C446,13478,380,223,DefaltBlackTexture; Game_SHARED_GAME_SHADOW_MAP_NAME; Game_SHARED_GAME_SHADOW_MAP_NAME_2; T_CityRock_DA_C; T_CityRock_NRT_C; T_Cloud_M; UnityWhite
empire1,31,1,0x174168000,SM_Rock_15,indexed,3,1644,18,CC7620EBED6C48DE,74B67F909E32C446,9864,380,223,DefaltBlackTexture; Game_SHARED_GAME_SHADOW_MAP_NAME; Game_SHARED_GAME_SHADOW_MAP_NAME_2; T_CityRock_DA_C; T_CityRock_NRT_C; T_Cloud_M; UnityWhite
empire1,32,1,0x174168000,SM_Rock_07,indexed,3,1866,7,CC7620EBED6C48DE,74B67F909E32C446,4354,380,223,DefaltBlackTexture; Game_SHARED_GAME_SHADOW_MAP_NAME; Game_SHARED_GAME_SHADOW_MAP_NAME_2; T_CityRock_DA_C; T_CityRock_NRT_C; T_Cloud_M; UnityWhite
empire1,33,1,0x174168000,SM_Rock_10_LOD2,indexed,3,495,2,CC7620EBED6C48DE,74B67F909E32C446,330,380,223,DefaltBlackTexture; Game_SHARED_GAME_SHADOW_MAP_NAME; Game_SHARED_GAME_SHADOW_MAP_NAME_2; T_CityRock_DA_C; T_CityRock_NRT_C; T_Cloud_M; UnityWhite
empire1,34,1,0x17416b000,SM_BerryCluster,indexed,3,726,9,DB879FA045206D5C,F4BE18C4370788AD,2178,362,281,DefaltBlackTexture; Game_SHARED_GAME_SHADOW_MAP_NAME; Game_SHARED_GAME_SHADOW_MAP_NAME_2; T_CityTree_D_C; T_CityTree_NRA; T_Cloud_M; UnityWhite; _FXTex01
empire1,35,1,0x174180000,SM_CityTree_01_LOD1,indexed,3,534,19,4A0D8380ECEC865B,5F656BBB84FAD980,3382,477,261,Game_SHARED_GAME_SHADOW_MAP_NAME; Game_SHARED_GAME_SHADOW_MAP_NAME_2; T_CityTree_D_C; T_CityTree_NRA; T_Cloud_M; UnityWhite; _WeatherSplitTex
empire1,36,1,0x174180000,SM_CityTree_04_LOD1,indexed,3,456,4,4A0D8380ECEC865B,5F656BBB84FAD980,608,477,261,Game_SHARED_GAME_SHADOW_MAP_NAME; Game_SHARED_GAME_SHADOW_MAP_NAME_2; T_CityTree_D_C; T_CityTree_NRA; T_Cloud_M; UnityWhite; _WeatherSplitTex
empire1,37,1,0x174181800,SM_WRE_NC_GOLDB_L05_LOD03,indexed,3,930,12,14788CCAB56E96D8,2984D55E52C1E153,3720,343,322,Game_SHARED_GAME_SHADOW_MAP_NAME; Game_SHARED_GAME_SHADOW_MAP_NAME_2; T_City_China_RP2D; T_Cloud_M; T_WRE_NC_GOLD_D; T_WRE_NC_GOLD_NRT; UnityWhite; _WeatherSplitTex
empire1,38,1,0x174183000,SM_StonemineB_Lv2_LOD2,indexed,3,663,26,69B88B548D033785,D592BEC78CA5E7C9,5746,371,223,BnSFog_FogMaskTex; Game_SHARED_GAME_SHADOW_MAP_NAME; Game_SHARED_GAME_SHADOW_MAP_NAME_2; T_Cloud_M; T_WRE_NC_ROCK01_NRT; T_WRE_NC_ROCK_D; UnityBlack
empire1,39,1,0x174184c00,SM_Grass10,indexed,3,438,51,2D0003307A2DDCE2,DC527BA668D83F94,7446,398,262,DefaltBlackTexture; Game_SHARED_GAME_SHADOW_MAP_NAME; Game_SHARED_GAME_SHADOW_MAP_NAME_2; T_CityGrass_D; T_CityGrass_NRA; T_Cloud_M; UnityWhite; _FXTex01; _MaskTex
empire1,40,1,0x174186400,SM_Grass17,indexed,3,336,27,2D0003307A2DDCE2,D398500030572B2,3024,398,222,DefaltBlackTexture; Game_SHARED_GAME_SHADOW_MAP_NAME; Game_SHARED_GAME_SHADOW_MAP_NAME_2; T_CityTree_D_C; T_CityTree_NRA; UnityWhite; _FXTex01
empire1,41,1,0x174184c00,SM_Grass16,indexed,3,18,511,2D0003307A2DDCE2,DC527BA668D83F94,3066,398,262,DefaltBlackTexture; Game_SHARED_GAME_SHADOW_MAP_NAME; Game_SHARED_GAME_SHADOW_MAP_NAME_2; T_CityGrass_D; T_CityGrass_NRA; T_Cloud_M; T_Grass16_M; UnityWhite; _FXTex01
empire1,42,1,0x174184c00,SM_Grass16,indexed,3,18,47,2D0003307A2DDCE2,DC527BA668D83F94,282,398,262,DefaltBlackTexture; Game_SHARED_GAME_SHADOW_MAP_NAME; Game_SHARED_GAME_SHADOW_MAP_NAME_2; T_CityGrass_D; T_CityGrass_NRA; T_Cloud_M; T_Grass16_M; UnityWhite; _FXTex01
empire1,43,1,0x174184c00,SM_GrassReed_01,indexed,3,132,176,2D0003307A2DDCE2,DC527BA668D83F94,7744,398,262,DefaltBlackTexture; Game_SHARED_GAME_SHADOW_MAP_NAME; Game_SHARED_GAME_SHADOW_MAP_NAME_2; T_CityGrass_D; T_CityGrass_NRA; T_Cloud_M; UnityWhite; _FXTex01; _MaskTex
empire1,44,1,0x174180000,SM_ChinaCityTree_02,indexed,3,1848,54,4A0D8380ECEC865B,5F656BBB84FAD980,33264,477,261,CloudTex; Game_SHARED_GAME_SHADOW_MAP_NAME; Game_SHARED_GAME_SHADOW_MAP_NAME_2; T_CityTree_D_C; T_CityTree_NRA; UnityWhite; _WeatherSplitTex
empire1,45,1,0x174187000,SM_ChinaCityTree_03_LOD1,indexed,3,1230,6,2D0003307A2DDCE2,DC527BA668D83F94,2460,396,262,DefaltBlackTexture; Game_SHARED_GAME_SHADOW_MAP_NAME; Game_SHARED_GAME_SHADOW_MAP_NAME_2; T_CityTree_D_C; T_CityTree_NRA; T_Cloud_M; UnityWhite; _FXTex01; _MaskTex
empire1,46,1,0x174188c00,LOD0SG11,indexed,3,147,25,2D0003307A2DDCE2,733A19A0DCE8699,1225,396,254,DefaltBlackTexture; Game_SHARED_GAME_SHADOW_MAP_NAME; Game_SHARED_GAME_SHADOW_MAP_NAME_2; T_CityTree_D_C; T_CityTree_NRA; T_Cloud_M; UnityWhite; _ColorMask; _FXTex01
empire1,47,1,0x174180000,SM_ChinaCityTree_01_LOD1,indexed,3,561,9,4A0D8380ECEC865B,5F656BBB84FAD980,1683,477,261,Game_SHARED_GAME_SHADOW_MAP_NAME; Game_SHARED_GAME_SHADOW_MAP_NAME_2; T_CityTree_D_C; T_CityTree_NRA; T_Cloud_M; UnityWhite; _WeatherSplitTex
empire1,48,1,0x174180000,SM_ChinaCityTree_04_LOD1,indexed,3,894,4,4A0D8380ECEC865B,5F656BBB84FAD980,1192,477,261,Game_SHARED_GAME_SHADOW_MAP_NAME; Game_SHARED_GAME_SHADOW_MAP_NAME_2; T_CityTree_D_C; T_CityTree_NRA; T_Cloud_M; UnityWhite; _WeatherSplitTex
empire1,49,1,0x174188c00,SM_GrasslandCircular_B_LOD0,indexed,3,108,136,2D0003307A2DDCE2,733A19A0DCE8699,4896,396,254,DefaltBlackTexture; Game_SHARED_GAME_SHADOW_MAP_NAME; Game_SHARED_GAME_SHADOW_MAP_NAME_2; T_CityTree_D_C; T_CityTree_NRA; T_Cloud_M; T_FoliageGradient_C; UnityWhite; _FXTex01
empire1,50,1,0x174186400,SM_Grass17_B_02,indexed,3,264,128,2D0003307A2DDCE2,D398500030572B2,11264,398,222,DefaltBlackTexture; Game_SHARED_GAME_SHADOW_MAP_NAME; Game_SHARED_GAME_SHADOW_MAP_NAME_2; T_CityTree_D_C; T_CityTree_NRA; UnityWhite; _FXTex01
empire1,51,1,0x17418a400,SM_Grass_01,indexed,3,411,17,CC7620EBED6C48DE,B188F609D61C2EF3,2329,377,244,Game_SHARED_GAME_SHADOW_MAP_NAME; Game_SHARED_GAME_SHADOW_MAP_NAME_2; T_CityTree_D_C; T_CityTree_NRA; T_Cloud_M; UnityWhite; _WeatherSplitTex
empire1,52,1,0x174190c00,SM_FlagChinaFeudal_004_MorphUV2_MorphExport,indexed,3,612,2,6698D44D00A79B98,D184AC1F266B710B,408,401,185,Game_SHARED_GAME_SHADOW_MAP_NAME; Game_SHARED_GAME_SHADOW_MAP_NAME_2; T_CN_FLAG_A0_DA; T_CN_FLAG_A0_NRT; T_Cloud_M; UnityWhite; _MorphTex
empire1,53,1,0x17418b000,SM_FlagChinaCastle_01,indexed,3,432,1,CC7620EBED6C48DE,74B67F909E32C446,144,379,223,Game_SHARED_GAME_SHADOW_MAP_NAME; Game_SHARED_GAME_SHADOW_MAP_NAME_2; T_CN_FLAG_A0_DA; T_CN_FLAG_A0_NRT; T_Cloud_M; UnityWhite; _WeatherSplitTex
empire1,54,1,0x174190c00,SM_BarChiC_Flag001_MEx,indexed,3,1464,1,6698D44D00A79B98,D184AC1F266B710B,488,401,185,Game_SHARED_GAME_SHADOW_MAP_NAME; Game_SHARED_GAME_SHADOW_MAP_NAME_2; T_CN_BARRACKFLAG_A3_DA; T_CN_BARRACKFLAG_A3_NRT; T_Cloud_M; UnityWhite; _MorphTex
empire1,55,1,0x174191800,SM_NC_PROPS06_A3_LOD01,indexed,3,684,26,CC7620EBED6C48DE,74B67F909E32C446,5928,378,223,Game_SHARED_GAME_SHADOW_MAP_NAME; Game_SHARED_GAME_SHADOW_MAP_NAME_2; T_Cloud_M; T_NC_PROPSC_A3_DA; T_NC_PROPSC_A3_NRT; UnityWhite; _WeatherSplitTex
empire1,56,1,0x174193000,SM_CN_BARRACK_A4_LOD04,indexed,3,4416,1,518EE59035279A02,64FFE712E711D3D5,1472,348,319,BnSFog_FogMaskTex; CachedShadowMap; Game_SHARED_GAME_SHADOW_MAP_NAME_2; T_CN_BARRACK_A4_DA; T_CN_BARRACK_A4_NRT; T_City_China_RP2D; T_Cloud_M
empire1,57,1,0x174181800,SM_CN_GOLDMINE_A4_LOD04,indexed,3,1659,2,14788CCAB56E96D8,2984D55E52C1E153,1106,343,322,CachedShadowMap; Game_SHARED_GAME_SHADOW_MAP_NAME_2; T_CN_GOLDMINE_A4_DA; T_CN_GOLDMINE_A4_NRT; T_City_China_RP2D; T_Cloud_M; UnityWhite; _WeatherSplitTex
empire1,58,1,0x17419cc00,SM_CN_HOUSE01_A4_LOD04,indexed,3,864,4,E8383A36BFC8A08F,D2C560C2AD694FD5,1152,368,213,BnSFog_FogMaskTex; CachedShadowMap; Game_SHARED_GAME_SHADOW_MAP_NAME_2; T_CN_HOUSE_A4_DA; T_CN_HOUSE_A4_NRT; T_Cloud_M
empire1,59,1,0x17419d800,SM_CN_DOCK_A4_LOD04,indexed,3,3981,1,CC7620EBED6C48DE,74B67F909E32C446,1327,377,223,CachedShadowMap; Game_SHARED_GAME_SHADOW_MAP_NAME_2; T_CN_DOCK_A4_DA; T_CN_DOCK_A4_NRT; T_Cloud_M; UnityWhite; _WeatherSplitTex
empire1,60,1,0x17419e400,SM_CN_HOSPITAL_A4_LOD04,indexed,3,2898,1,E8383A36BFC8A08F,D2C560C2AD694FD5,966,370,213,BnSFog_FogMaskTex; CachedShadowMap; Game_SHARED_GAME_SHADOW_MAP_NAME_2; T_CN_HOSPITAL_A4_DA; T_CN_HOSPITAL_A4_NRT; T_Cloud_M
empire1,61,1,0x174190c00,SM_FlagChinaFeudal_007_MorphUV2_MorphExport,indexed,3,402,2,6698D44D00A79B98,D184AC1F266B710B,268,401,185,CachedShadowMap; Game_SHARED_GAME_SHADOW_MAP_NAME_2; T_CN_FLAG_A0_DA; T_CN_FLAG_A0_NRT; T_Cloud_M; UnityWhite; _MorphTex
empire1,62,1,0x174190c00,SM_ArcChiC_Flag001_MEx,indexed,3,1464,1,6698D44D00A79B98,D184AC1F266B710B,488,401,185,CachedShadowMap; Game_SHARED_GAME_SHADOW_MAP_NAME_2; T_CN_BARRACKFLAG_A3_DA; T_CN_BARRACKFLAG_A3_NRT; T_Cloud_M; UnityWhite; _MorphTex
empire1,63,1,0x174193000,SM_CN_ARCHERY_A4_LOD04,indexed,3,3528,1,518EE59035279A02,64FFE712E711D3D5,1176,348,319,BnSFog_FogMaskTex; CachedShadowMap; Game_SHARED_GAME_SHADOW_MAP_NAME_2; T_CN_ARCHERY_A4_DA; T_CN_ARCHERY_A4_NRT; T_City_China_RP2D; T_Cloud_M
empire1,64,1,0x174190c00,SM_FlagChinaFeudal_004_MorphUV2_MorphExport,indexed,3,612,1,6698D44D00A79B98,D184AC1F266B710B,204,401,185,CachedShadowMap; Game_SHARED_GAME_SHADOW_MAP_NAME_2; T_CN_FLAG_A0_DA; T_CN_FLAG_A0_NRT; T_Cloud_M; UnityWhite; _MorphTex
empire1,65,1,0x174193000,SM_CN_TAVERN_A4_LOD04,indexed,3,2745,1,518EE59035279A02,64FFE712E711D3D5,915,348,319,BnSFog_FogMaskTex; CachedShadowMap; Game_SHARED_GAME_SHADOW_MAP_NAME_2; T_CN_TAVERN_A4_DA; T_CN_TAVERN_A4_NRT; T_City_China_RP2D; T_Cloud_M
empire1,66,1,0x17419f000,SM_Flowers02,indexed,3,498,8,80DF5FBA03B5F00C,D398500030572B2,1328,375,222,Game_SHARED_GAME_SHADOW_MAP_NAME; Game_SHARED_GAME_SHADOW_MAP_NAME_2; T_CityTree_D_C; T_CityTree_NRA; UnityWhite; _WeatherSplitTex
empire1,67,1,0x174190c00,SM_SpearBarrackChinaCastle_Flag001_MorphUV2_MorphExport,indexed,3,1464,1,6698D44D00A79B98,D184AC1F266B710B,488,401,185,Game_SHARED_GAME_SHADOW_MAP_NAME; Game_SHARED_GAME_SHADOW_MAP_NAME_2; T_CN_BARRACKFLAG_A3_DA; T_CN_BARRACKFLAG_A3_NRT; T_Cloud_M; UnityWhite; _MorphTex
empire1,68,1,0x174193000,SM_CN_SPEARB_A4_LOD04,indexed,3,2673,1,518EE59035279A02,64FFE712E711D3D5,891,348,319,BnSFog_FogMaskTex; Game_SHARED_GAME_SHADOW_MAP_NAME; Game_SHARED_GAME_SHADOW_MAP_NAME_2; T_CN_SPEARB_A4_DA; T_CN_SPEARB_A4_NRT; T_City_China_RP2D; T_Cloud_M
empire1,69,1,0x17419d800,SM_CN_MTPROPS_A4_LOD04,indexed,3,4263,1,CC7620EBED6C48DE,74B67F909E32C446,1421,377,223,Game_SHARED_GAME_SHADOW_MAP_NAME; Game_SHARED_GAME_SHADOW_MAP_NAME_2; T_CN_MTPROPS_A4_DA; T_CN_MTPROPS_A4_NRT; T_Cloud_M; UnityWhite; _WeatherSplitTex
empire1,70,1,0x17419cc00,SM_CN_MARKET_A4_LOD04,indexed,3,2766,1,E8383A36BFC8A08F,D2C560C2AD694FD5,922,368,213,BnSFog_FogMaskTex; Game_SHARED_GAME_SHADOW_MAP_NAME; Game_SHARED_GAME_SHADOW_MAP_NAME_2; T_CN_MARKET_A4_DA; T_CN_MARKET_A4_NRT; T_Cloud_M
empire1,71,1,0x174190c00,SM_FlagChinaEmpires_003_MorphUV2_MorphExport,indexed,3,462,1,6698D44D00A79B98,D184AC1F266B710B,154,401,185,Game_SHARED_GAME_SHADOW_MAP_NAME; Game_SHARED_GAME_SHADOW_MAP_NAME_2; T_CN_FLAG_A0_DA; T_CN_FLAG_A0_NRT; T_Cloud_M; UnityWhite; _MorphTex
empire1,72,1,0x174190c00,SM_FlagChinaEmpires_002_MorphUV2_MorphExport,indexed,3,462,1,6698D44D00A79B98,D184AC1F266B710B,154,401,185,Game_SHARED_GAME_SHADOW_MAP_NAME; Game_SHARED_GAME_SHADOW_MAP_NAME_2; T_CN_FLAG_A0_DA; T_CN_FLAG_A0_NRT; T_Cloud_M; UnityWhite; _MorphTex
empire1,73,1,0x174190c00,SM_FlagChinaEmpires_004_MorphUV2_MorphExport,indexed,3,402,1,6698D44D00A79B98,D184AC1F266B710B,134,401,185,Game_SHARED_GAME_SHADOW_MAP_NAME; Game_SHARED_GAME_SHADOW_MAP_NAME_2; T_CN_FLAG_A0_DA; T_CN_FLAG_A0_NRT; T_Cloud_M; UnityWhite; _MorphTex
empire1,74,1,0x174193000,SM_CN_EMBASSY_A4_LOD04,indexed,3,4470,1,518EE59035279A02,64FFE712E711D3D5,1490,348,319,BnSFog_FogMaskTex; Game_SHARED_GAME_SHADOW_MAP_NAME; Game_SHARED_GAME_SHADOW_MAP_NAME_2; T_CN_EMBASSY_A4_DA; T_CN_EMBASSY_A4_NRT; T_City_China_RP2D; T_Cloud_M
empire1,75,1,0x174190c00,SM_FlagChinaFeudal_005_MorphUV2_MorphExport,indexed,3,96,9,6698D44D00A79B98,D184AC1F266B710B,288,401,185,Game_SHARED_GAME_SHADOW_MAP_NAME; Game_SHARED_GAME_SHADOW_MAP_NAME_2; T_CN_FLAG_A0_DA; T_CN_FLAG_A0_NRT; T_Cloud_M; UnityWhite; _MorphTex
empire1,76,1,0x174190c00,SM_FlagChinaFeudal_012_MorphUV2_MorphExport,indexed,3,426,4,6698D44D00A79B98,D184AC1F266B710B,568,401,185,Game_SHARED_GAME_SHADOW_MAP_NAME; Game_SHARED_GAME_SHADOW_MAP_NAME_2; T_CN_FLAG_A0_DA; T_CN_FLAG_A0_NRT; T_Cloud_M; UnityWhite; _MorphTex
empire1,77,1,0x174190c00,SM_HallOfWarChinaCastle_Flag001_MorphUV2_MorphExport,indexed,3,1464,1,6698D44D00A79B98,D184AC1F266B710B,488,401,185,Game_SHARED_GAME_SHADOW_MAP_NAME; Game_SHARED_GAME_SHADOW_MAP_NAME_2; T_CN_BARRACKFLAG_A3_DA; T_CN_BARRACKFLAG_A3_NRT; T_Cloud_M; UnityWhite; _MorphTex
empire1,78,1,0x174193000,SM_CN_HALLOFWAR_A4_LOD04,indexed,3,6027,1,518EE59035279A02,64FFE712E711D3D5,2009,348,319,BnSFog_FogMaskTex; Game_SHARED_GAME_SHADOW_MAP_NAME; Game_SHARED_GAME_SHADOW_MAP_NAME_2; T_CN_HALLOFWAR_A4_DA; T_CN_HALLOFWAR_A4_NRT; T_City_China_RP2D; T_Cloud_M
empire1,79,1,0x17419d800,SM_CN_IRONMINE_A4_LOD04,indexed,3,1659,2,CC7620EBED6C48DE,74B67F909E32C446,1106,377,223,Game_SHARED_GAME_SHADOW_MAP_NAME; Game_SHARED_GAME_SHADOW_MAP_NAME_2; T_CN_IRONMINE_A4_DA; T_CN_IRONMINE_A4_NRT; T_Cloud_M; UnityWhite; _WeatherSplitTex
empire1,80,1,0x174193000,SM_CN_CENTER_A4_LOD04,indexed,3,8106,1,518EE59035279A02,64FFE712E711D3D5,2702,348,319,BnSFog_FogMaskTex; Game_SHARED_GAME_SHADOW_MAP_NAME; Game_SHARED_GAME_SHADOW_MAP_NAME_2; T_CN_CENTER_A4_DA; T_CN_CENTER_A4_NRT; T_City_China_RP2D; T_Cloud_M
empire1,81,1,0x17419d800,SM_CN_TOWER_A4_LOD04,indexed,3,2418,1,CC7620EBED6C48DE,74B67F909E32C446,806,377,223,Game_SHARED_GAME_SHADOW_MAP_NAME; Game_SHARED_GAME_SHADOW_MAP_NAME_2; T_CN_TOWER_A4_DA; T_CN_TOWER_A4_NRT; T_Cloud_M; UnityWhite; _WeatherSplitTex
empire1,82,1,0x174190c00,SM_StableChinaCastle_Flag001_MorphUV2_MorphExport,indexed,3,1464,1,6698D44D00A79B98,D184AC1F266B710B,488,401,185,Game_SHARED_GAME_SHADOW_MAP_NAME; Game_SHARED_GAME_SHADOW_MAP_NAME_2; T_CN_BARRACKFLAG_A3_DA; T_CN_BARRACKFLAG_A3_NRT; T_Cloud_M; UnityWhite; _MorphTex
empire1,83,1,0x174193000,SM_CN_STABLE_A4_LOD04,indexed,3,2775,1,518EE59035279A02,64FFE712E711D3D5,925,348,319,BnSFog_FogMaskTex; Game_SHARED_GAME_SHADOW_MAP_NAME; Game_SHARED_GAME_SHADOW_MAP_NAME_2; T_CN_STABLE_A4_DA; T_CN_STABLE_A4_NRT; T_City_China_RP2D; T_Cloud_M
empire1,84,1,0x174193000,SM_CN_SCHOOL_A4_LOD04,indexed,3,4026,1,518EE59035279A02,64FFE712E711D3D5,1342,348,319,BnSFog_FogMaskTex; Game_SHARED_GAME_SHADOW_MAP_NAME; Game_SHARED_GAME_SHADOW_MAP_NAME_2; T_CN_SCHOOL_A4_DA; T_CN_SCHOOL_A4_NRT; T_City_China_RP2D; T_Cloud_M
empire1,85,1,0x174191800,SM_FR_WHARF07_A4_LOD03,indexed,3,648,7,CC7620EBED6C48DE,74B67F909E32C446,1512,378,223,Game_SHARED_GAME_SHADOW_MAP_NAME; Game_SHARED_GAME_SHADOW_MAP_NAME_2; T_Cloud_M; T_FR_WHARF_A4_DA; T_FR_WHARF_A4_NRT; UnityWhite; _WeatherSplitTex
empire1,86,1,0x1741d0c00,M_BChnC_01_LOD3_A,indexed,3,1635,5,FF8503E22E795756,2707632F1253D56F,2725,538,213,Game_SHARED_GAME_SHADOW_MAP_NAME; Game_SHARED_GAME_SHADOW_MAP_NAME_2; T_Cloud_M; T_FR_PROPSC_A2_DA; T_FR_PROPS_A2_NRT; UnityWhite; _boneTexture
empire1,87,1,0x174191800,SM_NC_PROPSGROUP05A_A0_LOD02,indexed,3,1059,2,CC7620EBED6C48DE,74B67F909E32C446,706,378,223,Game_SHARED_GAME_SHADOW_MAP_NAME; Game_SHARED_GAME_SHADOW_MAP_NAME_2; T_Cloud_M; T_FR_PROPSC_A2_DA; T_FR_PROPS_A2_NRT; UnityWhite; _WeatherSplitTex
empire1,88,1,0x174191800,SM_NC_PROPSGROUP05B_A0_LOD02,indexed,3,240,2,CC7620EBED6C48DE,74B67F909E32C446,160,378,223,Game_SHARED_GAME_SHADOW_MAP_NAME; Game_SHARED_GAME_SHADOW_MAP_NAME_2; T_Cloud_M; T_FR_MTPROPS_A0_DA; T_FR_MTPROPS_A0_NRT; UnityWhite; _WeatherSplitTex
empire1,89,1,0x1741d0c00,M_FR_WHARF_A4_LD03_A,indexed,3,1602,1,FF8503E22E795756,2707632F1253D56F,534,538,213,Game_SHARED_GAME_SHADOW_MAP_NAME; Game_SHARED_GAME_SHADOW_MAP_NAME_2; T_Cloud_M; T_FR_WHARF_A4_DA; T_FR_WHARF_A4_NRT; UnityWhite; _boneTexture
empire1,90,1,0x17419d800,SM_FR_WHARF08_A4_LOD02,indexed,3,4605,1,CC7620EBED6C48DE,74B67F909E32C446,1535,377,223,Game_SHARED_GAME_SHADOW_MAP_NAME; Game_SHARED_GAME_SHADOW_MAP_NAME_2; T_Cloud_M; T_FR_WHARF_A4_DA; T_FR_WHARF_A4_NRT; UnityWhite; _WeatherSplitTex
empire1,91,1,0x174191800,SM_FR_WHARF02_A4_LOD03,indexed,3,42,6,CC7620EBED6C48DE,74B67F909E32C446,84,378,223,Game_SHARED_GAME_SHADOW_MAP_NAME; Game_SHARED_GAME_SHADOW_MAP_NAME_2; T_Cloud_M; T_FR_WHARF_A4_DA; T_FR_WHARF_A4_NRT; UnityWhite; _WeatherSplitTex
empire1,92,1,0x174191800,SM_FR_WHARF02B_A4_LOD00,indexed,3,6,20,CC7620EBED6C48DE,74B67F909E32C446,40,378,223,Game_SHARED_GAME_SHADOW_MAP_NAME; Game_SHARED_GAME_SHADOW_MAP_NAME_2; T_Cloud_M; T_FR_WHARF_A4_DA; T_FR_WHARF_A4_NRT; UnityWhite; _WeatherSplitTex
empire1,93,1,0x174191800,SM_FR_WHARF03_A4_LOD03,indexed,3,84,12,CC7620EBED6C48DE,74B67F909E32C446,336,378,223,Game_SHARED_GAME_SHADOW_MAP_NAME; Game_SHARED_GAME_SHADOW_MAP_NAME_2; T_Cloud_M; T_FR_WHARF_A4_DA; T_FR_WHARF_A4_NRT; UnityWhite; _WeatherSplitTex
empire1,94,1,0x174191800,SM_FR_WHARF04_A4_LOD03,indexed,3,405,3,CC7620EBED6C48DE,74B67F909E32C446,405,378,223,Game_SHARED_GAME_SHADOW_MAP_NAME; Game_SHARED_GAME_SHADOW_MAP_NAME_2; T_Cloud_M; T_FR_WHARF_A4_DA; T_FR_WHARF_A4_NRT; UnityWhite; _WeatherSplitTex
empire1,95,1,0x1741d1800,SM_NC_WHARF01_A2_LOD04,indexed,3,843,2,E8383A36BFC8A08F,D2C560C2AD694FD5,562,369,213,BnSFog_FogMaskTex; Game_SHARED_GAME_SHADOW_MAP_NAME; Game_SHARED_GAME_SHADOW_MAP_NAME_2; T_Cloud_M; T_NC_WHARF_A2_DA; T_NC_WHARF_A2_NRT
empire1,96,1,0x1741d1800,SM_NC_WHARF02_A2_LOD04,indexed,3,651,2,E8383A36BFC8A08F,D2C560C2AD694FD5,434,369,213,BnSFog_FogMaskTex; Game_SHARED_GAME_SHADOW_MAP_NAME; Game_SHARED_GAME_SHADOW_MAP_NAME_2; T_Cloud_M; T_NC_DOCK_A2_DA; T_NC_DOCK_A2_NRT
empire1,97,1,0x1741d0c00,M_CN_PROPS04_A4_LD02_A,indexed,3,306,8,FF8503E22E795756,2707632F1253D56F,816,538,213,Game_SHARED_GAME_SHADOW_MAP_NAME; Game_SHARED_GAME_SHADOW_MAP_NAME_2; T_CN_FLAG_A0_DA; T_CN_FLAG_A0_NRT; T_Cloud_M; UnityWhite; _boneTexture
empire1,98,1,0x17419d800,SM_CN_PROPS03_A4_LOD02,indexed,3,456,5,CC7620EBED6C48DE,74B67F909E32C446,760,377,223,Game_SHARED_GAME_SHADOW_MAP_NAME; Game_SHARED_GAME_SHADOW_MAP_NAME_2; T_CN_FLAG_A0_DA; T_CN_FLAG_A0_NRT; T_Cloud_M; UnityWhite; _WeatherSplitTex
empire1,99,1,0x174191800,SM_FR_WHARF06_A4_LOD03,indexed,3,384,2,CC7620EBED6C48DE,74B67F909E32C446,256,378,223,Game_SHARED_GAME_SHADOW_MAP_NAME; Game_SHARED_GAME_SHADOW_MAP_NAME_2; T_Cloud_M; T_FR_WHARF_A4_DA; T_FR_WHARF_A4_NRT; UnityWhite; _WeatherSplitTex
empire1,100,1,0x174191800,SM_NC_CITYROAD01_A0_LOD01,indexed,3,30,105,CC7620EBED6C48DE,74B67F909E32C446,1050,378,223,Game_SHARED_GAME_SHADOW_MAP_NAME; Game_SHARED_GAME_SHADOW_MAP_NAME_2; T_Cloud_M; T_NC_PROPSC_A3_DA; T_NC_PROPSC_A3_NRT; UnityWhite; _WeatherSplitTex
empire1,101,1,0x174191800,SM_NC_PROPS11D_A0_LOD02,indexed,3,108,44,CC7620EBED6C48DE,74B67F909E32C446,1584,378,223,Game_SHARED_GAME_SHADOW_MAP_NAME; Game_SHARED_GAME_SHADOW_MAP_NAME_2; T_Cloud_M; T_FR_PROPSC_A2_DA; T_FR_PROPS_A2_NRT; UnityWhite; _WeatherSplitTex
empire1,102,1,0x1741d1800,SM_FR_BARRACKTARGET_A3_LOD01,indexed,3,150,1,E8383A36BFC8A08F,D2C560C2AD694FD5,50,369,213,BnSFog_FogMaskTex; Game_SHARED_GAME_SHADOW_MAP_NAME; Game_SHARED_GAME_SHADOW_MAP_NAME_2; T_Cloud_M; T_FR_BARRACK_A3_DA; T_FR_BARRACK_A3_NRT
empire1,103,1,0x174193000,SM_CN_CENTERPORPS01_A3_LOD00,indexed,3,294,27,518EE59035279A02,64FFE712E711D3D5,2646,348,319,BnSFog_FogMaskTex; Game_SHARED_GAME_SHADOW_MAP_NAME; Game_SHARED_GAME_SHADOW_MAP_NAME_2; T_CN_CENTER_A3_DA; T_CN_CENTER_A3_NRT; T_City_China_RP2D; T_Cloud_M
empire1,104,1,0x17419d800,SM_NC_PROPS05B_A0_LOD02,indexed,3,138,28,CC7620EBED6C48DE,74B67F909E32C446,1288,377,223,Game_SHARED_GAME_SHADOW_MAP_NAME; Game_SHARED_GAME_SHADOW_MAP_NAME_2; T_Cloud_M; T_FR_PROPS_A2_NRT; T_NC_PROPS_A2_DA; UnityWhite; _WeatherSplitTex
empire1,105,1,0x174191800,SM_PropsScaffold_LOD2,indexed,3,792,6,CC7620EBED6C48DE,74B67F909E32C446,1584,378,223,Game_SHARED_GAME_SHADOW_MAP_NAME; Game_SHARED_GAME_SHADOW_MAP_NAME_2; T_Cloud_M; T_FR_PROPS_A2_NRT; T_NC_PROPS_A2_DA; UnityWhite; _WeatherSplitTex
empire1,106,1,0x1741d1800,SM_FR_WEAPONRACK_A3_LOD02,indexed,3,174,1,E8383A36BFC8A08F,D2C560C2AD694FD5,58,369,213,BnSFog_FogMaskTex; Game_SHARED_GAME_SHADOW_MAP_NAME; Game_SHARED_GAME_SHADOW_MAP_NAME_2; T_Cloud_M; T_FR_BARRACK_A3_DA; T_FR_BARRACK_A3_NRT
empire1,107,1,0x17419cc00,SM_FR_WEAPONRACK02_A3_LOD02,indexed,3,108,2,E8383A36BFC8A08F,D2C560C2AD694FD5,72,368,213,BnSFog_FogMaskTex; Game_SHARED_GAME_SHADOW_MAP_NAME; Game_SHARED_GAME_SHADOW_MAP_NAME_2; T_Cloud_M; T_FR_SPEARB_A3_DA; T_FR_SPEARB_A3_NRT
empire1,108,1,0x17419cc00,SM_CN_ARCHERYTARGET_A3_LOD01,indexed,3,414,4,E8383A36BFC8A08F,D2C560C2AD694FD5,552,368,213,BnSFog_FogMaskTex; Game_SHARED_GAME_SHADOW_MAP_NAME; Game_SHARED_GAME_SHADOW_MAP_NAME_2; T_CN_ARCHERY_A3_DA; T_CN_ARCHERY_A3_NRT; T_Cloud_M
empire1,109,1,0x17419cc00,SM_CN_DRILLG_A4_LOD04,indexed,3,2370,1,E8383A36BFC8A08F,D2C560C2AD694FD5,790,368,213,BnSFog_FogMaskTex; Game_SHARED_GAME_SHADOW_MAP_NAME; Game_SHARED_GAME_SHADOW_MAP_NAME_2; T_CN_DRILLG_A4_DA; T_CN_DRILLG_A4_NRT; T_Cloud_M
empire1,110,1,0x174191800,SM_CN_PROPS01_A4_LOD03,indexed,3,1623,4,CC7620EBED6C48DE,74B67F909E32C446,2164,378,223,Game_SHARED_GAME_SHADOW_MAP_NAME; Game_SHARED_GAME_SHADOW_MAP_NAME_2; T_Cloud_M; T_FR_PROPSC_A2_DA; T_FR_PROPS_A2_NRT; UnityWhite; _WeatherSplitTex
empire1,111,1,0x174193000,SM_CN_WALL01_A4_LOD04,indexed,3,522,11,518EE59035279A02,64FFE712E711D3D5,1914,348,319,BnSFog_FogMaskTex; Game_SHARED_GAME_SHADOW_MAP_NAME; Game_SHARED_GAME_SHADOW_MAP_NAME_2; T_CN_WALL_A4_DA; T_CN_WALL_A4_NRT; T_City_China_RP2D; T_Cloud_M
empire1,112,1,0x1741d2400,SM_CN_WALL06_A4_LOD04,indexed,3,426,108,518EE59035279A02,64FFE712E711D3D5,15336,349,319,BnSFog_FogMaskTex; Game_SHARED_GAME_SHADOW_MAP_NAME; Game_SHARED_GAME_SHADOW_MAP_NAME_2; T_CN_WALL_A4_DA; T_CN_WALL_A4_NRT; T_City_China_RP2D; T_Cloud_M
empire1,113,1,0x174193000,SM_CN_WALL03_A4_LOD04,indexed,3,504,14,518EE59035279A02,64FFE712E711D3D5,2352,348,319,BnSFog_FogMaskTex; Game_SHARED_GAME_SHADOW_MAP_NAME; Game_SHARED_GAME_SHADOW_MAP_NAME_2; T_CN_WALL_A4_DA; T_CN_WALL_A4_NRT; T_City_China_RP2D; T_Cloud_M
empire1,114,1,0x174190c00,SM_FlagChinaFeudal_014_MorphUV2_MorphExport,indexed,3,306,5,6698D44D00A79B98,D184AC1F266B710B,510,401,185,Game_SHARED_GAME_SHADOW_MAP_NAME; Game_SHARED_GAME_SHADOW_MAP_NAME_2; T_CN_FLAG_A0_DA; T_CN_FLAG_A0_NRT; T_Cloud_M; UnityWhite; _MorphTex
empire1,115,1,0x174190c00,SM_FlagChinaFeudal_003_MorphUV2_MorphExport,indexed,3,504,1,6698D44D00A79B98,D184AC1F266B710B,168,401,185,Game_SHARED_GAME_SHADOW_MAP_NAME; Game_SHARED_GAME_SHADOW_MAP_NAME_2; T_CN_FLAG_A0_DA; T_CN_FLAG_A0_NRT; T_Cloud_M; UnityWhite; _MorphTex
empire1,116,1,0x174193000,SM_CN_WALL09_A4_LOD04,indexed,3,2889,2,518EE59035279A02,64FFE712E711D3D5,1926,348,319,BnSFog_FogMaskTex; Game_SHARED_GAME_SHADOW_MAP_NAME; Game_SHARED_GAME_SHADOW_MAP_NAME_2; T_CN_WALL_A4_DA; T_CN_WALL_A4_NRT; T_City_China_RP2D; T_Cloud_M
empire1,117,1,0x1741d2400,SM_CN_WALL02_A4_LOD04,indexed,3,348,7,518EE59035279A02,64FFE712E711D3D5,812,349,319,BnSFog_FogMaskTex; Game_SHARED_GAME_SHADOW_MAP_NAME; Game_SHARED_GAME_SHADOW_MAP_NAME_2; T_CN_WALL_A4_DA; T_CN_WALL_A4_NRT; T_City_China_RP2D; T_Cloud_M
empire1,118,1,0x1741d2400,SM_CN_WALL04_A4_LOD04,indexed,3,255,19,518EE59035279A02,64FFE712E711D3D5,1615,349,319,BnSFog_FogMaskTex; Game_SHARED_GAME_SHADOW_MAP_NAME; Game_SHARED_GAME_SHADOW_MAP_NAME_2; T_CN_WALL_A4_DA; T_CN_WALL_A4_NRT; T_City_China_RP2D; T_Cloud_M
empire1,119,1,0x174190c00,SM_FlagChinaFeudal_017_MorphUV2_MorphExport,indexed,3,708,6,6698D44D00A79B98,D184AC1F266B710B,1416,401,185,Game_SHARED_GAME_SHADOW_MAP_NAME; Game_SHARED_GAME_SHADOW_MAP_NAME_2; T_CN_FLAG_A0_DA; T_CN_FLAG_A0_NRT; T_Cloud_M; UnityWhite; _MorphTex
empire1,120,1,0x1741d2400,SM_CN_WALL05_A4_LOD04,indexed,3,261,7,518EE59035279A02,64FFE712E711D3D5,609,349,319,BnSFog_FogMaskTex; Game_SHARED_GAME_SHADOW_MAP_NAME; Game_SHARED_GAME_SHADOW_MAP_NAME_2; T_CN_WALL_A4_DA; T_CN_WALL_A4_NRT; T_City_China_RP2D; T_Cloud_M
empire1,121,1,0x174191800,SM_NC_PROPS03_A3_LOD02,indexed,3,108,22,CC7620EBED6C48DE,74B67F909E32C446,792,378,223,Game_SHARED_GAME_SHADOW_MAP_NAME; Game_SHARED_GAME_SHADOW_MAP_NAME_2; T_Cloud_M; T_NC_PROPSC_A3_DA; T_NC_PROPSC_A3_NRT; UnityWhite; _WeatherSplitTex
empire1,122,1,0x174191800,SM_NC_PROPS01_A3_LOD02,indexed,3,270,48,CC7620EBED6C48DE,74B67F909E32C446,4320,378,223,Game_SHARED_GAME_SHADOW_MAP_NAME; Game_SHARED_GAME_SHADOW_MAP_NAME_2; T_Cloud_M; T_NC_PROPSC_A3_DA; T_NC_PROPSC_A3_NRT; UnityWhite; _WeatherSplitTex
empire1,123,1,0x174191800,SM_NC_PROPS02_A3_LOD02,indexed,3,549,10,CC7620EBED6C48DE,74B67F909E32C446,1830,378,223,Game_SHARED_GAME_SHADOW_MAP_NAME; Game_SHARED_GAME_SHADOW_MAP_NAME_2; T_Cloud_M; T_NC_PROPSC_A3_DA; T_NC_PROPSC_A3_NRT; UnityWhite; _WeatherSplitTex
empire1,124,1,0x174193000,SM_CN_CASTLE03_A4_LOD04,indexed,3,114,10,518EE59035279A02,64FFE712E711D3D5,380,348,319,BnSFog_FogMaskTex; Game_SHARED_GAME_SHADOW_MAP_NAME; Game_SHARED_GAME_SHADOW_MAP_NAME_2; T_CN_CASTLE_A4_DA; T_CN_CASTLE_A4_NRT; T_City_China_RP2D; T_Cloud_M
empire1,125,1,0x174190c00,SM_FlagChinaFeudal_015_MorphUV2_MorphExport,indexed,3,288,3,6698D44D00A79B98,D184AC1F266B710B,288,401,185,Game_SHARED_GAME_SHADOW_MAP_NAME; Game_SHARED_GAME_SHADOW_MAP_NAME_2; T_CN_FLAG_A0_DA; T_CN_FLAG_A0_NRT; T_Cloud_M; UnityWhite; _MorphTex
empire1,126,1,0x1741d2400,SM_CN_CASTLE09_A4_LOD04,indexed,3,48,3,518EE59035279A02,64FFE712E711D3D5,48,349,319,BnSFog_FogMaskTex; Game_SHARED_GAME_SHADOW_MAP_NAME; Game_SHARED_GAME_SHADOW_MAP_NAME_2; T_CN_CASTLE_A4_DA; T_CN_CASTLE_A4_NRT; T_City_China_RP2D; T_Cloud_M
empire1,127,1,0x174193000,SM_CN_CASTLE02_A4_LOD04,indexed,3,882,1,518EE59035279A02,64FFE712E711D3D5,294,348,319,BnSFog_FogMaskTex; Game_SHARED_GAME_SHADOW_MAP_NAME; Game_SHARED_GAME_SHADOW_MAP_NAME_2; T_CN_CASTLE_A4_DA; T_CN_CASTLE_A4_NRT; T_City_China_RP2D; T_Cloud_M
empire1,128,1,0x174193000,SM_CN_CASTLE04_A4_LOD04,indexed,3,141,1,518EE59035279A02,64FFE712E711D3D5,47,348,319,BnSFog_FogMaskTex; Game_SHARED_GAME_SHADOW_MAP_NAME; Game_SHARED_GAME_SHADOW_MAP_NAME_2; T_CN_CASTLE_A4_DA; T_CN_CASTLE_A4_NRT; T_City_China_RP2D; T_Cloud_M
empire1,129,1,0x174193000,SM_CN_CASTLE05_A4_LOD04,indexed,3,78,15,518EE59035279A02,64FFE712E711D3D5,390,348,319,BnSFog_FogMaskTex; Game_SHARED_GAME_SHADOW_MAP_NAME; Game_SHARED_GAME_SHADOW_MAP_NAME_2; T_CN_CASTLE_A4_DA; T_CN_CASTLE_A4_NRT; T_City_China_RP2D; T_Cloud_M
empire1,130,1,0x174193000,SM_CN_CASTLE06_A4_LOD04,indexed,3,1170,2,518EE59035279A02,64FFE712E711D3D5,780,348,319,BnSFog_FogMaskTex; Game_SHARED_GAME_SHADOW_MAP_NAME; Game_SHARED_GAME_SHADOW_MAP_NAME_2; T_CN_CASTLE_A4_DA; T_CN_CASTLE_A4_NRT; T_City_China_RP2D; T_Cloud_M
empire1,131,1,0x174193000,SM_CN_CASTLE07_A4_LOD04,indexed,3,1074,1,518EE59035279A02,64FFE712E711D3D5,358,348,319,BnSFog_FogMaskTex; Game_SHARED_GAME_SHADOW_MAP_NAME; Game_SHARED_GAME_SHADOW_MAP_NAME_2; T_CN_CASTLE_A4_DA; T_CN_CASTLE_A4_NRT; T_City_China_RP2D; T_Cloud_M
empire1,132,1,0x174193000,SM_CN_CASTLE08_A4_LOD04,indexed,3,546,1,518EE59035279A02,64FFE712E711D3D5,182,348,319,BnSFog_FogMaskTex; Game_SHARED_GAME_SHADOW_MAP_NAME; Game_SHARED_GAME_SHADOW_MAP_NAME_2; T_CN_CASTLE_A4_DA; T_CN_CASTLE_A4_NRT; T_City_China_RP2D; T_Cloud_M
empire1,133,1,0x174193000,SM_CN_CASTLE10_A4_LOD04,indexed,3,282,1,518EE59035279A02,64FFE712E711D3D5,94,348,319,BnSFog_FogMaskTex; Game_SHARED_GAME_SHADOW_MAP_NAME; Game_SHARED_GAME_SHADOW_MAP_NAME_2; T_CN_CASTLE_A4_DA; T_CN_CASTLE_A4_NRT; T_City_China_RP2D; T_Cloud_M
empire1,134,1,0x1741d2400,SM_CN_CASTLE11_A4_LOD04,indexed,3,69,4,518EE59035279A02,64FFE712E711D3D5,92,349,319,BnSFog_FogMaskTex; Game_SHARED_GAME_SHADOW_MAP_NAME; Game_SHARED_GAME_SHADOW_MAP_NAME_2; T_CN_CASTLE_A4_DA; T_CN_CASTLE_A4_NRT; T_City_China_RP2D; T_Cloud_M
empire1,135,1,0x17419cc00,SM_CN_CASTLE09_A3_LOD04,indexed,3,342,1,E8383A36BFC8A08F,D2C560C2AD694FD5,114,368,213,BnSFog_FogMaskTex; Game_SHARED_GAME_SHADOW_MAP_NAME; Game_SHARED_GAME_SHADOW_MAP_NAME_2; T_CN_CASTLE_A3_DA; T_CN_CASTLE_A3_NRT; T_Cloud_M
empire1,136,1,0x174190c00,SM_FlagChinaFeudal_006_MorphUV2_MorphExport,indexed,3,192,2,6698D44D00A79B98,D184AC1F266B710B,128,401,185,Game_SHARED_GAME_SHADOW_MAP_NAME; Game_SHARED_GAME_SHADOW_MAP_NAME_2; T_CN_FLAG_A0_DA; T_CN_FLAG_A0_NRT; T_Cloud_M; UnityWhite; _MorphTex
empire1,137,1,0x174193000,SM_CN_CASTLE_A4_LOD04,indexed,3,8631,1,518EE59035279A02,64FFE712E711D3D5,2877,348,319,BnSFog_FogMaskTex; Game_SHARED_GAME_SHADOW_MAP_NAME; Game_SHARED_GAME_SHADOW_MAP_NAME_2; T_CN_CASTLE_A4_DA; T_CN_CASTLE_A4_NRT; T_City_China_RP2D; T_Cloud_M
empire1,138,1,0x1741d3000,SM_CN_HEROSHRINE01_A3_LOD04,indexed,3,4248,1,518EE59035279A02,64FFE712E711D3D5,1416,350,319,BnSFog_FogMaskTex; Game_SHARED_GAME_SHADOW_MAP_NAME; Game_SHARED_GAME_SHADOW_MAP_NAME_2; T_CN_HEROSHRINE_A3_DA; T_CN_HEROSHRINE_A3_NRT; T_City_China_RP2D; T_Cloud_M
empire1,139,1,0x1741d3000,SM_CN_HEROSHRINE02_A3_LOD04,indexed,3,750,1,518EE59035279A02,64FFE712E711D3D5,250,350,319,BnSFog_FogMaskTex; Game_SHARED_GAME_SHADOW_MAP_NAME; Game_SHARED_GAME_SHADOW_MAP_NAME_2; T_CN_HEROSHRINE_A3_DA; T_CN_HEROSHRINE_A3_NRT; T_City_China_RP2D; T_Cloud_M
empire1,140,1,0x1741e8000,M_CN_VIPSHIP_A4_LD04_A,indexed,3,3903,1,FF8503E22E795756,2707632F1253D56F,1301,538,213,Game_SHARED_GAME_SHADOW_MAP_NAME; Game_SHARED_GAME_SHADOW_MAP_NAME_2; T_CN_VIPSHIP_A0_DA; T_CN_VIPSHIP_A0_NRT; T_Cloud_M; UnityWhite; _boneTexture
empire1,141,1,0x174191800,SM_NC_PROPS11C_A0_LOD02,indexed,3,108,90,CC7620EBED6C48DE,74B67F909E32C446,3240,378,223,Game_SHARED_GAME_SHADOW_MAP_NAME; Game_SHARED_GAME_SHADOW_MAP_NAME_2; T_Cloud_M; T_FR_PROPSC_A2_DA; T_FR_PROPS_A2_NRT; UnityWhite; _WeatherSplitTex
empire1,142,1,0x174191800,SM_NC_PROPS11B_A0_LOD02,indexed,3,87,96,CC7620EBED6C48DE,74B67F909E32C446,2784,378,223,Game_SHARED_GAME_SHADOW_MAP_NAME; Game_SHARED_GAME_SHADOW_MAP_NAME_2; T_Cloud_M; T_FR_PROPSC_A2_DA; T_FR_PROPS_A2_NRT; UnityWhite; _WeatherSplitTex
empire1,143,1,0x174191800,SM_NC_PROPS11A_A0_LOD02,indexed,3,57,64,CC7620EBED6C48DE,74B67F909E32C446,1216,378,223,Game_SHARED_GAME_SHADOW_MAP_NAME; Game_SHARED_GAME_SHADOW_MAP_NAME_2; T_Cloud_M; T_FR_PROPSC_A2_DA; T_FR_PROPS_A2_NRT; UnityWhite; _WeatherSplitTex
empire1,144,1,0x174191800,SM_NC_CITYROAD02_A0_LOD01,indexed,3,30,102,CC7620EBED6C48DE,74B67F909E32C446,1020,378,223,Game_SHARED_GAME_SHADOW_MAP_NAME; Game_SHARED_GAME_SHADOW_MAP_NAME_2; T_Cloud_M; T_NC_PROPSC_A3_DA; T_NC_PROPSC_A3_NRT; UnityWhite; _WeatherSplitTex
empire1,145,1,0x174191800,SM_CN_RIVERBANK_A4_LOD01,indexed,3,3012,1,CC7620EBED6C48DE,74B67F909E32C446,1004,378,223,Game_SHARED_GAME_SHADOW_MAP_NAME; Game_SHARED_GAME_SHADOW_MAP_NAME_2; T_CN_FLAG_A0_DA; T_CN_FLAG_A0_NRT; T_Cloud_M; UnityWhite; _WeatherSplitTex
empire1,146,1,0x174168000,SM_FlagFranceFeudal_01,indexed,3,648,2,CC7620EBED6C48DE,74B67F909E32C446,432,380,223,Game_SHARED_GAME_SHADOW_MAP_NAME; Game_SHARED_GAME_SHADOW_MAP_NAME_2; T_Cloud_M; T_FR_FLAG_A0_DA; T_FR_FLAG_A0_NRT; UnityWhite; _WeatherSplitTex
empire1,147,1,0x17419f000,SM_Flowers02,indexed,3,498,15,80DF5FBA03B5F00C,D398500030572B2,2490,375,222,Game_SHARED_GAME_SHADOW_MAP_NAME; Game_SHARED_GAME_SHADOW_MAP_NAME_2; T_CityTree_D_C; T_CityTree_NRA; UnityWhite; _WeatherSplitTex
empire1,148,1,0x17419f000,SM_Flowers01,indexed,3,510,2,80DF5FBA03B5F00C,D398500030572B2,340,375,222,Game_SHARED_GAME_SHADOW_MAP_NAME; Game_SHARED_GAME_SHADOW_MAP_NAME_2; T_CityTree_D_C; T_CityTree_NRA; UnityWhite; _WeatherSplitTex
empire1,149,1,0x17419d800,SM_CN_BRIDGE_A3_LOD04,indexed,3,2220,1,CC7620EBED6C48DE,74B67F909E32C446,740,377,223,Game_SHARED_GAME_SHADOW_MAP_NAME; Game_SHARED_GAME_SHADOW_MAP_NAME_2; T_CN_BRIDGE_A2_DA; T_CN_BRIDGE_A2_NRT; T_Cloud_M; UnityWhite; _WeatherSplitTex
empire1,150,1,0x174191800,SM_NC_PROPS04_A0_LOD02,indexed,3,111,1,CC7620EBED6C48DE,74B67F909E32C446,37,378,223,Game_SHARED_GAME_SHADOW_MAP_NAME; Game_SHARED_GAME_SHADOW_MAP_NAME_2; T_Cloud_M; T_FR_PROPSC_A2_DA; T_FR_PROPS_A2_NRT; UnityWhite; _WeatherSplitTex
empire1,151,1,0x17419d800,SM_CN_MTPROPS03_A3_LOD04,indexed,3,900,6,CC7620EBED6C48DE,74B67F909E32C446,1800,377,223,Game_SHARED_GAME_SHADOW_MAP_NAME; Game_SHARED_GAME_SHADOW_MAP_NAME_2; T_CN_MTPROPS_A3_DA; T_CN_MTPROPS_A3_NRT; T_Cloud_M; UnityWhite; _WeatherSplitTex
empire1,152,1,0x17419d800,SM_CN_MTPROPS02_A3_LOD04,indexed,3,402,3,CC7620EBED6C48DE,74B67F909E32C446,402,377,223,Game_SHARED_GAME_SHADOW_MAP_NAME; Game_SHARED_GAME_SHADOW_MAP_NAME_2; T_CN_MTPROPS_A3_DA; T_CN_MTPROPS_A3_NRT; T_Cloud_M; UnityWhite; _WeatherSplitTex
empire1,153,1,0x17419d800,SM_CN_MTPROPS01_A3_LOD04,indexed,3,252,6,CC7620EBED6C48DE,74B67F909E32C446,504,377,223,Game_SHARED_GAME_SHADOW_MAP_NAME; Game_SHARED_GAME_SHADOW_MAP_NAME_2; T_CN_MTPROPS_A3_DA; T_CN_MTPROPS_A3_NRT; T_Cloud_M; UnityWhite; _WeatherSplitTex
empire1,154,1,0x1741e8c00,SM_CN_BRIDGE04_A2_LOD04,indexed,3,990,2,CC7620EBED6C48DE,74B67F909E32C446,660,379,223,Game_SHARED_GAME_SHADOW_MAP_NAME; Game_SHARED_GAME_SHADOW_MAP_NAME_2; T_CN_BRIDGE_A2_DA; T_CN_BRIDGE_A2_NRT; T_Cloud_M; UnityWhite; _WeatherSplitTex
empire1,155,1,0x174191800,SM_CN_PROPS04_A3_LOD03,indexed,3,192,5,CC7620EBED6C48DE,74B67F909E32C446,320,378,223,Game_SHARED_GAME_SHADOW_MAP_NAME; Game_SHARED_GAME_SHADOW_MAP_NAME_2; T_Cloud_M; T_FR_PROPSC_A2_DA; T_FR_PROPS_A2_NRT; UnityWhite; _WeatherSplitTex
empire1,156,1,0x174191800,SM_CN_PROPS05_A3_LOD03,indexed,3,642,2,CC7620EBED6C48DE,74B67F909E32C446,428,378,223,Game_SHARED_GAME_SHADOW_MAP_NAME; Game_SHARED_GAME_SHADOW_MAP_NAME_2; T_Cloud_M; T_FR_PROPSC_A2_DA; T_FR_PROPS_A2_NRT; UnityWhite; _WeatherSplitTex
empire1,157,1,0x174191800,SM_CN_PROPS03_A3_LOD03,indexed,3,888,3,CC7620EBED6C48DE,74B67F909E32C446,888,378,223,Game_SHARED_GAME_SHADOW_MAP_NAME; Game_SHARED_GAME_SHADOW_MAP_NAME_2; T_Cloud_M; T_FR_PROPSC_A2_DA; T_FR_PROPS_A2_NRT; UnityWhite; _WeatherSplitTex
empire1,158,1,0x174191800,SM_CN_PROPS02_A3_LOD03,indexed,3,426,4,CC7620EBED6C48DE,74B67F909E32C446,568,378,223,Game_SHARED_GAME_SHADOW_MAP_NAME; Game_SHARED_GAME_SHADOW_MAP_NAME_2; T_Cloud_M; T_FR_PROPSC_A2_DA; T_FR_PROPS_A2_NRT; UnityWhite; _WeatherSplitTex
empire1,159,1,0x1741ea400,M_CN_CENTER_A3_O_LD00_A,indexed,3,1563,7,9C4F5F26F60487BC,188D50A799517AAF,3647,504,312,Game_SHARED_GAME_SHADOW_MAP_NAME; Game_SHARED_GAME_SHADOW_MAP_NAME_2; T_CN_CENTER_A3_DA; T_CN_CENTER_A3_NRT; T_City_China_RP2D; T_Cloud_M; UnityWhite; _boneTexture
empire1,160,1,0x174191800,SM_CN_TENT02_A4_LOD04,indexed,3,231,10,CC7620EBED6C48DE,74B67F909E32C446,770,378,223,Game_SHARED_GAME_SHADOW_MAP_NAME; Game_SHARED_GAME_SHADOW_MAP_NAME_2; T_Cloud_M; T_FR_PROPSC_A2_DA; T_FR_PROPS_A2_NRT; UnityWhite; _WeatherSplitTex
empire1,161,1,0x174191800,SM_NC_PROPSGROUP01_A0_LOD02,indexed,3,2037,1,CC7620EBED6C48DE,74B67F909E32C446,679,378,223,Game_SHARED_GAME_SHADOW_MAP_NAME; Game_SHARED_GAME_SHADOW_MAP_NAME_2; T_Cloud_M; T_FR_PROPSC_A2_DA; T_FR_PROPS_A2_NRT; UnityWhite; _WeatherSplitTex
empire1,162,1,0x17419d800,SM_CN_PROPS06_A3_LOD03,indexed,3,213,12,CC7620EBED6C48DE,74B67F909E32C446,852,377,223,Game_SHARED_GAME_SHADOW_MAP_NAME; Game_SHARED_GAME_SHADOW_MAP_NAME_2; T_Cloud_M; T_FR_PROPSC_A2_DA; T_FR_PROPS_A2_NRT; UnityWhite; _WeatherSplitTex
empire1,163,1,0x174191800,SM_NC_PROPS02A_A0_LOD02,indexed,3,54,3,CC7620EBED6C48DE,74B67F909E32C446,54,378,223,Game_SHARED_GAME_SHADOW_MAP_NAME; Game_SHARED_GAME_SHADOW_MAP_NAME_2; T_Cloud_M; T_FR_PROPSC_A2_DA; T_FR_PROPS_A2_NRT; UnityWhite; _WeatherSplitTex
empire1,164,1,0x174191800,SM_NC_PROPS05_A3_LOD02,indexed,3,270,1,CC7620EBED6C48DE,74B67F909E32C446,90,378,223,Game_SHARED_GAME_SHADOW_MAP_NAME; Game_SHARED_GAME_SHADOW_MAP_NAME_2; T_Cloud_M; T_NC_PROPSC_A3_DA; T_NC_PROPSC_A3_NRT; UnityWhite; _WeatherSplitTex
empire1,165,1,0x17419d800,SM_NC_PROPS04_A3_LOD02,indexed,3,444,8,CC7620EBED6C48DE,74B67F909E32C446,1184,377,223,Game_SHARED_GAME_SHADOW_MAP_NAME; Game_SHARED_GAME_SHADOW_MAP_NAME_2; T_Cloud_M; T_NC_PROPSC_A3_DA; T_NC_PROPSC_A3_NRT; UnityWhite; _WeatherSplitTex
empire1,166,1,0x174191800,SM_NC_PROPSGROUP03A_A0_LOD02,indexed,3,1113,3,CC7620EBED6C48DE,74B67F909E32C446,1113,378,223,Game_SHARED_GAME_SHADOW_MAP_NAME; Game_SHARED_GAME_SHADOW_MAP_NAME_2; T_Cloud_M; T_FR_PROPSC_A2_DA; T_FR_PROPS_A2_NRT; UnityWhite; _WeatherSplitTex
empire1,167,1,0x174191800,SM_NC_PROPSGROUP03B_A0_LOD02,indexed,3,390,3,CC7620EBED6C48DE,74B67F909E32C446,390,378,223,Game_SHARED_GAME_SHADOW_MAP_NAME; Game_SHARED_GAME_SHADOW_MAP_NAME_2; T_Cloud_M; T_FR_MTPROPS_A0_DA; T_FR_MTPROPS_A0_NRT; UnityWhite; _WeatherSplitTex
empire1,168,1,0x174207000,M_BA_FISHG1_LD03_A,indexed,3,990,1,BA139042AA7CEE38,AD0CA4181D52BC8D,330,431,223,DefaltBlackTexture; Game_SHARED_GAME_SHADOW_MAP_NAME; Game_SHARED_GAME_SHADOW_MAP_NAME_2; N_0_AT_C; N_1_AT_C; N_2_AT_C; N_3_AT_C; T_BA_FISHG1_DA; T_BA_FISHG1_NRT; T_Cloud_M; UnityWhite
empire1,169,1,0x174191800,SM_NC_CITYROAD06_A0_LOD01,indexed,3,30,16,CC7620EBED6C48DE,74B67F909E32C446,160,378,223,DefaltBlackTexture; Game_SHARED_GAME_SHADOW_MAP_NAME; Game_SHARED_GAME_SHADOW_MAP_NAME_2; T_Cloud_M; T_NC_PROPSC_A3_DA; T_NC_PROPSC_A3_NRT; UnityWhite
empire1,170,1,0x174207000,M_BA_FISHG1_LD03_A,indexed,3,990,4,BA139042AA7CEE38,AD0CA4181D52BC8D,1320,431,223,DefaltBlackTexture; Game_SHARED_GAME_SHADOW_MAP_NAME; Game_SHARED_GAME_SHADOW_MAP_NAME_2; N_0_AT_C; N_1_AT_C; N_2_AT_C; N_3_AT_C; T_BA_FISHG1_DA; T_BA_FISHG1_NRT; T_Cloud_M; UnityWhite
empire1,171,1,0x174191800,SM_NC_CITYROAD06_A0_LOD01,indexed,3,30,12,CC7620EBED6C48DE,74B67F909E32C446,120,378,223,DefaltBlackTexture; Game_SHARED_GAME_SHADOW_MAP_NAME; Game_SHARED_GAME_SHADOW_MAP_NAME_2; T_Cloud_M; T_NC_PROPSC_A3_DA; T_NC_PROPSC_A3_NRT; UnityWhite
empire1,172,1,0x174222400,M_BA_BIRD1_LD03_A,indexed,3,366,3,8DD8400F218EC011,9C9349FD038E4AD0,366,346,235,CachedShadowMap; Game_SHARED_GAME_SHADOW_MAP_NAME_2; N_0_AT_C; N_1_AT_C; N_2_AT_C; N_3_AT_C; T_BA_BIRD1_D; T_City_China_RP2D; T_Cloud_M; UnityWhite
empire1,173,1,0x17426c000,SM_Terrain_Dark_China,indexed,3,77811,1,C61761D692A8436B,D5ABDC78338227A0,25937,346,279,Game_SHARED_GAME_SHADOW_MAP_NAME; Game_SHARED_GAME_SHADOW_MAP_NAME_2; N_0_AT_C; SplatMap0After_BlendRT; SplatMap1After_BlendRT; T_AP0_TRN_CN_A4_TRP; T_AP1_TRN_CN_A4_TRP; T_AP2_TRN_CN_A4_TRP; T_Cloud_M; T_HP0_TRN_CN_A4_THP; T_MipLUT_C; T_NP0_TRN_CN_A4_TRP; T_NP1_TRN_CN_A4_TRP; T_NP2_TRN_CN_A4_TRP; T_Normalmap_Chn_Flip_y_N
empire1,174,1,0x17426d800,,indexed,3,2412,1,9774F775C75AFF58,41D9BA21D7508E63,804,48,23,_Tex
empire1,175,1,0x17426f000,,indexed,3,174,1,A488685C8F1BA0B8,D309BA442F33E25F,58,114,27,N_0_AT_C; _MainTex
empire1,176,1,0x17427cc00,ScratchBuffer0_1,indexed,3,12,1,9F92DC298725FA72,C86DAFF697CC7867,4,58,43,_EmissiveTex
empire1,177,1,0x17427cc00,ScratchBuffer0_1,indexed,3,6,1,9F92DC298725FA72,C86DAFF697CC7867,2,58,43,_EmissiveTex
empire1,178,1,0x17427e400,M_BA_HORSE1_LD03_A,indexed,3,357,6,923CBC7F3247AAF9,AE7E8102E2F2CBEB,714,432,296,CachedShadowMap; Game_SHARED_GAME_SHADOW_MAP_NAME_2; N_0_AT_C; N_1_AT_C; N_2_AT_C; N_3_AT_C; T_BA_HORSE1_DA; T_BA_HORSE1_NRT; T_City_China_RP2D; T_Cloud_M; UnityWhite
empire1,179,1,0x1742a8000,M_BS_CN_PALDN_L3_LD03_A,indexed,3,357,2,4552894A96D16654,6889EB0DFEE058CA,238,567,375,Game_SHARED_GAME_SHADOW_MAP_NAME; Game_SHARED_GAME_SHADOW_MAP_NAME_2; N_BS_06_AT_C; T_BS_CN_CHANG_L3_DA; T_BS_CN_CHANG_L3_NRT; T_City_China_RP2D; T_Cloud_M; UnityDefault2D; UnityWhite
empire1,180,1,0x1742a8c00,M_BN_CN_FAT1_LD03_A,indexed,3,336,2,4552894A96D16654,6889EB0DFEE058CA,224,567,375,Game_SHARED_GAME_SHADOW_MAP_NAME; Game_SHARED_GAME_SHADOW_MAP_NAME_2; N_BS_06_AT_C; T_BN_CN_FAT1_DA; T_BN_CN_FAT1_NRT; T_City_China_RP2D; T_Cloud_M; UnityDefault2D; UnityWhite
empire1,181,1,0x1742a9800,M_BN_CN_FAT1_O_LD03_A,indexed,3,1806,18,D1EF4F88A533C806,AE7E8102E2F2CBEB,10836,504,296,CloudTex; Game_SHARED_GAME_SHADOW_MAP_NAME; Game_SHARED_GAME_SHADOW_MAP_NAME_2; N_BS_06_AT_C; T_BA_FISHG1_DA; T_BA_FISHG1_NRT; T_City_China_RP2D; UnityWhite
empire1,182,1,0x1742a9800,M_BN_CN_FFARMER1_O_LD03_A,indexed,3,1806,17,D1EF4F88A533C806,AE7E8102E2F2CBEB,10234,504,296,CloudTex; Game_SHARED_GAME_SHADOW_MAP_NAME; Game_SHARED_GAME_SHADOW_MAP_NAME_2; N_BS_06_AT_C; T_BA_FISHG1_DA; T_BA_FISHG1_NRT; T_City_China_RP2D; UnityWhite
empire1,183,1,0x1742a8c00,M_BN_CN_THIN1_LD03_A,indexed,3,339,1,4552894A96D16654,6889EB0DFEE058CA,113,567,375,Game_SHARED_GAME_SHADOW_MAP_NAME; Game_SHARED_GAME_SHADOW_MAP_NAME_2; N_BS_06_AT_C; T_BN_CN_THIN1_DA; T_BN_CN_THIN1_NRT; T_City_China_RP2D; T_Cloud_M; UnityDefault2D; UnityWhite; _WeaponTex
empire1,184,1,0x1742a8000,M_BS_CN_ARCHR_L2_LD03_A,indexed,3,405,2,4552894A96D16654,6889EB0DFEE058CA,270,567,375,Game_SHARED_GAME_SHADOW_MAP_NAME; Game_SHARED_GAME_SHADOW_MAP_NAME_2; N_BS_06_AT_C; T_BS_CN_ARCHR_L2_DA; T_BS_CN_ARCHR_L2_NRT; T_City_China_RP2D; T_Cloud_M; UnityDefault2D; UnityWhite; _WeaponTex
empire1,185,1,0x1742a8000,M_BS_CN_PALDN_L2_LD03_A,indexed,3,342,6,4552894A96D16654,6889EB0DFEE058CA,684,567,375,Game_SHARED_GAME_SHADOW_MAP_NAME; Game_SHARED_GAME_SHADOW_MAP_NAME_2; N_BS_06_AT_C; T_BS_CN_CHANG_L2_DA; T_BS_CN_CHANG_L2_NRT; T_City_China_RP2D; T_Cloud_M; UnityDefault2D; UnityWhite; _WeaponTex
empire1,186,1,0x1742a8000,M_BS_CN_PALDN_L2_H_LD03_A,indexed,3,294,2,4552894A96D16654,6889EB0DFEE058CA,196,567,375,Game_SHARED_GAME_SHADOW_MAP_NAME; Game_SHARED_GAME_SHADOW_MAP_NAME_2; N_BS_06_AT_C; T_BS_CN_PALDN_L2_H_DA; T_BS_CN_PALDN_L2_H_NRT; T_City_China_RP2D; T_Cloud_M; UnityDefault2D; UnityWhite; _WeaponTex
empire1,187,1,0x1742a8000,M_BM_H_BODY_L1_LD03_A,indexed,3,447,3,4552894A96D16654,6889EB0DFEE058CA,447,567,375,Game_SHARED_GAME_SHADOW_MAP_NAME; Game_SHARED_GAME_SHADOW_MAP_NAME_2; N_BS_06_AT_C; T_BM_H_BAILONG_L1_DA; T_BS_FR_PALDN_L1_H_NRT; T_City_China_RP2D; T_Cloud_M; UnityDefault2D; UnityWhite; _WeaponTex
empire1,188,1,0x1742a9800,M_BN_CN_MFARMER1_O_LD03_A,indexed,3,1806,1,D1EF4F88A533C806,AE7E8102E2F2CBEB,602,504,296,CloudTex; Game_SHARED_GAME_SHADOW_MAP_NAME; Game_SHARED_GAME_SHADOW_MAP_NAME_2; N_BS_06_AT_C; T_BA_FISHG1_DA; T_BA_FISHG1_NRT; T_City_China_RP2D; UnityWhite
empire1,189,1,0x1742a8c00,M_BN_CN_MFARMER1_LD03_A,indexed,3,381,1,4552894A96D16654,6889EB0DFEE058CA,127,567,375,Game_SHARED_GAME_SHADOW_MAP_NAME; Game_SHARED_GAME_SHADOW_MAP_NAME_2; N_BS_06_AT_C; T_BN_CN_MFARMER1_DA; T_BN_CN_MFARMER1_NRT; T_City_China_RP2D; T_Cloud_M; UnityDefault2D; UnityWhite; _WeaponTex
empire1,190,1,0x1742a8000,M_BS_CN_CHANG_L2_LD03_A,indexed,3,342,8,4552894A96D16654,6889EB0DFEE058CA,912,567,375,Game_SHARED_GAME_SHADOW_MAP_NAME; Game_SHARED_GAME_SHADOW_MAP_NAME_2; N_BS_06_AT_C; T_BS_CN_CHANG_L2_DA; T_BS_CN_CHANG_L2_NRT; T_City_China_RP2D; T_Cloud_M; UnityDefault2D; UnityWhite; _WeaponTex
empire1,191,1,0x1742a8c00,M_BN_FR_HAWKER1_LD03_A,indexed,3,486,1,4552894A96D16654,6889EB0DFEE058CA,162,567,375,Game_SHARED_GAME_SHADOW_MAP_NAME; Game_SHARED_GAME_SHADOW_MAP_NAME_2; N_BS_06_AT_C; T_BN_FR_HAWKER1_DA; T_BN_FR_HAWKER1_NRT; T_City_China_RP2D; T_Cloud_M; UnityDefault2D; UnityWhite; _WeaponTex
empire1,192,1,0x1742a8000,M_BS_CN_PKEMN_L2_LD03_A,indexed,3,381,4,4552894A96D16654,6889EB0DFEE058CA,508,567,375,Game_SHARED_GAME_SHADOW_MAP_NAME; Game_SHARED_GAME_SHADOW_MAP_NAME_2; N_BS_06_AT_C; T_BS_CN_PKEMN_L2_DA; T_BS_CN_PKEMN_L2_NRT; T_City_China_RP2D; T_Cloud_M; UnityDefault2D; UnityWhite; _WeaponTex
empire1,193,1,0x1742a8c00,M_BH_JOA_LD03_A,indexed,3,465,1,4552894A96D16654,6889EB0DFEE058CA,155,567,375,Game_SHARED_GAME_SHADOW_MAP_NAME; Game_SHARED_GAME_SHADOW_MAP_NAME_2; N_BS_06_AT_C; T_BH_JOA_DA; T_BH_JOA_NRT; T_City_China_RP2D; T_Cloud_M; UnityDefault2D; UnityWhite; _WeaponTex
empire1,194,1,0x1742a8c00,M_BH_ODA_LD03_A,indexed,3,504,1,4552894A96D16654,6889EB0DFEE058CA,168,567,375,Game_SHARED_GAME_SHADOW_MAP_NAME; Game_SHARED_GAME_SHADOW_MAP_NAME_2; N_BS_06_AT_C; T_BH_ODA_DA; T_BH_ODA_NRT; T_City_China_RP2D; T_Cloud_M; UnityDefault2D; UnityWhite; _WeaponTex
empire1,195,1,0x1742a8c00,M_BH_GAIUS_LD03_A,indexed,3,486,1,4552894A96D16654,6889EB0DFEE058CA,162,567,375,Game_SHARED_GAME_SHADOW_MAP_NAME; Game_SHARED_GAME_SHADOW_MAP_NAME_2; N_BS_06_AT_C; T_BH_GAIUS_DA; T_BH_GAIUS_NRT; T_City_China_RP2D; T_Cloud_M; UnityDefault2D; UnityWhite; _WeaponTex
empire1,196,1,0x1764b4c00,SM_Water_Plane_LOD2,indexed,3,3456,7,64C2E4E483C4CE99,DF376854D1774666,8064,320,297,T_City_China_RP2D; T_FoamRamp_1_C; T_FoamRamp_2_C; T_Foam_C; T_Ocean_Waves01_Normals_M; T_Ocean_Waves_Shore_Normals_M; T_ShoreMap_China_C; T_SpecularHighlights_M; T_WaterNoise02_C; T_Waterbump_C; _NoiseTex
empire1,197,1,0x1742f8c00,SM_CityWater_07,indexed,3,2028,1,F2806ABBA36C2A28,84DC1364D846CE97,676,338,280,BnSFog_FogMaskTex; T_City_China_RP2D; T_Cloud_M; T_FoamRamp_3_C; T_Foam_C; T_SpecularHighlights_M; T_Waterbump_C
empire1,198,1,0x1764b4c00,SM_Water_Plane_LOD2,indexed,3,3456,1,64C2E4E483C4CE99,DF376854D1774666,1152,320,297,T_City_China_RP2D; T_FoamRamp_1_C; T_FoamRamp_2_C; T_Foam_C; T_Ocean_Waves01_Normals_M; T_Ocean_Waves_Shore_Normals_M; T_ShoreMap_China_C; T_SpecularHighlights_M; T_WaterNoise02_C; T_Waterbump_C; _NoiseTex
empire1,199,1,0x1742fa400,ScratchBuffer0_1,indexed,3,24,1,C193988139C3BC84,2465498F1DE737E1,8,72,95,_MainTex
empire1,200,1,0x1742fa400,ScratchBuffer0_1,indexed,3,24,1,C193988139C3BC84,2465498F1DE737E1,8,72,95,_MainTex
empire1,201,1,0x1742fa400,ScratchBuffer0_1,indexed,3,6,1,C193988139C3BC84,2465498F1DE737E1,2,72,95,_MainTex
empire1,202,1,0x1742fa400,ScratchBuffer0_1,indexed,3,6,1,C193988139C3BC84,2465498F1DE737E1,2,72,95,_MainTex
empire1,203,1,0x1742fa400,ScratchBuffer0_1,indexed,3,6,1,C193988139C3BC84,2465498F1DE737E1,2,72,95,_MainTex
empire1,204,1,0x1742fa400,ScratchBuffer0_1,indexed,3,6,1,C193988139C3BC84,2465498F1DE737E1,2,72,95,_MainTex
empire1,205,1,0x1742fa400,ScratchBuffer0_1,indexed,3,6,1,C193988139C3BC84,2465498F1DE737E1,2,72,95,_MainTex
empire1,206,1,0x1742fa400,ScratchBuffer0_1,indexed,3,6,1,C193988139C3BC84,2465498F1DE737E1,2,72,95,_MainTex
empire1,207,1,0x1742fa400,ScratchBuffer0_1,indexed,3,6,1,C193988139C3BC84,2465498F1DE737E1,2,72,95,_MainTex
empire1,208,1,0x1742fa400,ScratchBuffer0_1,indexed,3,18,1,C193988139C3BC84,2465498F1DE737E1,6,72,95,_MainTex
empire1,209,1,0x1742fa400,ScratchBuffer0_1,indexed,3,6,1,C193988139C3BC84,2465498F1DE737E1,2,72,95,_MainTex
empire1,210,1,0x1742fa400,ScratchBuffer0_1,indexed,3,6,1,C193988139C3BC84,2465498F1DE737E1,2,72,95,_MainTex
empire1,211,1,0x1742fa400,ScratchBuffer0_1,indexed,3,6,1,C193988139C3BC84,2465498F1DE737E1,2,72,95,_MainTex
empire1,212,1,0x1742fa400,ScratchBuffer0_1,indexed,3,18,1,C193988139C3BC84,2465498F1DE737E1,6,72,95,_MainTex
empire1,213,1,0x174324000,ScratchBuffer0_1,indexed,3,6,1,C193988139C3BC84,9860E55E92BF8AC1,2,58,101,T_FX_Mask_59; _AlphaMask
empire1,214,1,0x174325800,ScratchBuffer0_1,indexed,3,6,1,C193988139C3BC84,62E3049CB2FAFD0F,2,72,121,T_FX_FB_Fire_06; _AlphaMask
empire1,215,1,0x174325800,ScratchBuffer0_1,indexed,3,6,1,C193988139C3BC84,62E3049CB2FAFD0F,2,72,121,T_FX_FB_Fire_06; _AlphaMask
empire1,216,1,0x1742fa400,ScratchBuffer0_1,indexed,3,6,1,C193988139C3BC84,2465498F1DE737E1,2,72,95,T_FX_FB_Fire_06
empire1,217,1,0x1742fa400,ScratchBuffer0_1,indexed,3,6,1,C193988139C3BC84,2465498F1DE737E1,2,72,95,T_FX_FB_Fire_06
empire1,218,1,0x1742fa400,ScratchBuffer0_1,indexed,3,6,1,C193988139C3BC84,2465498F1DE737E1,2,72,95,T_FX_FB_Fire_06
empire1,219,1,0x1742fa400,ScratchBuffer0_1,indexed,3,6,1,C193988139C3BC84,2465498F1DE737E1,2,72,95,T_FX_FB_Fire_06
empire1,220,1,0x174327000,ScratchBuffer0_1,indexed,3,6,1,C193988139C3BC84,5C7B364CA13D6F7,2,58,72,T_FX_FB_Fire_06
empire1,221,1,0x174327000,ScratchBuffer0_1,indexed,3,6,1,C193988139C3BC84,5C7B364CA13D6F7,2,58,72,T_FX_FB_Fire_06
empire1,222,1,0x174327000,ScratchBuffer0_1,indexed,3,6,1,C193988139C3BC84,5C7B364CA13D6F7,2,58,72,T_FX_FB_Fire_06
empire1,223,1,0x174327000,ScratchBuffer0_1,indexed,3,6,1,C193988139C3BC84,5C7B364CA13D6F7,2,58,72,T_FX_FB_Fire_06
empire1,224,1,0x174340000,ScratchBuffer0_1,indexed,3,24,1,C193988139C3BC84,5C7B364CA13D6F7,8,58,72,_MainTex
empire1,225,1,0x174341800,ScratchBuffer0_1,indexed,3,6,1,C193988139C3BC84,FC73153FD62F03C,2,72,166,T_FX_Mask_57; T_FX_Noise_115_cwh; T_FX_Noise_36; T_FX_Noise_88_kgr
empire1,226,1,0x174325800,ScratchBuffer0_1,indexed,3,36,1,C193988139C3BC84,62E3049CB2FAFD0F,12,72,121,T_FX_FB_Smoke_Dust01; _AlphaMask
empire1,227,1,0x174325800,ScratchBuffer0_1,indexed,3,30,1,C193988139C3BC84,62E3049CB2FAFD0F,10,72,121,T_FX_FB_Smoke_Dust01; _AlphaMask
empire1,228,1,0x1742fa400,ScratchBuffer0_1,indexed,3,96,1,C193988139C3BC84,2465498F1DE737E1,32,72,95,_MainTex
empire1,229,1,0x1742fa400,ScratchBuffer0_1,indexed,3,96,1,C193988139C3BC84,2465498F1DE737E1,32,72,95,_MainTex
empire1,230,1,0x1742fa400,ScratchBuffer0_1,indexed,3,96,1,C193988139C3BC84,2465498F1DE737E1,32,72,95,_MainTex
empire1,231,1,0x1742fa400,ScratchBuffer0_1,indexed,3,96,1,C193988139C3BC84,2465498F1DE737E1,32,72,95,_MainTex
empire1,232,1,0x1742fa400,ScratchBuffer0_1,indexed,3,60,1,C193988139C3BC84,2465498F1DE737E1,20,72,95,_MainTex
empire1,233,1,0x1742fa400,ScratchBuffer0_1,indexed,3,96,1,C193988139C3BC84,2465498F1DE737E1,32,72,95,_MainTex
empire1,234,1,0x1742fa400,ScratchBuffer0_1,indexed,3,96,1,C193988139C3BC84,2465498F1DE737E1,32,72,95,_MainTex
empire1,235,1,0x1742fa400,ScratchBuffer0_1,indexed,3,96,1,C193988139C3BC84,2465498F1DE737E1,32,72,95,_MainTex
empire1,236,1,0x1742fa400,ScratchBuffer0_1,indexed,3,96,1,C193988139C3BC84,2465498F1DE737E1,32,72,95,_MainTex
empire1,237,1,0x1742fa400,ScratchBuffer0_1,indexed,3,96,1,C193988139C3BC84,2465498F1DE737E1,32,72,95,_MainTex
empire1,238,1,0x1742fa400,ScratchBuffer0_1,indexed,3,72,1,C193988139C3BC84,2465498F1DE737E1,24,72,95,_MainTex
empire1,239,1,0x1742fa400,ScratchBuffer0_1,indexed,3,96,1,C193988139C3BC84,2465498F1DE737E1,32,72,95,_MainTex
empire1,240,1,0x1742fa400,ScratchBuffer0_1,indexed,3,96,1,C193988139C3BC84,2465498F1DE737E1,32,72,95,_MainTex
empire1,241,1,0x1742fa400,ScratchBuffer0_1,indexed,3,6,1,C193988139C3BC84,2465498F1DE737E1,2,72,95,_MainTex
empire1,242,1,0x1742fa400,ScratchBuffer0_1,indexed,3,24,1,C193988139C3BC84,2465498F1DE737E1,8,72,95,_MainTex
empire1,243,1,0x1742fa400,ScratchBuffer0_1,indexed,3,24,1,C193988139C3BC84,2465498F1DE737E1,8,72,95,_MainTex
empire1,244,1,0x17435c000,ScratchBuffer0_1,indexed,3,6,1,C193988139C3BC84,9860E55E92BF8AC1,2,58,101,T_FX_Mask_Noise21; T_FX_Smoke_06
empire1,245,1,0x17435c000,ScratchBuffer0_1,indexed,3,6,1,C193988139C3BC84,9860E55E92BF8AC1,2,58,101,T_FX_Mask_Noise21; T_FX_Smoke_06
empire1,246,1,0x17435c000,ScratchBuffer0_1,indexed,3,6,1,C193988139C3BC84,9860E55E92BF8AC1,2,58,101,T_FX_Mask_Noise21; T_FX_Smoke_06
empire1,247,1,0x17435c000,ScratchBuffer0_1,indexed,3,6,1,C193988139C3BC84,9860E55E92BF8AC1,2,58,101,T_FX_Mask_Noise21; T_FX_Smoke_06
empire1,248,1,0x17435c000,ScratchBuffer0_1,indexed,3,6,1,C193988139C3BC84,9860E55E92BF8AC1,2,58,101,T_FX_Mask_Noise21; T_FX_Smoke_06
empire1,249,1,0x17435c000,ScratchBuffer0_1,indexed,3,6,1,C193988139C3BC84,9860E55E92BF8AC1,2,58,101,T_FX_Mask_Noise21; T_FX_Smoke_06
empire1,250,1,0x17435c000,ScratchBuffer0_1,indexed,3,6,1,C193988139C3BC84,9860E55E92BF8AC1,2,58,101,T_FX_Mask_Noise21; T_FX_Smoke_06
empire1,251,1,0x174324000,ScratchBuffer0_1,indexed,3,6,1,C193988139C3BC84,9860E55E92BF8AC1,2,58,101,T_FX_Flash_52_cwh; T_FX_Shape_Square16
empire1,252,1,0x17435c000,ScratchBuffer0_1,indexed,3,6,1,C193988139C3BC84,9860E55E92BF8AC1,2,58,101,T_FX_Mask_Noise21; T_FX_Noise_56
empire1,253,1,0x17435c000,ScratchBuffer0_1,indexed,3,6,1,C193988139C3BC84,9860E55E92BF8AC1,2,58,101,T_FX_Mask_Noise21; T_FX_Noise_56
empire1,254,1,0x17435c000,ScratchBuffer0_1,indexed,3,6,1,C193988139C3BC84,9860E55E92BF8AC1,2,58,101,T_FX_Mask_Noise21; T_FX_Noise_56
empire1,255,1,0x17435d800,ScratchBuffer0_1,indexed,3,90,1,85FDEF5B00BDFF60,7AFEBB89254F0758,30,133,57,BnSFog_FogMaskTex; _EmissiveTex
empire1,256,1,0x17435d800,ScratchBuffer0_1,indexed,3,84,1,85FDEF5B00BDFF60,7AFEBB89254F0758,28,133,57,BnSFog_FogMaskTex; _EmissiveTex
empire1,257,1,0x17435d800,ScratchBuffer0_1,indexed,3,78,1,85FDEF5B00BDFF60,7AFEBB89254F0758,26,133,57,BnSFog_FogMaskTex; _EmissiveTex
empire1,258,1,0x17435d800,ScratchBuffer0_1,indexed,3,84,1,85FDEF5B00BDFF60,7AFEBB89254F0758,28,133,57,BnSFog_FogMaskTex; _EmissiveTex
empire1,259,1,0x17435f000,st_pubukou01,indexed,3,120,1,72909EDA43C96810,636B5ED715A13F15,40,69,153,T_FX_Liquid_01; T_FX_Liquid_WaterFall03; T_FX_Mask_Noise11; T_FX_Noise_67
empire1,260,1,0x174378c00,ScratchBuffer0_1,indexed,3,192,1,C193988139C3BC84,227CD4FB0731032F,64,58,128,T_FX_Mask_40; T_FX_Noise_55; T_FX_Noise_56
empire1,261,1,0x174327000,ScratchBuffer0_1,indexed,3,48,1,C193988139C3BC84,5C7B364CA13D6F7,16,58,72,T_FX_Noise_56
empire1,262,1,0x174327000,ScratchBuffer0_1,indexed,3,48,1,C193988139C3BC84,5C7B364CA13D6F7,16,58,72,T_FX_Noise_56
empire1,263,1,0x174379800,,nonindexed,4,282,1,C193988139C3BC84,5C7B364CA13D6F7,280,58,72,T_FX_Noise_56
empire1,264,1,0x174327000,ScratchBuffer0_1,indexed,3,12,1,C193988139C3BC84,5C7B364CA13D6F7,4,58,72,T_FX_Noise_56
empire1,265,1,0x174327000,ScratchBuffer0_1,indexed,3,12,1,C193988139C3BC84,5C7B364CA13D6F7,4,58,72,T_FX_Noise_56
empire1,266,1,0x174327000,ScratchBuffer0_1,indexed,3,6,1,C193988139C3BC84,5C7B364CA13D6F7,2,58,72,T_FX_Noise_56
empire1,267,1,0x17437b000,ScratchBuffer0_1,indexed,3,36,1,C193988139C3BC84,8D93CB5787D86000,12,58,88,T_FX_Liquid_Splash04; T_FX_Noise_58
empire1,268,1,0x17437b000,ScratchBuffer0_1,indexed,3,36,1,C193988139C3BC84,8D93CB5787D86000,12,58,88,T_FX_Liquid_Splash04; T_FX_Noise_58
empire1,269,1,0x17437b000,ScratchBuffer0_1,indexed,3,30,1,C193988139C3BC84,8D93CB5787D86000,10,58,88,T_FX_Liquid_Splash04; T_FX_Noise_58
empire1,270,1,0x17437b000,ScratchBuffer0_1,indexed,3,30,1,C193988139C3BC84,8D93CB5787D86000,10,58,88,T_FX_Liquid_Splash04; T_FX_Noise_58
empire1,271,1,0x17437b000,ScratchBuffer0_1,indexed,3,36,1,C193988139C3BC84,8D93CB5787D86000,12,58,88,T_FX_Liquid_Splash04; T_FX_Noise_58
empire1,272,1,0x17437b000,ScratchBuffer0_1,indexed,3,30,1,C193988139C3BC84,8D93CB5787D86000,10,58,88,T_FX_Liquid_Splash04; T_FX_Noise_58
empire1,273,1,0x17437b000,ScratchBuffer0_1,indexed,3,30,1,C193988139C3BC84,8D93CB5787D86000,10,58,88,T_FX_Liquid_Splash04; T_FX_Noise_58
empire1,274,1,0x17437b000,ScratchBuffer0_1,indexed,3,30,1,C193988139C3BC84,8D93CB5787D86000,10,58,88,T_FX_Liquid_Splash04; T_FX_Noise_58
empire1,275,1,0x17437b000,ScratchBuffer0_1,indexed,3,30,1,C193988139C3BC84,8D93CB5787D86000,10,58,88,T_FX_Liquid_Splash04; T_FX_Noise_58
empire1,276,1,0x17437b000,ScratchBuffer0_1,indexed,3,30,1,C193988139C3BC84,8D93CB5787D86000,10,58,88,T_FX_Liquid_Splash04; T_FX_Noise_58
empire1,277,1,0x17437b000,ScratchBuffer0_1,indexed,3,30,1,C193988139C3BC84,8D93CB5787D86000,10,58,88,T_FX_Liquid_Splash04; T_FX_Noise_58
empire1,278,1,0x17437b000,ScratchBuffer0_1,indexed,3,30,1,C193988139C3BC84,8D93CB5787D86000,10,58,88,T_FX_Liquid_Splash04; T_FX_Noise_58
empire1,279,1,0x174394c00,st_pubukou01,indexed,3,120,2,72909EDA43C96810,B194C9FD14F7FACE,80,69,93,UnityGrey; _MainTex
empire1,280,1,0x174396400,st_pubukou01,indexed,3,120,1,72909EDA43C96810,BE9835242F6F26A,40,69,122,T_FX_Liquid_01; UnityGrey; _AlphaMask
empire1,281,1,0x174397000,Pubu02,indexed,3,240,1,72909EDA43C96810,BE9835242F6F26A,80,69,122,T_FX_Liquid_WaterFall03; T_FX_Mask_Noise19_C; T_FX_Noise_67
empire1,282,1,0x174397000,Plane001,indexed,3,288,1,72909EDA43C96810,BE9835242F6F26A,96,69,122,T_FX_Liquid_WaterFall01; T_FX_Noise_67; T_FX_Shape_Square16
empire1,283,1,0x174397000,Pubu02,indexed,3,240,1,72909EDA43C96810,BE9835242F6F26A,80,69,122,T_FX_Liquid_WaterFall03; T_FX_Mask_Noise19_C; T_FX_Noise_67
empire1,284,1,0x1743a8c00,ScratchBuffer0_1,indexed,3,240,1,C193988139C3BC84,A6EC8DD3FDAD4C6E,80,58,117,T_FX_Noise_32; T_FX_Noise_58; T_FX_Noise_74_kgr
empire1,285,1,0x1743a8c00,ScratchBuffer0_1,indexed,3,240,1,C193988139C3BC84,A6EC8DD3FDAD4C6E,80,58,117,T_FX_Noise_32; T_FX_Noise_58; T_FX_Noise_74_kgr
empire1,286,1,0x174397000,Pubu02,indexed,3,240,1,72909EDA43C96810,BE9835242F6F26A,80,69,122,T_FX_Liquid_WaterFall05; T_FX_Mask_Noise19_C; T_FX_Noise_67
empire1,287,1,0x174397000,Pubu02,indexed,3,240,1,72909EDA43C96810,BE9835242F6F26A,80,69,122,T_FX_Liquid_WaterFall05; T_FX_Mask_Noise19_C; T_FX_Noise_67
empire1,288,1,0x174397000,Pubu02,indexed,3,240,1,72909EDA43C96810,BE9835242F6F26A,80,69,122,T_FX_Liquid_WaterFall05; T_FX_Mask_Noise19_C; T_FX_Noise_67
empire1,289,1,0x1743a9800,ScratchBuffer0_1,indexed,3,6,1,C193988139C3BC84,A6EC8DD3FDAD4C6E,2,58,117,T_FX_Mask_40; T_FX_Noise_107_cwh; T_FX_Noise_33
empire1,290,1,0x1743ab000,ScratchBuffer0_1,indexed,3,72,1,9DBB7524CB526D97,DF9230398DF35216,24,72,128,T_FX_Mask_02_CH; T_FX_Noise_37; _EmissiveTex
empire1,291,1,0x1743a8c00,ScratchBuffer0_1,indexed,3,1080,1,C193988139C3BC84,A6EC8DD3FDAD4C6E,360,58,117,T_FX_Mask_07; T_FX_Noise_35; _MainTex
empire1,292,1,0x1743a8c00,ScratchBuffer0_1,indexed,3,24,1,C193988139C3BC84,A6EC8DD3FDAD4C6E,8,58,117,T_FX_Mask_44; T_FX_Noise_79_cwh; _TwistTex
empire1,293,1,0x174327000,ScratchBuffer0_1,indexed,3,138,1,C193988139C3BC84,5C7B364CA13D6F7,46,58,72,_MainTex
empire1,294,1,0x1743ab000,ScratchBuffer0_1,indexed,3,72,1,9DBB7524CB526D97,DF9230398DF35216,24,72,128,T_FX_Mask_02_CH; T_FX_Mask_19; _EmissiveTex
empire1,295,1,0x1743ecc00,ScratchBuffer0_1,indexed,3,1272,1,9DBB7524CB526D97,D37DAE5812AF2F9,424,72,96,T_FX_Noise_44; _EmissiveTex
empire1,296,1,0x174378c00,ScratchBuffer0_1,indexed,3,576,1,C193988139C3BC84,227CD4FB0731032F,192,58,128,T_FX_Mask_13; T_FX_Mask_64_Zcx; T_FX_Noise_17
empire1,297,1,0x174327000,ScratchBuffer0_1,indexed,3,42,1,C193988139C3BC84,5C7B364CA13D6F7,14,58,72,T_FX_Mask_13
empire1,298,1,0x174327000,ScratchBuffer0_1,indexed,3,6,1,C193988139C3BC84,5C7B364CA13D6F7,2,58,72,T_FX_Mask_13
empire1,299,1,0x1742fa400,ScratchBuffer0_1,indexed,3,12,1,C193988139C3BC84,2465498F1DE737E1,4,72,95,T_FX_Mask_13
empire1,300,1,0x174397000,Plane001,indexed,3,288,1,72909EDA43C96810,BE9835242F6F26A,96,69,122,T_FX_Liquid_WaterFall01; T_FX_Noise_67; T_FX_Shape_Square16
empire1,301,1,0x174397000,Plane001,indexed,3,288,1,72909EDA43C96810,BE9835242F6F26A,96,69,122,T_FX_Liquid_WaterFall04; T_FX_Mask_26; T_FX_Noise_67
empire1,302,1,0x174397000,Plane001,indexed,3,288,1,72909EDA43C96810,BE9835242F6F26A,96,69,122,T_FX_Liquid_WaterFall02; T_FX_Mask_50; T_FX_Noise_67
empire1,303,1,0x1743ee400,ScratchBuffer0_1,indexed,3,216,1,C193988139C3BC84,2DEBF7C98BFF98A2,72,72,137,T_FX_Mask_Noise20; T_FX_Noise_64; T_FX_Noise_67
empire1,304,1,0x1743ee400,ScratchBuffer0_1,indexed,3,216,1,C193988139C3BC84,2DEBF7C98BFF98A2,72,72,137,T_FX_Mask_Noise20; T_FX_Noise_64; T_FX_Noise_67
empire1,305,1,0x174327000,ScratchBuffer0_1,indexed,3,30,1,C193988139C3BC84,5C7B364CA13D6F7,10,58,72,T_FX_Noise_67
empire1,306,1,0x174327000,ScratchBuffer0_1,indexed,3,36,1,C193988139C3BC84,5C7B364CA13D6F7,12,58,72,T_FX_Noise_67
empire1,307,1,0x174327000,ScratchBuffer0_1,indexed,3,36,1,C193988139C3BC84,5C7B364CA13D6F7,12,58,72,T_FX_Noise_67
empire1,308,1,0x174327000,ScratchBuffer0_1,indexed,3,36,1,C193988139C3BC84,5C7B364CA13D6F7,12,58,72,T_FX_Noise_67
empire1,309,1,0x174327000,ScratchBuffer0_1,indexed,3,36,1,C193988139C3BC84,5C7B364CA13D6F7,12,58,72,T_FX_Noise_67
empire1,310,1,0x174327000,ScratchBuffer0_1,indexed,3,24,1,C193988139C3BC84,5C7B364CA13D6F7,8,58,72,T_FX_Noise_67
empire1,311,1,0x174327000,ScratchBuffer0_1,indexed,3,30,1,C193988139C3BC84,5C7B364CA13D6F7,10,58,72,T_FX_Noise_67
empire1,312,1,0x174327000,ScratchBuffer0_1,indexed,3,24,1,C193988139C3BC84,5C7B364CA13D6F7,8,58,72,T_FX_Noise_67
empire1,313,1,0x174327000,ScratchBuffer0_1,indexed,3,60,1,C193988139C3BC84,5C7B364CA13D6F7,20,58,72,T_FX_Noise_67
empire1,314,1,0x174327000,ScratchBuffer0_1,indexed,3,60,1,C193988139C3BC84,5C7B364CA13D6F7,20,58,72,T_FX_Noise_67
empire1,315,1,0x174327000,ScratchBuffer0_1,indexed,3,54,1,C193988139C3BC84,5C7B364CA13D6F7,18,58,72,T_FX_Noise_67
empire1,316,1,0x174327000,ScratchBuffer0_1,indexed,3,48,1,C193988139C3BC84,5C7B364CA13D6F7,16,58,72,T_FX_Noise_67
empire1,317,1,0x174327000,ScratchBuffer0_1,indexed,3,42,1,C193988139C3BC84,5C7B364CA13D6F7,14,58,72,T_FX_Noise_67
empire1,318,1,0x174327000,ScratchBuffer0_1,indexed,3,54,1,C193988139C3BC84,5C7B364CA13D6F7,18,58,72,T_FX_Noise_67
empire1,319,1,0x1743ef000,ScratchBuffer0_1,indexed,3,36,1,C193988139C3BC84,8D93CB5787D86000,12,58,88,T_FX_Liquid_Splash04; T_FX_Noise_58
empire1,320,1,0x1743ef000,ScratchBuffer0_1,indexed,3,36,1,C193988139C3BC84,8D93CB5787D86000,12,58,88,T_FX_Liquid_Splash04; T_FX_Noise_58
empire1,321,1,0x1743ef000,ScratchBuffer0_1,indexed,3,48,1,C193988139C3BC84,8D93CB5787D86000,16,58,88,T_FX_Liquid_Splash04; T_FX_Noise_58
empire1,322,1,0x1743ef000,ScratchBuffer0_1,indexed,3,48,1,C193988139C3BC84,8D93CB5787D86000,16,58,88,T_FX_Liquid_Splash04; T_FX_Noise_58
empire1,323,1,0x1743ef000,ScratchBuffer0_1,indexed,3,54,1,C193988139C3BC84,8D93CB5787D86000,18,58,88,T_FX_Liquid_Splash04; T_FX_Noise_58
empire1,324,1,0x174327000,ScratchBuffer0_1,indexed,3,30,1,C193988139C3BC84,5C7B364CA13D6F7,10,58,72,T_FX_Noise_58
empire1,325,1,0x174327000,ScratchBuffer0_1,indexed,3,12,1,C193988139C3BC84,5C7B364CA13D6F7,4,58,72,T_FX_Noise_58
empire1,326,2,0x1743f4c00,ScratchBuffer0_1,indexed,3,6,1,87892EA381D07BFD,A1A7F78082E9C6A7,2,57,38,Game_SCENE_COLOR_MAP_NAME
empire1,327,3,0x1743f6400,ScratchBuffer0_1,indexed,3,6,1,B0DCE88977007BE3,EC1CD231E73733A3,2,104,90,Game_RT_4
empire1,328,4,0x1743f6400,ScratchBuffer0_1,indexed,3,6,1,B0DCE88977007BE3,EC1CD231E73733A3,2,104,90,Game_TMP_RT_8
empire1,329,5,0x1743f6400,ScratchBuffer0_1,indexed,3,6,1,B0DCE88977007BE3,EC1CD231E73733A3,2,104,90,Game_TMP_RT_16
empire1,330,6,0x1743f6400,ScratchBuffer0_1,indexed,3,6,1,B0DCE88977007BE3,EC1CD231E73733A3,2,104,90,Game_TMP_RT_32
empire1,331,7,0x176400000,ScratchBuffer0_1,indexed,3,6,1,A3B4DDAA3ED2AE38,70C4E390B5467EB4,2,104,86,Game_RT_64; Game_TMP_RT_32
empire1,332,8,0x176400000,ScratchBuffer0_1,indexed,3,6,1,A3B4DDAA3ED2AE38,70C4E390B5467EB4,2,104,86,Game_RT_32; Game_TMP_RT_16
empire1,333,9,0x176400000,ScratchBuffer0_1,indexed,3,6,1,A3B4DDAA3ED2AE38,70C4E390B5467EB4,2,104,86,Game_RT_16; Game_TMP_RT_8
empire1,334,10,0x176401800,ScratchBuffer0_1,indexed,3,6,1,BD70604646654C22,EDEB96566F435129,2,70,56,Game_RT_4; Game_RT_8
empire1,335,11,0x176403000,ScratchBuffer0_1,indexed,3,6,1,35E744FC2162B835,48AF95639F3762C4,2,42,43,Game_RT_COLOR_LUT; Game_RT_SUM_MERGE; Game_SCENE_COLOR_MAP_NAME
empire1,336,11,0x176410c00,,indexed,3,648,1,408ADCBC4DA4210D,46DC5A6F854C8B99,216,109,85,UnityWhite; _MainTex
empire1,337,11,0x176410c00,,indexed,3,6480,1,408ADCBC4DA4210D,46DC5A6F854C8B99,2160,109,85,UnityWhite; _MainTex
empire1,338,11,0x13b2b4c00,,indexed,3,108,1,37D7280164AA460A,CD68E5030B8C188A,36,134,51,Font_Texture_0; SmashTexture_0
empire1,339,11,0x1764b6400,,indexed,3,6,1,37D7280164AA460A,33EDB6F482810399,2,134,17,Font_Texture_0; SmashTexture_0
empire1,340,11,0x16852c000,,indexed,3,30,1,BF8E952ACC8411F5,8A5B8921A26C4885,10,174,55,Font_Texture_0; Mask_History; SmashTexture_0
empire1,341,11,0x1764b6400,,indexed,3,6,1,37D7280164AA460A,33EDB6F482810399,2,134,17,Font_Texture_0; SmashTexture_0
empire1,342,11,0x13b2b4c00,,indexed,3,24,1,37D7280164AA460A,CD68E5030B8C188A,8,134,51,Font_Texture_0; SmashTexture_0
empire1,343,11,0x13b2b4c00,,indexed,3,24,1,37D7280164AA460A,CD68E5030B8C188A,8,134,51,Font_Texture_0; SmashTexture_0
empire1,344,11,0x13b2b4c00,,indexed,3,24,1,37D7280164AA460A,CD68E5030B8C188A,8,134,51,Font_Texture_0; SmashTexture_0
empire1,345,11,0x13b2b4c00,,indexed,3,24,1,37D7280164AA460A,CD68E5030B8C188A,8,134,51,Font_Texture_0; SmashTexture_0
empire1,346,11,0x13b2b4c00,,indexed,3,24,1,37D7280164AA460A,CD68E5030B8C188A,8,134,51,Font_Texture_0; SmashTexture_0
empire1,347,11,0x13b2b4c00,,indexed,3,24,1,37D7280164AA460A,CD68E5030B8C188A,8,134,51,Font_Texture_0; SmashTexture_0
empire1,348,11,0x13b2b4c00,,indexed,3,24,1,37D7280164AA460A,CD68E5030B8C188A,8,134,51,Font_Texture_0; SmashTexture_0
empire1,349,11,0x13b2b4c00,,indexed,3,24,1,37D7280164AA460A,CD68E5030B8C188A,8,134,51,Font_Texture_0; SmashTexture_0
empire1,350,11,0x13b2b4c00,,indexed,3,24,1,37D7280164AA460A,CD68E5030B8C188A,8,134,51,Font_Texture_0; SmashTexture_0
empire1,351,11,0x13b2b4c00,,indexed,3,24,1,37D7280164AA460A,CD68E5030B8C188A,8,134,51,Font_Texture_0; SmashTexture_0
empire1,352,11,0x13b2b4c00,,indexed,3,24,1,37D7280164AA460A,CD68E5030B8C188A,8,134,51,Font_Texture_0; SmashTexture_0
empire1,353,11,0x13b2b4c00,,indexed,3,24,1,37D7280164AA460A,CD68E5030B8C188A,8,134,51,Font_Texture_0; SmashTexture_0
empire1,354,11,0x13b2b4c00,,indexed,3,1242,1,37D7280164AA460A,CD68E5030B8C188A,414,134,51,Font_Texture_0; SmashTexture_0
empire1,355,11,0x176413000,SM_UnityPlane,indexed,3,6,11,72909EDA43C96810,A6CC9973B6F2EF4D,22,67,79,T_FX_Mask_17_clamp; T_FX_Mask_51
empire1,356,11,0x13b2b4c00,,indexed,3,414,1,37D7280164AA460A,CD68E5030B8C188A,138,134,51,Font_Texture_0; SmashTexture_0
empire1,357,11,0x17b2f4000,ScratchBuffer0_1,indexed,3,6,1,C193988139C3BC84,D0854CE3F6003FFD,2,58,77,T_FX_UI_Entitybubble_shape; UnityDefault2D
empire1,358,11,0x17b2f4000,ScratchBuffer0_1,indexed,3,6,1,C193988139C3BC84,D0854CE3F6003FFD,2,58,77,T_FX_UI_Entitybubble_shape; UnityDefault2D
empire1,359,11,0x17b2f4000,ScratchBuffer0_1,indexed,3,6,1,C193988139C3BC84,D0854CE3F6003FFD,2,58,77,T_FX_UI_Entitybubble_shape; UnityDefault2D
empire1,360,11,0x17b2f4000,ScratchBuffer0_1,indexed,3,6,1,C193988139C3BC84,D0854CE3F6003FFD,2,58,77,T_FX_UI_Entitybubble_shape; UnityDefault2D
empire1,361,11,0x17b2f4000,ScratchBuffer0_1,indexed,3,6,1,C193988139C3BC84,D0854CE3F6003FFD,2,58,77,T_FX_UI_Entitybubble_shape; UnityDefault2D
empire1,362,11,0x17b2f4000,ScratchBuffer0_1,indexed,3,6,1,C193988139C3BC84,D0854CE3F6003FFD,2,58,77,T_FX_UI_Entitybubble_shape; UnityDefault2D
empire1,363,11,0x17b2f4000,ScratchBuffer0_1,indexed,3,6,1,C193988139C3BC84,D0854CE3F6003FFD,2,58,77,T_FX_UI_Entitybubble_shape; UnityDefault2D
empire1,364,11,0x17b2f4000,ScratchBuffer0_1,indexed,3,6,1,C193988139C3BC84,D0854CE3F6003FFD,2,58,77,T_FX_UI_Entitybubble_shape; UnityDefault2D
empire1,365,11,0x17b2f4000,ScratchBuffer0_1,indexed,3,6,1,C193988139C3BC84,D0854CE3F6003FFD,2,58,77,T_FX_UI_Entitybubble_shape; UnityDefault2D
empire1,366,11,0x17b2f4000,ScratchBuffer0_1,indexed,3,6,1,C193988139C3BC84,D0854CE3F6003FFD,2,58,77,T_FX_UI_Entitybubble_shape; UnityDefault2D
empire1,367,11,0x17b2f4000,ScratchBuffer0_1,indexed,3,6,1,C193988139C3BC84,D0854CE3F6003FFD,2,58,77,T_FX_UI_Entitybubble_shape; UnityDefault2D
empire1,368,11,0x17b2f7000,ScratchBuffer0_1,indexed,3,6,1,2EB35058C7F2CB6C,36230B57011F2EC6,2,72,22,_EmissiveTex
empire1,369,11,0x17b2f7000,ScratchBuffer0_1,indexed,3,6,1,2EB35058C7F2CB6C,36230B57011F2EC6,2,72,22,_EmissiveTex
empire1,370,11,0x17b2f7000,ScratchBuffer0_1,indexed,3,6,1,2EB35058C7F2CB6C,36230B57011F2EC6,2,72,22,_EmissiveTex
empire1,371,11,0x17b2f7000,ScratchBuffer0_1,indexed,3,6,1,2EB35058C7F2CB6C,36230B57011F2EC6,2,72,22,_EmissiveTex
empire1,372,11,0x17b2f7000,ScratchBuffer0_1,indexed,3,6,1,2EB35058C7F2CB6C,36230B57011F2EC6,2,72,22,_EmissiveTex
empire1,373,11,0x17b2f7000,ScratchBuffer0_1,indexed,3,6,1,2EB35058C7F2CB6C,36230B57011F2EC6,2,72,22,_EmissiveTex
empire1,374,11,0x17b2f7000,ScratchBuffer0_1,indexed,3,6,1,2EB35058C7F2CB6C,36230B57011F2EC6,2,72,22,_EmissiveTex
empire1,375,11,0x17b2f7000,ScratchBuffer0_1,indexed,3,6,1,2EB35058C7F2CB6C,36230B57011F2EC6,2,72,22,_EmissiveTex
empire1,376,11,0x17b2f7000,ScratchBuffer0_1,indexed,3,6,1,2EB35058C7F2CB6C,36230B57011F2EC6,2,72,22,_EmissiveTex
empire1,377,11,0x17b2f7000,ScratchBuffer0_1,indexed,3,6,1,2EB35058C7F2CB6C,36230B57011F2EC6,2,72,22,_EmissiveTex
empire1,378,11,0x17b340000,ScratchBuffer0_1,indexed,3,12,1,C193988139C3BC84,43912D3816DEDB30,4,58,77,T_FX_Mask_Noise09; T_FX_UI_Entitybubble_shape; UnityDefault2D
empire1,379,11,0x17b340000,ScratchBuffer0_1,indexed,3,12,1,C193988139C3BC84,43912D3816DEDB30,4,58,77,T_FX_Mask_Noise09; T_FX_UI_Entitybubble_shape; UnityDefault2D
empire1,380,11,0x17b340000,ScratchBuffer0_1,indexed,3,6,1,C193988139C3BC84,43912D3816DEDB30,2,58,77,T_FX_Mask_Noise09; T_FX_UI_Entitybubble_shape; UnityDefault2D
empire1,381,11,0x17b340000,ScratchBuffer0_1,indexed,3,12,1,C193988139C3BC84,43912D3816DEDB30,4,58,77,T_FX_Mask_Noise09; T_FX_UI_Entitybubble_shape; UnityDefault2D
empire1,382,11,0x17b340000,ScratchBuffer0_1,indexed,3,6,1,C193988139C3BC84,43912D3816DEDB30,2,58,77,T_FX_Mask_Noise09; T_FX_UI_Entitybubble_shape; UnityDefault2D
empire1,383,11,0x17b340000,ScratchBuffer0_1,indexed,3,6,1,C193988139C3BC84,43912D3816DEDB30,2,58,77,T_FX_Mask_Noise09; T_FX_UI_Entitybubble_shape; UnityDefault2D
empire1,384,11,0x17b340000,ScratchBuffer0_1,indexed,3,12,1,C193988139C3BC84,43912D3816DEDB30,4,58,77,T_FX_Mask_Noise09; T_FX_UI_Entitybubble_shape; UnityDefault2D
empire1,385,11,0x17b340000,ScratchBuffer0_1,indexed,3,6,1,C193988139C3BC84,43912D3816DEDB30,2,58,77,T_FX_Mask_Noise09; T_FX_UI_Entitybubble_shape; UnityDefault2D
empire1,386,11,0x17b340000,ScratchBuffer0_1,indexed,3,12,1,C193988139C3BC84,43912D3816DEDB30,4,58,77,T_FX_Mask_Noise09; T_FX_UI_Entitybubble_shape; UnityDefault2D
empire1,387,11,0x17b340000,ScratchBuffer0_1,indexed,3,12,1,C193988139C3BC84,43912D3816DEDB30,4,58,77,T_FX_Mask_Noise09; T_FX_UI_Entitybubble_shape; UnityDefault2D
empire1,388,11,0x17b340000,ScratchBuffer0_1,indexed,3,12,1,C193988139C3BC84,43912D3816DEDB30,4,58,77,T_FX_Mask_Noise09; T_FX_UI_Entitybubble_shape; UnityDefault2D
empire1,389,11,0x1764b6400,,indexed,3,6,1,37D7280164AA460A,33EDB6F482810399,2,134,17,Font_Texture_0; SmashTexture_0
empire1,390,11,0x13b2b4c00,,indexed,3,4086,1,37D7280164AA460A,CD68E5030B8C188A,1362,134,51,Font_Texture_0; SmashTexture_0
empire1,391,11,0x1764b6400,,indexed,3,6,1,37D7280164AA460A,33EDB6F482810399,2,134,17,Font_Texture_0; SmashTexture_0
empire1,392,11,0x1764b6400,,indexed,3,6,1,37D7280164AA460A,33EDB6F482810399,2,134,17,Font_Texture_0; SmashTexture_0
empire1,393,11,0x1764b6400,,indexed,3,6,1,37D7280164AA460A,33EDB6F482810399,2,134,17,Font_Texture_0; SmashTexture_0
empire1,394,11,0x1764b6400,,indexed,3,6,1,37D7280164AA460A,33EDB6F482810399,2,134,17,Font_Texture_0; SmashTexture_0
empire1,395,11,0x1764b6400,,indexed,3,6,1,37D7280164AA460A,33EDB6F482810399,2,134,17,Font_Texture_0; SmashTexture_0
empire1,396,11,0x13b2b4c00,,indexed,3,18,1,37D7280164AA460A,CD68E5030B8C188A,6,134,51,Font_Texture_0; SmashTexture_0
empire1,397,11,0x13b2b4c00,,indexed,3,816,1,37D7280164AA460A,CD68E5030B8C188A,272,134,51,Font_Texture_0; SmashTexture_0
empire1,398,11,0x17b2de400,ScratchBuffer0_1,indexed,3,6,1,C193988139C3BC84,46D23D7FFA994B60,2,58,60,T_FX_Mask_13; T_FX_UI_btn_n_hud_zhaomu02
empire1,399,11,0x17b2f4000,ScratchBuffer0_1,indexed,3,6,1,C193988139C3BC84,D0854CE3F6003FFD,2,58,77,T_FX_Flash_50_cwh; T_FX_UI_Shape_Square06; UnityDefault2D
empire1,400,11,0x13b2b4c00,,indexed,3,24,1,37D7280164AA460A,CD68E5030B8C188A,8,134,51,Font_Texture_0; SmashTexture_0
empire1,401,11,0x17b2de400,ScratchBuffer0_1,indexed,3,6,1,C193988139C3BC84,46D23D7FFA994B60,2,58,60,T_FX_Mask_26; T_FX_UI_btn_n_hud_bg_zhaomu01
empire1,402,11,0x13b2b4c00,,indexed,3,216,1,37D7280164AA460A,CD68E5030B8C188A,72,134,51,Font_Texture_0; SmashTexture_0
empire1,403,11,0x17b2f4000,ScratchBuffer0_1,indexed,3,12,1,C193988139C3BC84,D0854CE3F6003FFD,4,58,77,T_FX_Flash_50_cwh; T_FX_UI_Shape_Square06; UnityDefault2D
empire1,404,11,0x17b2f5800,ScratchBuffer0_1,indexed,3,12,1,C193988139C3BC84,3AA60A6A70C58EA8,4,58,107,T_FX_Flash_50_cwh; T_FX_Shape_07; T_FX_UI_Common_partten02; UnityDefault2D
empire1,405,11,0x13b2b4c00,,indexed,3,42,1,37D7280164AA460A,CD68E5030B8C188A,14,134,51,Font_Texture_0; SmashTexture_0
empire1,406,11,0x17b2f4000,ScratchBuffer0_1,indexed,3,12,1,C193988139C3BC84,D0854CE3F6003FFD,4,58,77,T_FX_Flash_50_cwh; T_FX_UI_Shape_Square06; UnityDefault2D
empire1,407,11,0x17b2f5800,ScratchBuffer0_1,indexed,3,12,1,C193988139C3BC84,3AA60A6A70C58EA8,4,58,107,T_FX_Mask_50_Wjy09; T_FX_Shape_07; UnityDefault2D; _AlphaMask
empire1,408,11,0x17b2f6400,ScratchBuffer0_1,indexed,3,48,1,C193988139C3BC84,A79416C2A8490414,16,58,49,_MainTex
empire1,409,11,0x13b2b4c00,,indexed,3,1128,1,37D7280164AA460A,CD68E5030B8C188A,376,134,51,Font_Texture_0; SmashTexture_0
empire1,410,11,0x13b2b4c00,,indexed,3,6,1,37D7280164AA460A,CD68E5030B8C188A,2,134,51,Font_Texture_0; SmashTexture_0
empire1,411,11,0x13b2b4c00,,indexed,3,36,1,37D7280164AA460A,CD68E5030B8C188A,12,134,51,Font_Texture_0; SmashTexture_0
empire1,412,11,0x168785800,,indexed,3,108,1,37D7280164AA460A,33EDB6F482810399,36,134,56,Font_Texture_0; SmashTexture_0
empire1,413,11,0x13b2b4c00,,indexed,3,186,1,37D7280164AA460A,CD68E5030B8C188A,62,134,51,Font_Texture_0; SmashTexture_0
empire1,414,11,0x13b2b4c00,,indexed,3,120,1,37D7280164AA460A,CD68E5030B8C188A,40,134,51,Font_Texture_0; SmashTexture_0
empire1,415,11,0x1764b6400,,indexed,3,6,1,37D7280164AA460A,33EDB6F482810399,2,134,17,Font_Texture_0; SmashTexture_0
empire1,416,11,0x1764b6400,,indexed,3,6,1,37D7280164AA460A,33EDB6F482810399,2,134,17,Font_Texture_0; SmashTexture_0
empire1,417,11,0x17b330000,ScratchBuffer0_1,indexed,3,900,1,C193988139C3BC84,46D23D7FFA994B60,300,58,60,T_FX_Noise_62; T_FX_Trail_07
empire1,418,11,0x17b330000,ScratchBuffer0_1,indexed,3,192,1,C193988139C3BC84,46D23D7FFA994B60,64,58,60,T_FX_Mask_03_ws; T_FX_Noise_03
empire1,419,11,0x17b2f7000,ScratchBuffer0_1,indexed,3,96,1,2EB35058C7F2CB6C,36230B57011F2EC6,32,72,22,_EmissiveTex
empire1,420,11,0x13b2b4c00,,indexed,3,66,1,37D7280164AA460A,CD68E5030B8C188A,22,134,51,Font_Texture_0; SmashTexture_0
empire1,421,11,0x17b330000,ScratchBuffer0_1,indexed,3,900,1,C193988139C3BC84,46D23D7FFA994B60,300,58,60,T_FX_Mask_Noise13; T_FX_Noise_33
empire1,422,11,0x1764b6400,,indexed,3,6,1,37D7280164AA460A,33EDB6F482810399,2,134,17,Font_Texture_0; SmashTexture_0
empire1,423,11,0x1764b6400,,indexed,3,108,1,37D7280164AA460A,33EDB6F482810399,36,134,17,Font_Texture_0; SmashTexture_0
empire1,424,11,0x13b2b4c00,,indexed,3,168,1,37D7280164AA460A,CD68E5030B8C188A,56,134,51,Font_Texture_0; SmashTexture_0
empire1,425,11,0x1764b6400,,indexed,3,6,1,37D7280164AA460A,33EDB6F482810399,2,134,17,Font_Texture_0; SmashTexture_0
empire1,426,11,0x13b2b4c00,,indexed,3,210,1,37D7280164AA460A,CD68E5030B8C188A,70,134,51,Font_Texture_0; SmashTexture_0
empire1,427,11,0x17b2f6400,ScratchBuffer0_1,indexed,3,12,1,C193988139C3BC84,A79416C2A8490414,4,58,49,_MainTex
empire1,428,11,0x13b2b4c00,,indexed,3,132,1,37D7280164AA460A,CD68E5030B8C188A,44,134,51,Font_Texture_0; SmashTexture_0
empire1,429,11,0x13b2b4c00,,indexed,3,1413,1,37D7280164AA460A,CD68E5030B8C188A,471,134,51,Font_Texture_0; SmashTexture_0
empire1,430,11,0x13b2b4c00,,indexed,3,12,1,37D7280164AA460A,CD68E5030B8C188A,4,134,51,Font_Texture_0; SmashTexture_0
empire1,431,11,0x13b2b4c00,,indexed,3,48,1,37D7280164AA460A,CD68E5030B8C188A,16,134,51,Font_Texture_0; SmashTexture_0
empire1,432,11,0x15bca5800,,indexed,3,7200,1,37D7280164AA460A,CD68E5030B8C188A,2400,133,51,SmashTexture_0; _AlphaTex
