encoder_index,handle,label,targets,draw_count,indexed_draws,submitted_elements,distinct_pipelines,draw_first,draw_last,fragment_height_draws,vertex_height_draws,submitted_triangles,role
0,0x305c4eca0,[R] RenderLoop.Draw,"[{""handle"": ""0x17b329b80"", ""label"": ""Game_SHARED_GAME_SHADOW_MAP_NAME_2"", ""width"": 2048, ""height"": 2048, ""pixel_format"": 250, ""storage_mode"": ""Shared"", ""sample_count"": 1}]",24,24,131778,4,1,24,0,0,43926,阴影
1,0x305c4e5a0,,"[{""handle"": ""0x174645680"", ""label"": ""Game_SCENE_COLOR_MAP_NAME"", ""width"": 1946, ""height"": 900, ""pixel_format"": 92, ""storage_mode"": ""Shared"", ""sample_count"": 1}, {""handle"": ""0x174060500"", ""label"": ""Game_SCENE_IMAGEBLOCK_DEPTH_NAME"", ""width"": 1946, ""height"": 900, ""pixel_format"": 55, ""storage_mode"": ""Memoryless"", ""sample_count"": 1}, {""handle"": ""0x1722cfc00"", ""label"": ""Game_SCENE_DEPTH_STENCIL_NAME"", ""width"": 1946, ""height"": 900, ""pixel_format"": 250, ""storage_mode"": ""Memoryless"", ""sample_count"": 1}]",301,300,1005885,59,25,325,0,0,335481,Game_SCENE_COLOR_MAP_NAME
2,0x305c4c380,,"[{""handle"": ""0x174060f00"", ""label"": ""Game_RT_4"", ""width"": 486, ""height"": 225, ""pixel_format"": 115, ""storage_mode"": ""Shared"", ""sample_count"": 1}]",1,1,6,1,326,326,0,0,2,Bloom
3,0x305c4f950,,"[{""handle"": ""0x174060780"", ""label"": ""Game_TMP_RT_8"", ""width"": 243, ""height"": 112, ""pixel_format"": 92, ""storage_mode"": ""Shared"", ""sample_count"": 1}]",1,1,6,1,327,327,0,0,2,Bloom
4,0x305c4ff70,,"[{""handle"": ""0x174060a00"", ""label"": ""Game_TMP_RT_16"", ""width"": 121, ""height"": 56, ""pixel_format"": 92, ""storage_mode"": ""Shared"", ""sample_count"": 1}]",1,1,6,1,328,328,0,0,2,Bloom
5,0x305c4dc00,,"[{""handle"": ""0x174060c80"", ""label"": ""Game_TMP_RT_32"", ""width"": 60, ""height"": 28, ""pixel_format"": 92, ""storage_mode"": ""Shared"", ""sample_count"": 1}]",1,1,6,1,329,329,0,0,2,Bloom
6,0x305c4e1b0,,"[{""handle"": ""0x174061900"", ""label"": ""Game_RT_64"", ""width"": 30, ""height"": 14, ""pixel_format"": 92, ""storage_mode"": ""Shared"", ""sample_count"": 1}]",1,1,6,1,330,330,0,0,2,Bloom
7,0x305c4e7d0,,"[{""handle"": ""0x174061680"", ""label"": ""Game_RT_32"", ""width"": 60, ""height"": 28, ""pixel_format"": 92, ""storage_mode"": ""Shared"", ""sample_count"": 1}]",1,1,6,1,331,331,0,0,2,Bloom
8,0x305c4da40,,"[{""handle"": ""0x174061400"", ""label"": ""Game_RT_16"", ""width"": 121, ""height"": 56, ""pixel_format"": 92, ""storage_mode"": ""Shared"", ""sample_count"": 1}]",1,1,6,1,332,332,0,0,2,Bloom
9,0x305c4e060,,"[{""handle"": ""0x174061180"", ""label"": ""Game_RT_8"", ""width"": 243, ""height"": 112, ""pixel_format"": 92, ""storage_mode"": ""Shared"", ""sample_count"": 1}]",1,1,6,1,333,333,0,0,2,Bloom
10,0x305c4fb10,,"[{""handle"": ""0x174061b80"", ""label"": ""Game_RT_SUM_MERGE"", ""width"": 486, ""height"": 225, ""pixel_format"": 115, ""storage_mode"": ""Shared"", ""sample_count"": 1}]",1,1,6,1,334,334,0,0,2,Bloom
11,0x305c4df10,,"[{""handle"": ""0x13b004780"", ""label"": ""CAMetalLayer Display Drawable"", ""width"": null, ""height"": null, ""pixel_format"": null, ""storage_mode"": null, ""sample_count"": null}, {""handle"": ""0x1178d0a00"", ""label"": """", ""width"": 2778, ""height"": 1284, ""pixel_format"": 260, ""storage_mode"": ""Memoryless"", ""sample_count"": 1}]",98,98,27945,15,335,432,0,0,9315,最终输出/UI
