pipeline,stage,source_key,draws,submitted_elements,encoder_indices,sample_sites_in_MSL,texture_arguments,height_sites,instruction_count,texture_read_instruction_count,alu_instruction_count,temporary_register_count,spilled_bytes,mesh_examples
0x13b2b4c00,vertex,37D7280164AA460A,33,10779,[11],0,[],0,134,0,118,20,0,[]
0x13b2b4c00,fragment,CD68E5030B8C188A,33,10779,[11],2,"[""_MainTex"", ""_AlphaTex""]",0,51,2,39,8,0,[]
0x15bca5800,vertex,37D7280164AA460A,1,7200,[11],0,[],0,133,0,118,16,0,[]
0x15bca5800,fragment,CD68E5030B8C188A,1,7200,[11],2,"[""_MainTex"", ""_AlphaTex""]",0,51,2,39,8,0,[]
0x16b551800,vertex,1B40A8F37A170B65,1,4122,[0],8,"[""_vertexAnimTexture0"", ""_vertexAnimTexture1"", ""_vertexAnimTexture2"", ""_vertexAnimTexture3""]",0,150,8,112,24,0,"[""M_BA_HORSE1_LD02_A""]"
0x16b551800,fragment,D1B904E519407191,1,4122,[0],0,[],0,2,0,0,4,0,"[""M_BA_HORSE1_LD02_A""]"
0x16b552400,vertex,B5B6D85014F58E9A,5,32043,[0],3,"[""_boneTexture""]",0,88,3,69,32,0,"[""M_shuiche_A"", ""M_BChnC_01_LOD2_A"", ""M_FR_WHARF_A4_LD02_A"", ""M_CN_PROPS04_A4_LD02_A"", ""M_CN_CENTER_A3_O_LD00_A""]"
0x16b552400,fragment,D1B904E519407191,5,32043,[0],0,[],0,2,0,0,4,0,"[""M_shuiche_A"", ""M_BChnC_01_LOD2_A"", ""M_FR_WHARF_A4_LD02_A"", ""M_CN_PROPS04_A4_LD02_A"", ""M_CN_CENTER_A3_O_LD00_A""]"
0x16b553000,vertex,B5B6D85014F58E9A,1,5931,[0],3,"[""_boneTexture""]",0,88,3,69,32,0,"[""M_CN_VIPSHIP_A4_LD03_A""]"
0x16b553000,fragment,D1B904E519407191,1,5931,[0],0,[],0,2,0,0,4,0,"[""M_CN_VIPSHIP_A4_LD03_A""]"
0x1740ac000,vertex,B5B6D85014F58E9A,17,89682,[0],3,"[""_boneTexture""]",0,88,3,69,32,0,"[""M_BS_CN_PALDN_L3_LD02_A"", ""M_BN_CN_FAT1_LD02_A"", ""M_BN_CN_FAT1_O_LD02_A"", ""M_BN_CN_FFARMER1_O_LD02_A"", ""M_BN_CN_THIN1_LD02_A"", ""M_BS_CN_ARCHR_L2_LD02_A"", ""M_BS_CN_PALDN_L2_LD02_A"", ""M_BS_CN_PALDN_L2_H_LD02_A""]"
0x1740ac000,fragment,D1B904E519407191,17,89682,[0],0,[],0,2,0,0,4,0,"[""M_BS_CN_PALDN_L3_LD02_A"", ""M_BN_CN_FAT1_LD02_A"", ""M_BN_CN_FAT1_O_LD02_A"", ""M_BN_CN_FFARMER1_O_LD02_A"", ""M_BN_CN_THIN1_LD02_A"", ""M_BS_CN_ARCHR_L2_LD02_A"", ""M_BS_CN_PALDN_L2_LD02_A"", ""M_BS_CN_PALDN_L2_H_LD02_A""]"
0x174168000,vertex,CC7620EBED6C48DE,9,128748,[1],2,"[""_WeatherSplitTex"", ""BnSFog_FogMaskTex""]",0,380,2,325,40,0,"[""SM_MountHuangB_02_City_LOD3"", ""SM_MountHuangA_02_City_LOD3"", ""SM_pebbles_group_01"", ""SM_Rock_16"", ""SM_Rock_13"", ""SM_Rock_15"", ""SM_Rock_07"", ""SM_Rock_10_LOD2""]"
0x174168000,fragment,74B67F909E32C446,9,128748,[1],6,"[""_MainTex"", ""_NormalTex"", ""CloudTex"", ""CachedShadowMap"", ""CachedDynamicShadowMap""]",0,223,6,186,24,0,"[""SM_MountHuangB_02_City_LOD3"", ""SM_MountHuangA_02_City_LOD3"", ""SM_pebbles_group_01"", ""SM_Rock_16"", ""SM_Rock_13"", ""SM_Rock_15"", ""SM_Rock_07"", ""SM_Rock_10_LOD2""]"
0x174169800,vertex,4A0D8380ECEC865B,1,3645,[1],2,"[""_WeatherSplitTex"", ""BnSFog_FogMaskTex""]",0,479,2,426,48,0,"[""SM_CityLotus_CN_01_LOD01""]"
0x174169800,fragment,5F656BBB84FAD980,1,3645,[1],6,"[""_MainTex"", ""_NormalTex"", ""CloudTex"", ""CachedShadowMap"", ""CachedDynamicShadowMap""]",0,261,7,219,24,0,"[""SM_CityLotus_CN_01_LOD01""]"
0x17416b000,vertex,DB879FA045206D5C,1,6534,[1],4,"[""_FXTex01"", ""_WeatherSplitTex"", ""BnSFog_FogMaskTex""]",0,362,4,307,44,0,"[""SM_BerryCluster""]"
0x17416b000,fragment,F4BE18C4370788AD,1,6534,[1],6,"[""_MainTex"", ""_NormalTex"", ""CloudTex"", ""CachedShadowMap"", ""CachedDynamicShadowMap""]",0,281,7,240,28,0,"[""SM_BerryCluster""]"
0x174180000,vertex,4A0D8380ECEC865B,5,120387,[1],2,"[""_WeatherSplitTex"", ""BnSFog_FogMaskTex""]",0,477,2,425,44,0,"[""SM_CityTree_01_LOD1"", ""SM_CityTree_04_LOD1"", ""SM_ChinaCityTree_02"", ""SM_ChinaCityTree_01_LOD1"", ""SM_ChinaCityTree_04_LOD1""]"
0x174180000,fragment,5F656BBB84FAD980,5,120387,[1],6,"[""_MainTex"", ""_NormalTex"", ""CloudTex"", ""CachedShadowMap"", ""CachedDynamicShadowMap""]",0,261,7,219,24,0,"[""SM_CityTree_01_LOD1"", ""SM_CityTree_04_LOD1"", ""SM_ChinaCityTree_02"", ""SM_ChinaCityTree_01_LOD1"", ""SM_ChinaCityTree_04_LOD1""]"
0x174181800,vertex,14788CCAB56E96D8,2,14478,[1],2,"[""_WeatherSplitTex"", ""BnSFog_FogMaskTex""]",0,343,2,288,40,0,"[""SM_WRE_NC_GOLDB_L05_LOD03"", ""SM_CN_GOLDMINE_A4_LOD04""]"
0x174181800,fragment,2984D55E52C1E153,2,14478,[1],7,"[""_MainTex"", ""_NormalTex"", ""CloudTex"", ""CachedShadowMap"", ""CachedDynamicShadowMap"", ""_2DSpecCube0""]",0,322,7,284,32,0,"[""SM_WRE_NC_GOLDB_L05_LOD03"", ""SM_CN_GOLDMINE_A4_LOD04""]"
0x174183000,vertex,69B88B548D033785,1,17238,[1],1,"[""BnSFog_FogMaskTex""]",0,371,1,319,40,0,"[""SM_StonemineB_Lv2_LOD2""]"
0x174183000,fragment,D592BEC78CA5E7C9,1,17238,[1],7,"[""_MainTex"", ""_BakingTex"", ""_NormalTex"", ""CloudTex"", ""CachedShadowMap"", ""CachedDynamicShadowMap""]",0,223,7,185,24,0,"[""SM_StonemineB_Lv2_LOD2""]"
0x174184c00,vertex,2D0003307A2DDCE2,4,55614,[1],4,"[""_FXTex01"", ""_WeatherSplitTex"", ""BnSFog_FogMaskTex""]",0,398,4,342,44,0,"[""SM_Grass10"", ""SM_Grass16"", ""SM_GrassReed_01""]"
0x174184c00,fragment,DC527BA668D83F94,4,55614,[1],7,"[""_MainTex"", ""_NormalTex"", ""_MaskTex"", ""CloudTex"", ""CachedShadowMap"", ""CachedDynamicShadowMap""]",0,262,8,220,20,0,"[""SM_Grass10"", ""SM_Grass16"", ""SM_GrassReed_01""]"
0x174186400,vertex,2D0003307A2DDCE2,2,42864,[1],4,"[""_FXTex01"", ""_WeatherSplitTex"", ""BnSFog_FogMaskTex""]",0,398,4,342,44,0,"[""SM_Grass17"", ""SM_Grass17_B_02""]"
0x174186400,fragment,D398500030572B2,2,42864,[1],4,"[""_MainTex"", ""_NormalTex"", ""CachedShadowMap"", ""CachedDynamicShadowMap""]",0,222,5,184,20,0,"[""SM_Grass17"", ""SM_Grass17_B_02""]"
0x174187000,vertex,2D0003307A2DDCE2,1,7380,[1],4,"[""_FXTex01"", ""_WeatherSplitTex"", ""BnSFog_FogMaskTex""]",0,396,4,341,44,0,"[""SM_ChinaCityTree_03_LOD1""]"
0x174187000,fragment,DC527BA668D83F94,1,7380,[1],7,"[""_MainTex"", ""_NormalTex"", ""_MaskTex"", ""CloudTex"", ""CachedShadowMap"", ""CachedDynamicShadowMap""]",0,262,8,220,20,0,"[""SM_ChinaCityTree_03_LOD1""]"
0x174188c00,vertex,2D0003307A2DDCE2,2,18363,[1],4,"[""_FXTex01"", ""_WeatherSplitTex"", ""BnSFog_FogMaskTex""]",0,396,4,341,44,0,"[""LOD0SG11"", ""SM_GrasslandCircular_B_LOD0""]"
0x174188c00,fragment,733A19A0DCE8699,2,18363,[1],7,"[""_MainTex"", ""_NormalTex"", ""_ColorMask"", ""CloudTex"", ""CachedShadowMap"", ""CachedDynamicShadowMap""]",0,254,8,212,24,0,"[""LOD0SG11"", ""SM_GrasslandCircular_B_LOD0""]"
0x17418a400,vertex,CC7620EBED6C48DE,1,6987,[1],2,"[""_WeatherSplitTex"", ""BnSFog_FogMaskTex""]",0,377,2,322,40,0,"[""SM_Grass_01""]"
0x17418a400,fragment,B188F609D61C2EF3,1,6987,[1],6,"[""_MainTex"", ""_NormalTex"", ""CloudTex"", ""CachedShadowMap"", ""CachedDynamicShadowMap""]",0,244,7,203,20,0,"[""SM_Grass_01""]"
0x17418b000,vertex,CC7620EBED6C48DE,1,432,[1],2,"[""_WeatherSplitTex"", ""BnSFog_FogMaskTex""]",0,379,2,323,40,0,"[""SM_FlagChinaCastle_01""]"
0x17418b000,fragment,74B67F909E32C446,1,432,[1],6,"[""_MainTex"", ""_NormalTex"", ""CloudTex"", ""CachedShadowMap"", ""CachedDynamicShadowMap""]",0,223,6,186,24,0,"[""SM_FlagChinaCastle_01""]"
0x174190c00,vertex,6698D44D00A79B98,18,21384,[1],3,"[""_MorphTex"", ""BnSFog_FogMaskTex""]",0,401,3,349,40,0,"[""SM_FlagChinaFeudal_004_MorphUV2_MorphExport"", ""SM_BarChiC_Flag001_MEx"", ""SM_FlagChinaFeudal_007_MorphUV2_MorphExport"", ""SM_ArcChiC_Flag001_MEx"", ""SM_SpearBarrackChinaCastle_Flag001_MorphUV2_MorphExport"", ""SM_FlagChinaEmpires_003_MorphUV2_MorphExport"", ""SM_FlagChinaEmpires_002_MorphUV2_MorphExport"", ""SM_FlagChinaEmpires_004_MorphUV2_MorphExport""]"
0x174190c00,fragment,D184AC1F266B710B,18,21384,[1],6,"[""_MainTex"", ""_NormalTex"", ""CloudTex"", ""CachedShadowMap"", ""CachedDynamicShadowMap""]",0,185,6,151,24,0,"[""SM_FlagChinaFeudal_004_MorphUV2_MorphExport"", ""SM_BarChiC_Flag001_MEx"", ""SM_FlagChinaFeudal_007_MorphUV2_MorphExport"", ""SM_ArcChiC_Flag001_MEx"", ""SM_SpearBarrackChinaCastle_Flag001_MorphUV2_MorphExport"", ""SM_FlagChinaEmpires_003_MorphUV2_MorphExport"", ""SM_FlagChinaEmpires_002_MorphUV2_MorphExport"", ""SM_FlagChinaEmpires_004_MorphUV2_MorphExport""]"
0x174191800,vertex,CC7620EBED6C48DE,34,112896,[1],2,"[""_WeatherSplitTex"", ""BnSFog_FogMaskTex""]",0,378,2,324,40,0,"[""SM_NC_PROPS06_A3_LOD01"", ""SM_FR_WHARF07_A4_LOD03"", ""SM_NC_PROPSGROUP05A_A0_LOD02"", ""SM_NC_PROPSGROUP05B_A0_LOD02"", ""SM_FR_WHARF02_A4_LOD03"", ""SM_FR_WHARF02B_A4_LOD00"", ""SM_FR_WHARF03_A4_LOD03"", ""SM_FR_WHARF04_A4_LOD03""]"
0x174191800,fragment,74B67F909E32C446,34,112896,[1],6,"[""_MainTex"", ""_NormalTex"", ""CloudTex"", ""CachedShadowMap"", ""CachedDynamicShadowMap""]",0,223,6,186,24,0,"[""SM_NC_PROPS06_A3_LOD01"", ""SM_FR_WHARF07_A4_LOD03"", ""SM_NC_PROPSGROUP05A_A0_LOD02"", ""SM_NC_PROPSGROUP05B_A0_LOD02"", ""SM_FR_WHARF02_A4_LOD03"", ""SM_FR_WHARF02B_A4_LOD00"", ""SM_FR_WHARF03_A4_LOD03"", ""SM_FR_WHARF04_A4_LOD03""]"
0x174193000,vertex,518EE59035279A02,22,81486,[1],1,"[""BnSFog_FogMaskTex""]",0,348,1,292,40,0,"[""SM_CN_BARRACK_A4_LOD04"", ""SM_CN_ARCHERY_A4_LOD04"", ""SM_CN_TAVERN_A4_LOD04"", ""SM_CN_SPEARB_A4_LOD04"", ""SM_CN_EMBASSY_A4_LOD04"", ""SM_CN_HALLOFWAR_A4_LOD04"", ""SM_CN_CENTER_A4_LOD04"", ""SM_CN_STABLE_A4_LOD04""]"
0x174193000,fragment,64FFE712E711D3D5,22,81486,[1],7,"[""_MainTex"", ""_NormalTex"", ""CloudTex"", ""CachedShadowMap"", ""CachedDynamicShadowMap"", ""_2DSpecCube0""]",0,319,7,281,32,0,"[""SM_CN_BARRACK_A4_LOD04"", ""SM_CN_ARCHERY_A4_LOD04"", ""SM_CN_TAVERN_A4_LOD04"", ""SM_CN_SPEARB_A4_LOD04"", ""SM_CN_EMBASSY_A4_LOD04"", ""SM_CN_HALLOFWAR_A4_LOD04"", ""SM_CN_CENTER_A4_LOD04"", ""SM_CN_STABLE_A4_LOD04""]"
0x17419cc00,vertex,E8383A36BFC8A08F,6,10806,[1],1,"[""BnSFog_FogMaskTex""]",0,368,1,316,40,0,"[""SM_CN_HOUSE01_A4_LOD04"", ""SM_CN_MARKET_A4_LOD04"", ""SM_FR_WEAPONRACK02_A3_LOD02"", ""SM_CN_ARCHERYTARGET_A3_LOD01"", ""SM_CN_DRILLG_A4_LOD04"", ""SM_CN_CASTLE09_A3_LOD04""]"
0x17419cc00,fragment,D2C560C2AD694FD5,6,10806,[1],6,"[""_MainTex"", ""_NormalTex"", ""CloudTex"", ""CachedShadowMap"", ""CachedDynamicShadowMap""]",0,213,6,177,24,0,"[""SM_CN_HOUSE01_A4_LOD04"", ""SM_CN_MARKET_A4_LOD04"", ""SM_FR_WEAPONRACK02_A3_LOD02"", ""SM_CN_ARCHERYTARGET_A3_LOD01"", ""SM_CN_DRILLG_A4_LOD04"", ""SM_CN_CASTLE09_A3_LOD04""]"
0x17419d800,vertex,CC7620EBED6C48DE,13,41175,[1],2,"[""_WeatherSplitTex"", ""BnSFog_FogMaskTex""]",0,377,2,322,40,0,"[""SM_CN_DOCK_A4_LOD04"", ""SM_CN_MTPROPS_A4_LOD04"", ""SM_CN_IRONMINE_A4_LOD04"", ""SM_CN_TOWER_A4_LOD04"", ""SM_FR_WHARF08_A4_LOD02"", ""SM_CN_PROPS03_A4_LOD02"", ""SM_NC_PROPS05B_A0_LOD02"", ""SM_CN_BRIDGE_A3_LOD04""]"
0x17419d800,fragment,74B67F909E32C446,13,41175,[1],6,"[""_MainTex"", ""_NormalTex"", ""CloudTex"", ""CachedShadowMap"", ""CachedDynamicShadowMap""]",0,223,6,186,24,0,"[""SM_CN_DOCK_A4_LOD04"", ""SM_CN_MTPROPS_A4_LOD04"", ""SM_CN_IRONMINE_A4_LOD04"", ""SM_CN_TOWER_A4_LOD04"", ""SM_FR_WHARF08_A4_LOD02"", ""SM_CN_PROPS03_A4_LOD02"", ""SM_NC_PROPS05B_A0_LOD02"", ""SM_CN_BRIDGE_A3_LOD04""]"
0x17419e400,vertex,E8383A36BFC8A08F,1,2898,[1],1,"[""BnSFog_FogMaskTex""]",0,370,1,317,40,0,"[""SM_CN_HOSPITAL_A4_LOD04""]"
0x17419e400,fragment,D2C560C2AD694FD5,1,2898,[1],6,"[""_MainTex"", ""_NormalTex"", ""CloudTex"", ""CachedShadowMap"", ""CachedDynamicShadowMap""]",0,213,6,177,24,0,"[""SM_CN_HOSPITAL_A4_LOD04""]"
0x17419f000,vertex,80DF5FBA03B5F00C,3,12474,[1],2,"[""_WeatherSplitTex"", ""BnSFog_FogMaskTex""]",0,375,2,321,40,0,"[""SM_Flowers02"", ""SM_Flowers01""]"
0x17419f000,fragment,D398500030572B2,3,12474,[1],4,"[""_MainTex"", ""_NormalTex"", ""CachedShadowMap"", ""CachedDynamicShadowMap""]",0,222,5,184,20,0,"[""SM_Flowers02"", ""SM_Flowers01""]"
0x1741d0c00,vertex,FF8503E22E795756,3,12225,[1],7,"[""_boneTexture"", ""BnSFog_FogMaskTex""]",0,538,7,474,48,0,"[""M_BChnC_01_LOD3_A"", ""M_FR_WHARF_A4_LD03_A"", ""M_CN_PROPS04_A4_LD02_A""]"
0x1741d0c00,fragment,2707632F1253D56F,3,12225,[1],6,"[""_MainTex"", ""_NormalTex"", ""CloudTex"", ""CachedShadowMap"", ""CachedDynamicShadowMap""]",0,213,6,177,24,0,"[""M_BChnC_01_LOD3_A"", ""M_FR_WHARF_A4_LD03_A"", ""M_CN_PROPS04_A4_LD02_A""]"
0x1741d1800,vertex,E8383A36BFC8A08F,4,3312,[1],1,"[""BnSFog_FogMaskTex""]",0,369,1,318,40,0,"[""SM_NC_WHARF01_A2_LOD04"", ""SM_NC_WHARF02_A2_LOD04"", ""SM_FR_BARRACKTARGET_A3_LOD01"", ""SM_FR_WEAPONRACK_A3_LOD02""]"
0x1741d1800,fragment,D2C560C2AD694FD5,4,3312,[1],6,"[""_MainTex"", ""_NormalTex"", ""CloudTex"", ""CachedShadowMap"", ""CachedDynamicShadowMap""]",0,213,6,177,24,0,"[""SM_NC_WHARF01_A2_LOD04"", ""SM_NC_WHARF02_A2_LOD04"", ""SM_FR_BARRACKTARGET_A3_LOD01"", ""SM_FR_WEAPONRACK_A3_LOD02""]"
0x1741d2400,vertex,518EE59035279A02,6,55536,[1],1,"[""BnSFog_FogMaskTex""]",0,349,1,294,40,0,"[""SM_CN_WALL06_A4_LOD04"", ""SM_CN_WALL02_A4_LOD04"", ""SM_CN_WALL04_A4_LOD04"", ""SM_CN_WALL05_A4_LOD04"", ""SM_CN_CASTLE09_A4_LOD04"", ""SM_CN_CASTLE11_A4_LOD04""]"
0x1741d2400,fragment,64FFE712E711D3D5,6,55536,[1],7,"[""_MainTex"", ""_NormalTex"", ""CloudTex"", ""CachedShadowMap"", ""CachedDynamicShadowMap"", ""_2DSpecCube0""]",0,319,7,281,32,0,"[""SM_CN_WALL06_A4_LOD04"", ""SM_CN_WALL02_A4_LOD04"", ""SM_CN_WALL04_A4_LOD04"", ""SM_CN_WALL05_A4_LOD04"", ""SM_CN_CASTLE09_A4_LOD04"", ""SM_CN_CASTLE11_A4_LOD04""]"
0x1741d3000,vertex,518EE59035279A02,2,4998,[1],1,"[""BnSFog_FogMaskTex""]",0,350,1,293,40,0,"[""SM_CN_HEROSHRINE01_A3_LOD04"", ""SM_CN_HEROSHRINE02_A3_LOD04""]"
0x1741d3000,fragment,64FFE712E711D3D5,2,4998,[1],7,"[""_MainTex"", ""_NormalTex"", ""CloudTex"", ""CachedShadowMap"", ""CachedDynamicShadowMap"", ""_2DSpecCube0""]",0,319,7,281,32,0,"[""SM_CN_HEROSHRINE01_A3_LOD04"", ""SM_CN_HEROSHRINE02_A3_LOD04""]"
0x1741e8000,vertex,FF8503E22E795756,1,3903,[1],7,"[""_boneTexture"", ""BnSFog_FogMaskTex""]",0,538,7,474,48,0,"[""M_CN_VIPSHIP_A4_LD04_A""]"
0x1741e8000,fragment,2707632F1253D56F,1,3903,[1],6,"[""_MainTex"", ""_NormalTex"", ""CloudTex"", ""CachedShadowMap"", ""CachedDynamicShadowMap""]",0,213,6,177,24,0,"[""M_CN_VIPSHIP_A4_LD04_A""]"
0x1741e8c00,vertex,CC7620EBED6C48DE,1,1980,[1],2,"[""_WeatherSplitTex"", ""BnSFog_FogMaskTex""]",0,379,2,323,40,0,"[""SM_CN_BRIDGE04_A2_LOD04""]"
0x1741e8c00,fragment,74B67F909E32C446,1,1980,[1],6,"[""_MainTex"", ""_NormalTex"", ""CloudTex"", ""CachedShadowMap"", ""CachedDynamicShadowMap""]",0,223,6,186,24,0,"[""SM_CN_BRIDGE04_A2_LOD04""]"
0x1741ea400,vertex,9C4F5F26F60487BC,1,10941,[1],7,"[""_boneTexture"", ""BnSFog_FogMaskTex""]",0,504,7,440,48,0,"[""M_CN_CENTER_A3_O_LD00_A""]"
0x1741ea400,fragment,188D50A799517AAF,1,10941,[1],7,"[""_MainTex"", ""_NormalTex"", ""CloudTex"", ""CachedShadowMap"", ""CachedDynamicShadowMap"", ""_2DSpecCube0""]",0,312,7,275,28,0,"[""M_CN_CENTER_A3_O_LD00_A""]"
0x174207000,vertex,BA139042AA7CEE38,2,4950,[1],6,"[""_vertexAnimTexture0"", ""_vertexAnimTexture1"", ""_vertexAnimTexture2"", ""_vertexAnimTexture3"", ""_WeatherSplitTex"", ""BnSFog_FogMaskTex""]",0,431,6,365,40,0,"[""M_BA_FISHG1_LD03_A""]"
0x174207000,fragment,AD0CA4181D52BC8D,2,4950,[1],6,"[""_MainTex"", ""_NormalTex"", ""CloudTex"", ""CachedShadowMap"", ""CachedDynamicShadowMap""]",0,223,6,186,24,0,"[""M_BA_FISHG1_LD03_A""]"
0x174222400,vertex,8DD8400F218EC011,1,1098,[1],5,"[""_vertexAnimTexture0"", ""_vertexAnimTexture1"", ""_vertexAnimTexture2"", ""_vertexAnimTexture3"", ""BnSFog_FogMaskTex""]",0,346,5,288,36,0,"[""M_BA_BIRD1_LD03_A""]"
0x174222400,fragment,9C9349FD038E4AD0,1,1098,[1],6,"[""_MainTex"", ""CloudTex"", ""CachedShadowMap"", ""CachedDynamicShadowMap"", ""_2DSpecCube0""]",0,235,6,202,24,0,"[""M_BA_BIRD1_LD03_A""]"
0x17426c000,vertex,C61761D692A8436B,1,77811,[1],1,"[""BnSFog_FogMaskTex""]",0,346,1,307,24,0,"[""SM_Terrain_Dark_China""]"
0x17426c000,fragment,D5ABDC78338227A0,1,77811,[1],15,"[""_MipLUT"", ""_HeightPack0"", ""_WeightPack0"", ""_WeightPack1"", ""_AlbedoPack0"", ""_NormalPack0"", ""_AlbedoPack1"", ""_NormalPack1"", ""_AlbedoPack2"", ""_NormalPack2"", ""_GlobalNormal"", ""CloudTex"", ""CachedShadowMap"", ""CachedDynamicShadowMap""]",0,279,15,235,28,0,"[""SM_Terrain_Dark_China""]"
0x17426d800,vertex,9774F775C75AFF58,1,2412,[1],0,[],0,48,0,38,12,0,[]
0x17426d800,fragment,41D9BA21D7508E63,1,2412,[1],1,"[""_Tex""]",0,23,1,12,4,0,[]
0x17426f000,vertex,A488685C8F1BA0B8,1,174,[1],1,"[""BnSFog_FogMaskTex""]",0,114,1,92,16,0,[]
0x17426f000,fragment,D309BA442F33E25F,1,174,[1],1,"[""_MainTex""]",0,27,1,16,8,0,[]
0x17427cc00,vertex,9F92DC298725FA72,2,18,[1],0,[],0,58,0,38,12,0,"[""ScratchBuffer0_1""]"
0x17427cc00,fragment,C86DAFF697CC7867,2,18,[1],1,"[""_EmissiveTex""]",0,43,1,32,8,0,"[""ScratchBuffer0_1""]"
0x17427e400,vertex,923CBC7F3247AAF9,1,2142,[1],9,"[""_vertexAnimTexture0"", ""_vertexAnimTexture1"", ""_vertexAnimTexture2"", ""_vertexAnimTexture3"", ""BnSFog_FogMaskTex""]",0,432,9,357,40,0,"[""M_BA_HORSE1_LD03_A""]"
0x17427e400,fragment,AE7E8102E2F2CBEB,1,2142,[1],7,"[""_MainTex"", ""_NormalTex"", ""CloudTex"", ""CachedShadowMap"", ""CachedDynamicShadowMap"", ""_2DSpecCube0""]",0,296,7,258,36,0,"[""M_BA_HORSE1_LD03_A""]"
0x1742a8000,vertex,4552894A96D16654,7,9765,[1],7,"[""_boneTexture"", ""BnSFog_FogMaskTex""]",0,567,7,500,52,0,"[""M_BS_CN_PALDN_L3_LD03_A"", ""M_BS_CN_ARCHR_L2_LD03_A"", ""M_BS_CN_PALDN_L2_LD03_A"", ""M_BS_CN_PALDN_L2_H_LD03_A"", ""M_BM_H_BODY_L1_LD03_A"", ""M_BS_CN_CHANG_L2_LD03_A"", ""M_BS_CN_PKEMN_L2_LD03_A""]"
0x1742a8000,fragment,6889EB0DFEE058CA,7,9765,[1],9,"[""_MainTex"", ""_NormalTex"", ""_WeaponTex"", ""_WeaponNoise"", ""CloudTex"", ""CachedShadowMap"", ""CachedDynamicShadowMap"", ""_2DSpecCube0""]",0,375,9,334,40,0,"[""M_BS_CN_PALDN_L3_LD03_A"", ""M_BS_CN_ARCHR_L2_LD03_A"", ""M_BS_CN_PALDN_L2_LD03_A"", ""M_BS_CN_PALDN_L2_H_LD03_A"", ""M_BM_H_BODY_L1_LD03_A"", ""M_BS_CN_CHANG_L2_LD03_A"", ""M_BS_CN_PKEMN_L2_LD03_A""]"
0x1742a8c00,vertex,4552894A96D16654,7,3333,[1],7,"[""_boneTexture"", ""BnSFog_FogMaskTex""]",0,567,7,500,52,0,"[""M_BN_CN_FAT1_LD03_A"", ""M_BN_CN_THIN1_LD03_A"", ""M_BN_CN_MFARMER1_LD03_A"", ""M_BN_FR_HAWKER1_LD03_A"", ""M_BH_JOA_LD03_A"", ""M_BH_ODA_LD03_A"", ""M_BH_GAIUS_LD03_A""]"
0x1742a8c00,fragment,6889EB0DFEE058CA,7,3333,[1],9,"[""_MainTex"", ""_NormalTex"", ""_WeaponTex"", ""_WeaponNoise"", ""CloudTex"", ""CachedShadowMap"", ""CachedDynamicShadowMap"", ""_2DSpecCube0""]",0,375,9,334,40,0,"[""M_BN_CN_FAT1_LD03_A"", ""M_BN_CN_THIN1_LD03_A"", ""M_BN_CN_MFARMER1_LD03_A"", ""M_BN_FR_HAWKER1_LD03_A"", ""M_BH_JOA_LD03_A"", ""M_BH_ODA_LD03_A"", ""M_BH_GAIUS_LD03_A""]"
0x1742a9800,vertex,D1EF4F88A533C806,3,65016,[1],7,"[""_boneTexture"", ""BnSFog_FogMaskTex""]",0,504,7,440,48,0,"[""M_BN_CN_FAT1_O_LD03_A"", ""M_BN_CN_FFARMER1_O_LD03_A"", ""M_BN_CN_MFARMER1_O_LD03_A""]"
0x1742a9800,fragment,AE7E8102E2F2CBEB,3,65016,[1],7,"[""_MainTex"", ""_NormalTex"", ""CloudTex"", ""CachedShadowMap"", ""CachedDynamicShadowMap"", ""_2DSpecCube0""]",0,296,7,258,36,0,"[""M_BN_CN_FAT1_O_LD03_A"", ""M_BN_CN_FFARMER1_O_LD03_A"", ""M_BN_CN_MFARMER1_O_LD03_A""]"
0x1742f8c00,vertex,F2806ABBA36C2A28,1,2028,[1],1,"[""BnSFog_FogMaskTex""]",0,338,1,282,40,0,"[""SM_CityWater_07""]"
0x1742f8c00,fragment,84DC1364D846CE97,1,2028,[1],11,"[""t5"", ""_FoamTex"", ""_ShoreWaveRamp"", ""_SpecTex"", ""CloudTex"", ""_2DSpecCube0""]",0,280,11,244,28,0,"[""SM_CityWater_07""]"
0x1742fa400,vertex,C193988139C3BC84,35,1422,[1],0,[],0,72,0,48,8,0,"[""ScratchBuffer0_1""]"
0x1742fa400,fragment,2465498F1DE737E1,35,1422,[1],1,"[""_MainTex""]",0,95,1,79,8,0,"[""ScratchBuffer0_1""]"
0x174324000,vertex,C193988139C3BC84,2,12,[1],0,[],0,58,0,38,12,0,"[""ScratchBuffer0_1""]"
0x174324000,fragment,9860E55E92BF8AC1,2,12,[1],2,"[""_MainTex"", ""_AlphaMask""]",0,101,2,88,12,0,"[""ScratchBuffer0_1""]"
0x174325800,vertex,C193988139C3BC84,4,78,[1],0,[],0,72,0,48,8,0,"[""ScratchBuffer0_1""]"
0x174325800,fragment,62E3049CB2FAFD0F,4,78,[1],2,"[""_MainTex"", ""_AlphaMask""]",0,121,2,104,12,0,"[""ScratchBuffer0_1""]"
0x174327000,vertex,C193988139C3BC84,28,948,[1],0,[],0,58,0,38,12,0,"[""ScratchBuffer0_1""]"
0x174327000,fragment,5C7B364CA13D6F7,28,948,[1],1,"[""_MainTex""]",0,72,1,60,8,0,"[""ScratchBuffer0_1""]"
0x174340000,vertex,C193988139C3BC84,1,24,[1],0,[],0,58,0,38,12,0,"[""ScratchBuffer0_1""]"
0x174340000,fragment,5C7B364CA13D6F7,1,24,[1],1,"[""_MainTex""]",0,72,1,60,8,0,"[""ScratchBuffer0_1""]"
0x174341800,vertex,C193988139C3BC84,1,6,[1],0,[],0,72,0,48,8,0,"[""ScratchBuffer0_1""]"
0x174341800,fragment,FC73153FD62F03C,1,6,[1],4,"[""_TwistTex"", ""_MainTex"", ""_AlphaMask"", ""_FXTex""]",0,166,4,146,16,0,"[""ScratchBuffer0_1""]"
0x17435c000,vertex,C193988139C3BC84,10,60,[1],0,[],0,58,0,38,12,0,"[""ScratchBuffer0_1""]"
0x17435c000,fragment,9860E55E92BF8AC1,10,60,[1],2,"[""_MainTex"", ""_AlphaMask""]",0,101,2,88,12,0,"[""ScratchBuffer0_1""]"
0x17435d800,vertex,85FDEF5B00BDFF60,4,336,[1],1,"[""BnSFog_FogMaskTex""]",0,133,1,99,16,0,"[""ScratchBuffer0_1""]"
0x17435d800,fragment,7AFEBB89254F0758,4,336,[1],1,"[""_EmissiveTex""]",0,57,1,41,8,0,"[""ScratchBuffer0_1""]"
0x17435f000,vertex,72909EDA43C96810,1,120,[1],0,[],0,69,0,44,24,0,"[""st_pubukou01""]"
0x17435f000,fragment,636B5ED715A13F15,1,120,[1],4,"[""_TwistTex"", ""_MainTex"", ""_AlphaMask"", ""_FXTex""]",0,153,4,133,16,0,"[""st_pubukou01""]"
0x174378c00,vertex,C193988139C3BC84,2,768,[1],0,[],0,58,0,38,12,0,"[""ScratchBuffer0_1""]"
0x174378c00,fragment,227CD4FB0731032F,2,768,[1],3,"[""_MainTex"", ""_AlphaMask"", ""_FXTex""]",0,128,3,114,16,0,"[""ScratchBuffer0_1""]"
0x174379800,vertex,C193988139C3BC84,1,282,[1],0,[],0,58,0,38,12,0,[]
0x174379800,fragment,5C7B364CA13D6F7,1,282,[1],1,"[""_MainTex""]",0,72,1,60,8,0,[]
0x17437b000,vertex,C193988139C3BC84,12,378,[1],0,[],0,58,0,38,12,0,"[""ScratchBuffer0_1""]"
0x17437b000,fragment,8D93CB5787D86000,12,378,[1],2,"[""_TwistTex"", ""_MainTex""]",0,88,2,74,8,0,"[""ScratchBuffer0_1""]"
0x174394c00,vertex,72909EDA43C96810,1,240,[1],0,[],0,69,0,44,24,0,"[""st_pubukou01""]"
0x174394c00,fragment,B194C9FD14F7FACE,1,240,[1],2,"[""_TwistTex"", ""_MainTex""]",0,93,2,77,8,0,"[""st_pubukou01""]"
0x174396400,vertex,72909EDA43C96810,1,120,[1],0,[],0,69,0,44,24,0,"[""st_pubukou01""]"
0x174396400,fragment,BE9835242F6F26A,1,120,[1],3,"[""_TwistTex"", ""_MainTex"", ""_AlphaMask""]",0,122,3,105,12,0,"[""st_pubukou01""]"
0x174397000,vertex,72909EDA43C96810,9,2352,[1],0,[],0,69,0,46,24,0,"[""Pubu02"", ""Plane001""]"
0x174397000,fragment,BE9835242F6F26A,9,2352,[1],3,"[""_TwistTex"", ""_MainTex"", ""_AlphaMask""]",0,122,3,105,12,0,"[""Pubu02"", ""Plane001""]"
0x1743a8c00,vertex,C193988139C3BC84,4,1584,[1],0,[],0,58,0,38,12,0,"[""ScratchBuffer0_1""]"
0x1743a8c00,fragment,A6EC8DD3FDAD4C6E,4,1584,[1],3,"[""_TwistTex"", ""_MainTex"", ""_AlphaMask""]",0,117,3,102,12,0,"[""ScratchBuffer0_1""]"
0x1743a9800,vertex,C193988139C3BC84,1,6,[1],0,[],0,58,0,38,12,0,"[""ScratchBuffer0_1""]"
0x1743a9800,fragment,A6EC8DD3FDAD4C6E,1,6,[1],3,"[""_TwistTex"", ""_MainTex"", ""_AlphaMask""]",0,117,3,102,12,0,"[""ScratchBuffer0_1""]"
0x1743ab000,vertex,9DBB7524CB526D97,2,144,[1],0,[],0,72,0,48,8,0,"[""ScratchBuffer0_1""]"
0x1743ab000,fragment,DF9230398DF35216,2,144,[1],3,"[""_MainTex"", ""_EmissiveTex"", ""_AlphaMask""]",0,128,3,112,12,0,"[""ScratchBuffer0_1""]"
0x1743ecc00,vertex,9DBB7524CB526D97,1,1272,[1],0,[],0,72,0,48,8,0,"[""ScratchBuffer0_1""]"
0x1743ecc00,fragment,D37DAE5812AF2F9,1,1272,[1],2,"[""_MainTex"", ""_EmissiveTex""]",0,96,2,81,12,0,"[""ScratchBuffer0_1""]"
0x1743ee400,vertex,C193988139C3BC84,2,432,[1],0,[],0,72,0,48,8,0,"[""ScratchBuffer0_1""]"
0x1743ee400,fragment,2DEBF7C98BFF98A2,2,432,[1],3,"[""_TwistTex"", ""_MainTex"", ""_AlphaMask""]",0,137,3,118,12,0,"[""ScratchBuffer0_1""]"
0x1743ef000,vertex,C193988139C3BC84,5,222,[1],0,[],0,58,0,38,12,0,"[""ScratchBuffer0_1""]"
0x1743ef000,fragment,8D93CB5787D86000,5,222,[1],2,"[""_TwistTex"", ""_MainTex""]",0,88,2,74,8,0,"[""ScratchBuffer0_1""]"
0x1743f4c00,vertex,87892EA381D07BFD,1,6,[2],0,[],0,57,0,40,12,0,"[""ScratchBuffer0_1""]"
0x1743f4c00,fragment,A1A7F78082E9C6A7,1,6,[2],4,"[""_MainTex""]",0,38,4,25,12,0,"[""ScratchBuffer0_1""]"
0x1743f6400,vertex,B0DCE88977007BE3,4,24,"[3, 4, 5, 6]",0,[],0,104,0,62,20,0,"[""ScratchBuffer0_1""]"
0x1743f6400,fragment,EC1CD231E73733A3,4,24,"[3, 4, 5, 6]",15,"[""_MainTex""]",0,90,15,54,48,0,"[""ScratchBuffer0_1""]"
0x176400000,vertex,A3B4DDAA3ED2AE38,3,18,"[7, 8, 9]",0,[],0,104,0,62,20,0,"[""ScratchBuffer0_1""]"
0x176400000,fragment,70C4E390B5467EB4,3,18,"[7, 8, 9]",16,"[""_DownTex"", ""_MainTex""]",0,86,16,48,48,0,"[""ScratchBuffer0_1""]"
0x176401800,vertex,BD70604646654C22,1,6,[10],0,[],0,70,0,53,12,0,"[""ScratchBuffer0_1""]"
0x176401800,fragment,EDEB96566F435129,1,6,[10],8,"[""_MainTex"", ""_DownTex""]",0,56,8,35,16,0,"[""ScratchBuffer0_1""]"
0x176403000,vertex,35E744FC2162B835,1,6,[11],0,[],0,42,0,30,12,0,"[""ScratchBuffer0_1""]"
0x176403000,fragment,48AF95639F3762C4,1,6,[11],4,"[""_MainTex"", ""_SunMergeTex"", ""_ColorLutTex""]",0,43,4,32,8,0,"[""ScratchBuffer0_1""]"
0x176410c00,vertex,408ADCBC4DA4210D,2,7128,[11],0,[],0,109,0,80,24,0,[]
0x176410c00,fragment,46DC5A6F854C8B99,2,7128,[11],2,"[""_MainTex"", ""_FontTex""]",0,85,2,65,16,0,[]
0x176413000,vertex,72909EDA43C96810,1,66,[11],0,[],0,67,0,45,24,0,"[""SM_UnityPlane""]"
0x176413000,fragment,A6CC9973B6F2EF4D,1,66,[11],2,"[""_MainTex"", ""_FXTex""]",0,79,2,67,12,0,"[""SM_UnityPlane""]"
0x1764b4c00,vertex,64C2E4E483C4CE99,2,27648,[1],5,"[""_NoiseTex"", ""_WaveNormal"", ""_ShoreNormal""]",0,320,5,269,44,0,"[""SM_Water_Plane_LOD2""]"
0x1764b4c00,fragment,DF376854D1774666,2,27648,[1],10,"[""_ShoreMask"", ""t5"", ""_FoamTex"", ""_NoiseTex"", ""_ShoreWaveRamp2"", ""_ShoreWaveRamp"", ""_SpecTex"", ""_2DSpecCube0""]",0,297,10,263,36,0,"[""SM_Water_Plane_LOD2""]"
0x1764b6400,vertex,37D7280164AA460A,13,180,[11],0,[],0,134,0,118,20,0,[]
0x1764b6400,fragment,33EDB6F482810399,13,180,[11],2,"[""_MainTex"", ""_AlphaTex""]",0,17,2,7,4,0,[]
0x16852c000,vertex,BF8E952ACC8411F5,1,30,[11],0,[],0,174,0,153,20,0,[]
0x16852c000,fragment,8A5B8921A26C4885,1,30,[11],3,"[""_MainTex"", ""_AlphaTex"", ""_FadeTex""]",0,55,3,40,8,0,[]
0x168785800,vertex,37D7280164AA460A,1,108,[11],0,[],0,134,0,118,20,0,[]
0x168785800,fragment,33EDB6F482810399,1,108,[11],2,"[""_MainTex"", ""_AlphaTex""]",0,56,2,41,8,0,[]
0x17b2de400,vertex,C193988139C3BC84,2,12,[11],0,[],0,58,0,38,12,0,"[""ScratchBuffer0_1""]"
0x17b2de400,fragment,46D23D7FFA994B60,2,12,[11],2,"[""_AlphaMask"", ""_MainTex""]",0,60,2,48,8,0,"[""ScratchBuffer0_1""]"
0x17b2f4000,vertex,C193988139C3BC84,14,96,[11],0,[],0,58,0,38,12,0,"[""ScratchBuffer0_1""]"
0x17b2f4000,fragment,D0854CE3F6003FFD,14,96,[11],3,"[""_TwistTex"", ""_AlphaMask"", ""_MainTex""]",0,77,3,63,8,0,"[""ScratchBuffer0_1""]"
0x17b2f5800,vertex,C193988139C3BC84,2,24,[11],0,[],0,58,0,38,12,0,"[""ScratchBuffer0_1""]"
0x17b2f5800,fragment,3AA60A6A70C58EA8,2,24,[11],4,"[""_TwistTex"", ""_AlphaMask"", ""_MainTex"", ""_FXTex""]",0,107,4,92,12,0,"[""ScratchBuffer0_1""]"
0x17b2f6400,vertex,C193988139C3BC84,2,60,[11],0,[],0,58,0,38,12,0,"[""ScratchBuffer0_1""]"
0x17b2f6400,fragment,A79416C2A8490414,2,60,[11],1,"[""_MainTex""]",0,49,1,38,8,0,"[""ScratchBuffer0_1""]"
0x17b2f7000,vertex,2EB35058C7F2CB6C,11,156,[11],0,[],0,72,0,58,12,0,"[""ScratchBuffer0_1""]"
0x17b2f7000,fragment,36230B57011F2EC6,11,156,[11],1,"[""_EmissiveTex""]",0,22,1,12,8,0,"[""ScratchBuffer0_1""]"
0x17b330000,vertex,C193988139C3BC84,3,1992,[11],0,[],0,58,0,38,12,0,"[""ScratchBuffer0_1""]"
0x17b330000,fragment,46D23D7FFA994B60,3,1992,[11],2,"[""_AlphaMask"", ""_MainTex""]",0,60,2,48,8,0,"[""ScratchBuffer0_1""]"
0x17b340000,vertex,C193988139C3BC84,11,108,[11],0,[],0,58,0,38,12,0,"[""ScratchBuffer0_1""]"
0x17b340000,fragment,43912D3816DEDB30,11,108,[11],3,"[""_TwistTex"", ""_AlphaMask"", ""_MainTex""]",0,77,3,63,8,0,"[""ScratchBuffer0_1""]"
