key,stage,height_sample_sites,index_sample_sites,height_lines,note
14788CCAB56E96D8,vertex,0,0,,source presence does not prove execution in captured frame
151B9A990A48BBC2,fragment,0,0,,source presence does not prove execution in captured frame
1612188E7337B96D,fragment,0,0,,source presence does not prove execution in captured frame
1691458634011AB8,vertex,0,0,,source presence does not prove execution in captured frame
16AC49AC28C42243,fragment,0,0,,source presence does not prove execution in captured frame
174D35A856499CD8,vertex,0,0,,source presence does not prove execution in captured frame
188D50A799517AAF,fragment,0,0,,source presence does not prove execution in captured frame
196EF8DF13C7788F,fragment,0,0,,source presence does not prove execution in captured frame
1B40A8F37A170B65,vertex,0,0,,source presence does not prove execution in captured frame
1E26FC8BD57E9F13,vertex,0,0,,source presence does not prove execution in captured frame
20E26A637FF18F8B,vertex,0,0,,source presence does not prove execution in captured frame
22055D42DDAA566A,vertex,0,0,,source presence does not prove execution in captured frame
227CD4FB0731032F,fragment,0,0,,source presence does not prove execution in captured frame
22D87860333938AC,vertex,0,0,,source presence does not prove execution in captured frame
23F6FB5BD501C54B,kernel,0,0,,source presence does not prove execution in captured frame
2465498F1DE737E1,fragment,0,0,,source presence does not prove execution in captured frame
2613B19CE486FF0B,fragment,0,0,,source presence does not prove execution in captured frame
2707632F1253D56F,fragment,0,0,,source presence does not prove execution in captured frame
28EEA23597BD580D,vertex,0,0,,source presence does not prove execution in captured frame
2984D55E52C1E153,fragment,0,0,,source presence does not prove execution in captured frame
2D0003307A2DDCE2,vertex,0,0,,source presence does not prove execution in captured frame
2DEBF7C98BFF98A2,fragment,0,0,,source presence does not prove execution in captured frame
2EB35058C7F2CB6C,vertex,0,0,,source presence does not prove execution in captured frame
2F3A91608005BFBA,vertex,0,0,,source presence does not prove execution in captured frame
30AB13A42E07ADCC,fragment,0,0,,source presence does not prove execution in captured frame
31D235AF91C9B9A5,fragment,0,0,,source presence does not prove execution in captured frame
33D3CA7D5A654A74,vertex,0,0,,source presence does not prove execution in captured frame
33EDB6F482810399,fragment,0,0,,source presence does not prove execution in captured frame
346FC28515F59739,kernel,0,0,,source presence does not prove execution in captured frame
34FC370E33FDB53E,fragment,0,0,,source presence does not prove execution in captured frame
35E744FC2162B835,vertex,0,0,,source presence does not prove execution in captured frame
36230B57011F2EC6,fragment,0,0,,source presence does not prove execution in captured frame
37D7280164AA460A,vertex,0,0,,source presence does not prove execution in captured frame
3AA60A6A70C58EA8,fragment,0,0,,source presence does not prove execution in captured frame
3C0B4F15F668CCDA,fragment,0,0,,source presence does not prove execution in captured frame
3C0FAD1E4F352F8A,kernel,0,0,,source presence does not prove execution in captured frame
3D5927F6BF1FEA06,fragment,0,0,,source presence does not prove execution in captured frame
3E5377095A1A291E,fragment,0,0,,source presence does not prove execution in captured frame
408ADCBC4DA4210D,vertex,0,0,,source presence does not prove execution in captured frame
41D9BA21D7508E63,fragment,0,0,,source presence does not prove execution in captured frame
43912D3816DEDB30,fragment,0,0,,source presence does not prove execution in captured frame
4552894A96D16654,vertex,0,0,,source presence does not prove execution in captured frame
46D23D7FFA994B60,fragment,0,0,,source presence does not prove execution in captured frame
46DC5A6F854C8B99,fragment,0,0,,source presence does not prove execution in captured frame
48AF95639F3762C4,fragment,0,0,,source presence does not prove execution in captured frame
4A0D8380ECEC865B,vertex,0,0,,source presence does not prove execution in captured frame
4DED8AD7E1660F39,fragment,0,0,,source presence does not prove execution in captured frame
518EE59035279A02,vertex,0,0,,source presence does not prove execution in captured frame
536E997566D7B672,fragment,0,0,,source presence does not prove execution in captured frame
53E1EC6302A10572,fragment,0,0,,source presence does not prove execution in captured frame
578E9F4D01282EEB,fragment,0,0,,source presence does not prove execution in captured frame
57FA8E9FAA6F7438,vertex,0,0,,source presence does not prove execution in captured frame
5AFBECBEE4FB17D,fragment,0,0,,source presence does not prove execution in captured frame
5C7B364CA13D6F7,fragment,0,0,,source presence does not prove execution in captured frame
5D6CDC97007F6042,vertex,0,0,,source presence does not prove execution in captured frame
5F656BBB84FAD980,fragment,0,0,,source presence does not prove execution in captured frame
5FBC198DE5480DE5,vertex,0,0,,source presence does not prove execution in captured frame
60CCAA8FBE45D9EE,kernel,0,0,,source presence does not prove execution in captured frame
62E3049CB2FAFD0F,fragment,0,0,,source presence does not prove execution in captured frame
636B5ED715A13F15,fragment,0,0,,source presence does not prove execution in captured frame
638728690530CC14,vertex,0,0,,source presence does not prove execution in captured frame
64C2E4E483C4CE99,vertex,0,0,,source presence does not prove execution in captured frame
64FFE712E711D3D5,fragment,0,0,,source presence does not prove execution in captured frame
6602DE0A5FDA4B00,fragment,0,0,,source presence does not prove execution in captured frame
6698D44D00A79B98,vertex,0,0,,source presence does not prove execution in captured frame
686822A56FBD4695,fragment,0,0,,source presence does not prove execution in captured frame
6889EB0DFEE058CA,fragment,0,0,,source presence does not prove execution in captured frame
69B88B548D033785,vertex,0,0,,source presence does not prove execution in captured frame
6B0680F5DAFD522F,vertex,0,0,,source presence does not prove execution in captured frame
6C029C85E694EBF9,fragment,0,0,,source presence does not prove execution in captured frame
6CCDA53F60836463,vertex,0,0,,source presence does not prove execution in captured frame
70C4E390B5467EB4,fragment,0,0,,source presence does not prove execution in captured frame
71980F19B900799D,vertex,0,0,,source presence does not prove execution in captured frame
72909EDA43C96810,vertex,0,0,,source presence does not prove execution in captured frame
733A19A0DCE8699,fragment,0,0,,source presence does not prove execution in captured frame
74B67F909E32C446,fragment,0,0,,source presence does not prove execution in captured frame
753C73EDAD594149,fragment,0,0,,source presence does not prove execution in captured frame
769FC20FEB1EFA,fragment,0,0,,source presence does not prove execution in captured frame
7AFEBB89254F0758,fragment,0,0,,source presence does not prove execution in captured frame
7B16A553394FCE7B,vertex,0,0,,source presence does not prove execution in captured frame
7DB79330DBD11955,vertex,0,0,,source presence does not prove execution in captured frame
80DF5FBA03B5F00C,vertex,0,0,,source presence does not prove execution in captured frame
821C556184BC5089,vertex,0,0,,source presence does not prove execution in captured frame
82BE10A0550B0FDB,fragment,0,0,,source presence does not prove execution in captured frame
84DC1364D846CE97,fragment,0,0,,source presence does not prove execution in captured frame
85FDEF5B00BDFF60,vertex,0,0,,source presence does not prove execution in captured frame
875610C72915D770,fragment,0,0,,source presence does not prove execution in captured frame
87892EA381D07BFD,vertex,0,0,,source presence does not prove execution in captured frame
8A5B8921A26C4885,fragment,0,0,,source presence does not prove execution in captured frame
8D93CB5787D86000,fragment,0,0,,source presence does not prove execution in captured frame
8DD8400F218EC011,vertex,0,0,,source presence does not prove execution in captured frame
8F37E6C07FE50ECB,kernel,0,0,,source presence does not prove execution in captured frame
923CBC7F3247AAF9,vertex,0,0,,source presence does not prove execution in captured frame
929EF07019286C21,fragment,0,0,,source presence does not prove execution in captured frame
94F9E06D2B8EB3AE,vertex,0,0,,source presence does not prove execution in captured frame
951F6B4398C15DB0,fragment,0,0,,source presence does not prove execution in captured frame
9774F775C75AFF58,vertex,0,0,,source presence does not prove execution in captured frame
984C06405061B9BF,fragment,0,0,,source presence does not prove execution in captured frame
9860E55E92BF8AC1,fragment,0,0,,source presence does not prove execution in captured frame
999337456265EEDC,vertex,0,0,,source presence does not prove execution in captured frame
9A1405DF7F1F6D0A,vertex,0,0,,source presence does not prove execution in captured frame
9C4F5F26F60487BC,vertex,0,0,,source presence does not prove execution in captured frame
9C9349FD038E4AD0,fragment,0,0,,source presence does not prove execution in captured frame
9DB33C0FAC2F7214,fragment,0,0,,source presence does not prove execution in captured frame
9DBB7524CB526D97,vertex,0,0,,source presence does not prove execution in captured frame
9E71E80A088FB9A3,fragment,0,0,,source presence does not prove execution in captured frame
9F92DC298725FA72,vertex,0,0,,source presence does not prove execution in captured frame
A1A7F78082E9C6A7,fragment,0,0,,source presence does not prove execution in captured frame
A1C3CF9403EB8AB2,fragment,0,0,,source presence does not prove execution in captured frame
A3B4DDAA3ED2AE38,vertex,0,0,,source presence does not prove execution in captured frame
A488685C8F1BA0B8,vertex,0,0,,source presence does not prove execution in captured frame
A6CC9973B6F2EF4D,fragment,0,0,,source presence does not prove execution in captured frame
A6EC8DD3FDAD4C6E,fragment,0,0,,source presence does not prove execution in captured frame
A79416C2A8490414,fragment,0,0,,source presence does not prove execution in captured frame
AAA1087E6BA9B10B,fragment,0,0,,source presence does not prove execution in captured frame
AB6F92097EE2EAD6,vertex,0,0,,source presence does not prove execution in captured frame
AC6404B2073E8BAF,fragment,0,0,,source presence does not prove execution in captured frame
AD0CA4181D52BC8D,fragment,0,0,,source presence does not prove execution in captured frame
AE7E8102E2F2CBEB,fragment,0,0,,source presence does not prove execution in captured frame
B083094AEB2654C5,kernel,0,0,,source presence does not prove execution in captured frame
B0DCE88977007BE3,vertex,0,0,,source presence does not prove execution in captured frame
B188F609D61C2EF3,fragment,0,0,,source presence does not prove execution in captured frame
B194C9FD14F7FACE,fragment,0,0,,source presence does not prove execution in captured frame
B2E74B64FC0C1CFA,kernel,0,0,,source presence does not prove execution in captured frame
B5B6D85014F58E9A,vertex,0,0,,source presence does not prove execution in captured frame
B751EED52466438D,vertex,0,0,,source presence does not prove execution in captured frame
B911A3DF0C1990FB,fragment,0,0,,source presence does not prove execution in captured frame
B9D813E5FFC9F6A8,fragment,0,0,,source presence does not prove execution in captured frame
B9F1F4EEE0AA6AED,fragment,0,0,,source presence does not prove execution in captured frame
BA139042AA7CEE38,vertex,0,0,,source presence does not prove execution in captured frame
BA217AB43B6E08D,vertex,0,0,,source presence does not prove execution in captured frame
BD70604646654C22,vertex,0,0,,source presence does not prove execution in captured frame
BE9835242F6F26A,fragment,0,0,,source presence does not prove execution in captured frame
BF8E952ACC8411F5,vertex,0,0,,source presence does not prove execution in captured frame
C193988139C3BC84,vertex,0,0,,source presence does not prove execution in captured frame
C5D1BDD1122385F8,vertex,0,0,,source presence does not prove execution in captured frame
C61761D692A8436B,vertex,0,0,,source presence does not prove execution in captured frame
C7CC29362A584C67,fragment,0,0,,source presence does not prove execution in captured frame
C86DAFF697CC7867,fragment,0,0,,source presence does not prove execution in captured frame
C8F43083A752A09F,vertex,0,0,,source presence does not prove execution in captured frame
CAFA94E3ADCCFC4A,kernel,0,0,,source presence does not prove execution in captured frame
CB4C4F16944253C7,fragment,0,0,,source presence does not prove execution in captured frame
CC7620EBED6C48DE,vertex,0,0,,source presence does not prove execution in captured frame
CD68E5030B8C188A,fragment,0,0,,source presence does not prove execution in captured frame
CE394E061D0C5956,fragment,0,0,,source presence does not prove execution in captured frame
CEEF5DBBEE7731DB,fragment,0,0,,source presence does not prove execution in captured frame
D0854CE3F6003FFD,fragment,0,0,,source presence does not prove execution in captured frame
D116D9D1700F8575,fragment,0,0,,source presence does not prove execution in captured frame
D184AC1F266B710B,fragment,0,0,,source presence does not prove execution in captured frame
D1B904E519407191,fragment,0,0,,source presence does not prove execution in captured frame
D1EF4F88A533C806,vertex,0,0,,source presence does not prove execution in captured frame
D2C560C2AD694FD5,fragment,0,0,,source presence does not prove execution in captured frame
D309BA442F33E25F,fragment,0,0,,source presence does not prove execution in captured frame
D37DAE5812AF2F9,fragment,0,0,,source presence does not prove execution in captured frame
D398500030572B2,fragment,0,0,,source presence does not prove execution in captured frame
D592BEC78CA5E7C9,fragment,0,0,,source presence does not prove execution in captured frame
D5ABDC78338227A0,fragment,0,0,,source presence does not prove execution in captured frame
D9A15AD76CE69253,vertex,0,0,,source presence does not prove execution in captured frame
DA9306BA28ED88E0,fragment,0,0,,source presence does not prove execution in captured frame
DB879FA045206D5C,vertex,0,0,,source presence does not prove execution in captured frame
DC527BA668D83F94,fragment,0,0,,source presence does not prove execution in captured frame
DC747AEE59D2844D,vertex,0,0,,source presence does not prove execution in captured frame
DD1E94D2F6D34CBC,vertex,0,0,,source presence does not prove execution in captured frame
DE39B994EC96EDE9,fragment,0,0,,source presence does not prove execution in captured frame
DEF330D4312C1E7,vertex,0,0,,source presence does not prove execution in captured frame
DF235B16BA3BF7D1,fragment,0,0,,source presence does not prove execution in captured frame
DF376854D1774666,fragment,0,0,,source presence does not prove execution in captured frame
DF9230398DF35216,fragment,0,0,,source presence does not prove execution in captured frame
E1BE6757B3050D69,kernel,0,0,,source presence does not prove execution in captured frame
E2D1B6F77DE47514,vertex,0,0,,source presence does not prove execution in captured frame
E4355BC9D42165B2,fragment,0,0,,source presence does not prove execution in captured frame
E641A1A7FB56D02B,fragment,0,0,,source presence does not prove execution in captured frame
E7F8ACA2F1E897AB,vertex,0,0,,source presence does not prove execution in captured frame
E8383A36BFC8A08F,vertex,0,0,,source presence does not prove execution in captured frame
EC1CD231E73733A3,fragment,0,0,,source presence does not prove execution in captured frame
ED4A9DD355F1BD66,vertex,0,0,,source presence does not prove execution in captured frame
EDEB96566F435129,fragment,0,0,,source presence does not prove execution in captured frame
EF77047B1C43EFB4,fragment,0,0,,source presence does not prove execution in captured frame
EFD5D488A058F874,vertex,0,0,,source presence does not prove execution in captured frame
F04FDE7221F086E4,vertex,0,0,,source presence does not prove execution in captured frame
F076A7D2DB37D02,vertex,0,0,,source presence does not prove execution in captured frame
F12D5AEB0DEDD6F0,fragment,0,0,,source presence does not prove execution in captured frame
F2806ABBA36C2A28,vertex,0,0,,source presence does not prove execution in captured frame
F4BD9D1377B8ECE6,fragment,0,0,,source presence does not prove execution in captured frame
F4BE18C4370788AD,fragment,0,0,,source presence does not prove execution in captured frame
F6677F470185FB3A,fragment,0,0,,source presence does not prove execution in captured frame
F7591146499B4E70,fragment,0,0,,source presence does not prove execution in captured frame
F94E3E0F0CC6B460,fragment,0,0,,source presence does not prove execution in captured frame
FAD1A80942B4E95E,fragment,0,0,,source presence does not prove execution in captured frame
FC73153FD62F03C,fragment,0,0,,source presence does not prove execution in captured frame
FCB2ED5E9EFB5181,fragment,0,0,,source presence does not prove execution in captured frame
FF8503E22E795756,vertex,0,0,,source presence does not prove execution in captured frame
