encoder_index,handle,label,descriptor_key,texture_refs,targets,draw_count,indexed_draws,submitted_elements,distinct_pipelines,draw_first,draw_last,fragment_height_draws,vertex_height_draws
0,0x3006389a0,,A73924AC6FE5FBDF,"[""0x16ee4a080""]","[{""handle"": ""0x16ee4a080"", ""label"": ""Game_SHARED_GAME_SHADOW_MAP_NAME_2"", ""width"": 1946, ""height"": 900, ""pixel_format"": 250, ""storage_mode"": ""Shared"", ""sample_count"": 1}]",14,14,55374,5,1,14,0,0
1,0x300638930,[R] RenderLoop.Draw,3E431AA8639D2056,"[""0x16ee49900"", ""0x16ee4a580"", ""0x16ee49b80""]","[{""handle"": ""0x16ee49900"", ""label"": ""Game_SCENE_COLOR_MAP_NAME"", ""width"": 1946, ""height"": 900, ""pixel_format"": 92, ""storage_mode"": ""Shared"", ""sample_count"": 1}, {""handle"": ""0x16ee4a580"", ""label"": ""Game_SCENE_IMAGEBLOCK_DEPTH_NAME"", ""width"": 1946, ""height"": 900, ""pixel_format"": 55, ""storage_mode"": ""Memoryless"", ""sample_count"": 1}, {""handle"": ""0x16ee49b80"", ""label"": ""Game_SCENE_DEPTH_STENCIL_NAME"", ""width"": 1946, ""height"": 900, ""pixel_format"": 260, ""storage_mode"": ""Shared"", ""sample_count"": 1}]",401,400,1834461,80,15,415,276,14
2,0x3006388c0,,65FCF1E4F7786BF2,"[""0x16ee4af80""]","[{""handle"": ""0x16ee4af80"", ""label"": ""Game_RT_4"", ""width"": 486, ""height"": 225, ""pixel_format"": 115, ""storage_mode"": ""Shared"", ""sample_count"": 1}]",1,1,6,1,416,416,0,0
3,0x300639ce0,,64DCA9B3E14F31B2,"[""0x16ee4a800""]","[{""handle"": ""0x16ee4a800"", ""label"": ""Game_TMP_RT_8"", ""width"": 243, ""height"": 112, ""pixel_format"": 92, ""storage_mode"": ""Shared"", ""sample_count"": 1}]",1,1,6,1,417,417,0,0
4,0x300638e70,,76EE7FD460C6EFC2,"[""0x16ee4aa80""]","[{""handle"": ""0x16ee4aa80"", ""label"": ""Game_TMP_RT_16"", ""width"": 121, ""height"": 56, ""pixel_format"": 92, ""storage_mode"": ""Shared"", ""sample_count"": 1}]",1,1,6,1,418,418,0,0
5,0x300638770,,73F39ED2749DF7A,"[""0x16ee4ad00""]","[{""handle"": ""0x16ee4ad00"", ""label"": ""Game_TMP_RT_32"", ""width"": 60, ""height"": 28, ""pixel_format"": 92, ""storage_mode"": ""Shared"", ""sample_count"": 1}]",1,1,6,1,419,419,0,0
6,0x300638070,,304684C0441BDD45,"[""0x16ee4b980""]","[{""handle"": ""0x16ee4b980"", ""label"": ""Game_RT_64"", ""width"": 30, ""height"": 14, ""pixel_format"": 92, ""storage_mode"": ""Shared"", ""sample_count"": 1}]",1,1,6,1,420,420,0,0
7,0x300638700,,B85DCFDF6A015E22,"[""0x16ee4b700""]","[{""handle"": ""0x16ee4b700"", ""label"": ""Game_RT_32"", ""width"": 60, ""height"": 28, ""pixel_format"": 92, ""storage_mode"": ""Shared"", ""sample_count"": 1}]",1,1,6,1,421,421,0,0
8,0x300638690,,5180B71E16C7DFE0,"[""0x16ee4b480""]","[{""handle"": ""0x16ee4b480"", ""label"": ""Game_RT_16"", ""width"": 121, ""height"": 56, ""pixel_format"": 92, ""storage_mode"": ""Shared"", ""sample_count"": 1}]",1,1,6,1,422,422,0,0
9,0x300639ab0,,E2D6B877544659B9,"[""0x16ee4b200""]","[{""handle"": ""0x16ee4b200"", ""label"": ""Game_RT_8"", ""width"": 243, ""height"": 112, ""pixel_format"": 92, ""storage_mode"": ""Shared"", ""sample_count"": 1}]",1,1,6,1,423,423,0,0
10,0x3006385b0,,C2F41BB827B900B8,"[""0x16ee4bc00""]","[{""handle"": ""0x16ee4bc00"", ""label"": ""Game_RT_SUM_MERGE"", ""width"": 486, ""height"": 225, ""pixel_format"": 115, ""storage_mode"": ""Shared"", ""sample_count"": 1}]",1,1,6,1,424,424,0,0
11,0x3007f6300,,81E80A0118B8AD76,"[""0x13dc1d900"", ""0x1191acf00""]","[{""handle"": ""0x13dc1d900"", ""label"": ""CAMetalLayer Display Drawable"", ""width"": null, ""height"": null, ""pixel_format"": null, ""storage_mode"": null, ""sample_count"": null}, {""handle"": ""0x1191acf00"", ""label"": """", ""width"": 2778, ""height"": 1284, ""pixel_format"": 260, ""storage_mode"": ""Memoryless"", ""sample_count"": 1}]",32,32,10506,8,425,456,0,0
