case,pipeline,draws,elements,roles,meshes,vertex_source,fragment_source,VS_instructions,VS_ALU,VS_FP16,VS_FP32,VS_INT32,VS_reads,VS_registers,VS_uniform_registers,VS_spill,VS_branch,FS_instructions,FS_ALU,FS_FP16,FS_FP32,FS_INT32,FS_reads,FS_registers,FS_uniform_registers,FS_spill,FS_branch
empire1,0x1742a8000,7,9765,Game_SCENE_COLOR_MAP_NAME,M_BM_H_BODY_L1_LD03_A;M_BS_CN_ARCHR_L2_LD03_A;M_BS_CN_CHANG_L2_LD03_A;M_BS_CN_PALDN_L2_H_LD03_A;M_BS_CN_PALDN_L2_LD03_A;M_BS_CN_PALDN_L3_LD03_A;M_BS_CN_PKEMN_L2_LD03_A,4552894A96D16654,6889EB0DFEE058CA,567,500,107,319,17,7,52,107,0,3,375,334,195,111,9,9,40,81,0,2
empire1,0x1742a8c00,7,3333,Game_SCENE_COLOR_MAP_NAME,M_BH_GAIUS_LD03_A;M_BH_JOA_LD03_A;M_BH_ODA_LD03_A;M_BN_CN_FAT1_LD03_A;M_BN_CN_MFARMER1_LD03_A;M_BN_CN_THIN1_LD03_A;M_BN_FR_HAWKER1_LD03_A,4552894A96D16654,6889EB0DFEE058CA,567,500,107,319,17,7,52,107,0,3,375,334,195,111,9,9,40,81,0,2
empire1,0x174181800,2,14478,Game_SCENE_COLOR_MAP_NAME,SM_CN_GOLDMINE_A4_LOD04;SM_WRE_NC_GOLDB_L05_LOD03,14788CCAB56E96D8,2984D55E52C1E153,343,288,85,175,6,2,40,105,0,2,322,284,186,79,4,7,32,76,0,2
empire1,0x1741d2400,6,55536,Game_SCENE_COLOR_MAP_NAME,SM_CN_CASTLE09_A4_LOD04;SM_CN_CASTLE11_A4_LOD04;SM_CN_WALL02_A4_LOD04;SM_CN_WALL04_A4_LOD04;SM_CN_WALL05_A4_LOD04;SM_CN_WALL06_A4_LOD04,518EE59035279A02,64FFE712E711D3D5,349,294,84,183,6,1,40,120,0,2,319,281,172,89,4,7,32,75,0,2
empire1,0x1741d3000,2,4998,Game_SCENE_COLOR_MAP_NAME,SM_CN_HEROSHRINE01_A3_LOD04;SM_CN_HEROSHRINE02_A3_LOD04,518EE59035279A02,64FFE712E711D3D5,350,293,81,185,6,1,40,116,0,2,319,281,172,89,4,7,32,75,0,2
empire1,0x174193000,22,81486,Game_SCENE_COLOR_MAP_NAME,SM_CN_ARCHERY_A4_LOD04;SM_CN_BARRACK_A4_LOD04;SM_CN_CASTLE02_A4_LOD04;SM_CN_CASTLE03_A4_LOD04;SM_CN_CASTLE04_A4_LOD04;SM_CN_CASTLE05_A4_LOD04;SM_CN_CASTLE06_A4_LOD04;SM_CN_CASTLE07_A4_LOD04;SM_CN_CASTLE08_A4_LOD04;SM_CN_CASTLE10_A4_LOD04;SM_CN_CASTLE_A4_LOD04;SM_CN_CENTERPORPS01_A3_LOD00;SM_CN_CENTER_A4_LOD04;SM_CN_EMBASSY_A4_LOD04;SM_CN_HALLOFWAR_A4_LOD04;SM_CN_SCHOOL_A4_LOD04;SM_CN_SPEARB_A4_LOD04;SM_CN_STABLE_A4_LOD04;SM_CN_TAVERN_A4_LOD04;SM_CN_WALL01_A4_LOD04;SM_CN_WALL03_A4_LOD04;SM_CN_WALL09_A4_LOD04,518EE59035279A02,64FFE712E711D3D5,348,292,82,183,6,1,40,116,0,2,319,281,172,89,4,7,32,75,0,2
empire1,0x1741ea400,1,10941,Game_SCENE_COLOR_MAP_NAME,M_CN_CENTER_A3_O_LD00_A,9C4F5F26F60487BC,188D50A799517AAF,504,440,97,292,10,7,48,102,0,3,312,275,177,79,4,7,28,69,0,2
empire1,0x1764b4c00,2,27648,Game_SCENE_COLOR_MAP_NAME,SM_Water_Plane_LOD2,64C2E4E483C4CE99,DF376854D1774666,320,269,54,191,5,5,44,105,0,0,297,263,97,147,0,10,36,82,0,0
empire1,0x17427e400,1,2142,Game_SCENE_COLOR_MAP_NAME,M_BA_HORSE1_LD03_A,923CBC7F3247AAF9,AE7E8102E2F2CBEB,432,357,96,192,12,9,40,115,0,7,296,258,147,87,9,7,36,64,0,2
empire1,0x1742a9800,3,65016,Game_SCENE_COLOR_MAP_NAME,M_BN_CN_FAT1_O_LD03_A;M_BN_CN_FFARMER1_O_LD03_A;M_BN_CN_MFARMER1_O_LD03_A,D1EF4F88A533C806,AE7E8102E2F2CBEB,504,440,97,292,10,7,48,108,0,3,296,258,147,87,9,7,36,64,0,2
empire1,0x17416b000,1,6534,Game_SCENE_COLOR_MAP_NAME,SM_BerryCluster,DB879FA045206D5C,F4BE18C4370788AD,362,307,84,195,5,4,44,118,0,2,281,240,134,88,0,7,28,58,0,4
empire1,0x1742f8c00,1,2028,Game_SCENE_COLOR_MAP_NAME,SM_CityWater_07,F2806ABBA36C2A28,84DC1364D846CE97,338,282,81,175,5,1,40,107,0,2,280,244,84,147,0,11,28,93,0,0
empire1,0x17426c000,1,77811,Game_SCENE_COLOR_MAP_NAME,SM_Terrain_Dark_China,C61761D692A8436B,D5ABDC78338227A0,346,307,84,200,1,1,24,111,0,2,279,235,132,77,1,15,28,45,0,2
empire1,0x174184c00,4,55614,Game_SCENE_COLOR_MAP_NAME,SM_Grass10;SM_Grass16;SM_GrassReed_01,2D0003307A2DDCE2,DC527BA668D83F94,398,342,85,227,5,4,44,118,0,2,262,220,140,63,0,8,20,56,0,4
empire1,0x174187000,1,7380,Game_SCENE_COLOR_MAP_NAME,SM_ChinaCityTree_03_LOD1,2D0003307A2DDCE2,DC527BA668D83F94,396,341,86,225,5,4,44,118,0,2,262,220,140,63,0,8,20,56,0,4
empire1,0x174169800,1,3645,Game_SCENE_COLOR_MAP_NAME,SM_CityLotus_CN_01_LOD01,4A0D8380ECEC865B,5F656BBB84FAD980,479,426,91,287,5,2,48,132,0,2,261,219,141,61,0,7,24,53,0,4
empire1,0x174180000,5,120387,Game_SCENE_COLOR_MAP_NAME,SM_ChinaCityTree_01_LOD1;SM_ChinaCityTree_02;SM_ChinaCityTree_04_LOD1;SM_CityTree_01_LOD1;SM_CityTree_04_LOD1,4A0D8380ECEC865B,5F656BBB84FAD980,477,425,92,285,5,2,44,132,0,2,261,219,141,61,0,7,24,53,0,4
empire1,0x174188c00,2,18363,Game_SCENE_COLOR_MAP_NAME,LOD0SG11;SM_GrasslandCircular_B_LOD0,2D0003307A2DDCE2,733A19A0DCE8699,396,341,86,225,5,4,44,118,0,2,254,212,134,62,0,8,24,56,0,4
empire1,0x17418a400,1,6987,Game_SCENE_COLOR_MAP_NAME,SM_Grass_01,CC7620EBED6C48DE,B188F609D61C2EF3,377,322,86,207,5,2,40,104,0,2,244,203,127,60,0,7,20,51,0,4
empire1,0x174222400,1,1098,Game_SCENE_COLOR_MAP_NAME,M_BA_BIRD1_LD03_A,8DD8400F218EC011,9C9349FD038E4AD0,346,288,98,154,9,5,36,110,0,4,235,202,109,77,4,6,24,61,0,2
empire1,0x174207000,2,4950,Game_SCENE_COLOR_MAP_NAME,M_BA_FISHG1_LD03_A,BA139042AA7CEE38,AD0CA4181D52BC8D,431,365,104,220,9,6,40,118,0,4,223,186,121,50,4,6,24,57,0,2
empire1,0x17419d800,13,41175,Game_SCENE_COLOR_MAP_NAME,SM_CN_BRIDGE_A3_LOD04;SM_CN_DOCK_A4_LOD04;SM_CN_IRONMINE_A4_LOD04;SM_CN_MTPROPS01_A3_LOD04;SM_CN_MTPROPS02_A3_LOD04;SM_CN_MTPROPS03_A3_LOD04;SM_CN_MTPROPS_A4_LOD04;SM_CN_PROPS03_A4_LOD02;SM_CN_PROPS06_A3_LOD03;SM_CN_TOWER_A4_LOD04;SM_FR_WHARF08_A4_LOD02;SM_NC_PROPS04_A3_LOD02;SM_NC_PROPS05B_A0_LOD02,CC7620EBED6C48DE,74B67F909E32C446,377,322,87,205,6,2,40,105,0,2,223,186,121,50,4,6,24,59,0,2
empire1,0x17418b000,1,432,Game_SCENE_COLOR_MAP_NAME,SM_FlagChinaCastle_01,CC7620EBED6C48DE,74B67F909E32C446,379,323,86,207,6,2,40,105,0,2,223,186,121,50,4,6,24,59,0,2
empire1,0x174183000,1,17238,Game_SCENE_COLOR_MAP_NAME,SM_StonemineB_Lv2_LOD2,69B88B548D033785,D592BEC78CA5E7C9,371,319,85,205,6,1,40,101,0,2,223,185,118,52,4,7,24,54,0,2
empire1,0x174168000,9,128748,Game_SCENE_COLOR_MAP_NAME,SM_FlagFranceFeudal_01;SM_MountHuangA_02_City_LOD3;SM_MountHuangB_02_City_LOD3;SM_Rock_07;SM_Rock_10_LOD2;SM_Rock_13;SM_Rock_15;SM_Rock_16;SM_pebbles_group_01,CC7620EBED6C48DE,74B67F909E32C446,380,325,88,207,6,2,40,109,0,2,223,186,121,50,4,6,24,59,0,2
empire1,0x174191800,34,112896,Game_SCENE_COLOR_MAP_NAME,SM_CN_PROPS01_A4_LOD03;SM_CN_PROPS02_A3_LOD03;SM_CN_PROPS03_A3_LOD03;SM_CN_PROPS04_A3_LOD03;SM_CN_PROPS05_A3_LOD03;SM_CN_RIVERBANK_A4_LOD01;SM_CN_TENT02_A4_LOD04;SM_FR_WHARF02B_A4_LOD00;SM_FR_WHARF02_A4_LOD03;SM_FR_WHARF03_A4_LOD03;SM_FR_WHARF04_A4_LOD03;SM_FR_WHARF06_A4_LOD03;SM_FR_WHARF07_A4_LOD03;SM_NC_CITYROAD01_A0_LOD01;SM_NC_CITYROAD02_A0_LOD01;SM_NC_CITYROAD06_A0_LOD01;SM_NC_PROPS01_A3_LOD02;SM_NC_PROPS02A_A0_LOD02;SM_NC_PROPS02_A3_LOD02;SM_NC_PROPS03_A3_LOD02;SM_NC_PROPS04_A0_LOD02;SM_NC_PROPS05_A3_LOD02;SM_NC_PROPS06_A3_LOD01;SM_NC_PROPS11A_A0_LOD02;SM_NC_PROPS11B_A0_LOD02;SM_NC_PROPS11C_A0_LOD02;SM_NC_PROPS11D_A0_LOD02;SM_NC_PROPSGROUP01_A0_LOD02;SM_NC_PROPSGROUP03A_A0_LOD02;SM_NC_PROPSGROUP03B_A0_LOD02;SM_NC_PROPSGROUP05A_A0_LOD02;SM_NC_PROPSGROUP05B_A0_LOD02;SM_PropsScaffold_LOD2,CC7620EBED6C48DE,74B67F909E32C446,378,324,89,205,6,2,40,109,0,2,223,186,121,50,4,6,24,59,0,2
empire1,0x1741e8c00,1,1980,Game_SCENE_COLOR_MAP_NAME,SM_CN_BRIDGE04_A2_LOD04,CC7620EBED6C48DE,74B67F909E32C446,379,323,86,207,6,2,40,105,0,2,223,186,121,50,4,6,24,59,0,2
empire1,0x174186400,2,42864,Game_SCENE_COLOR_MAP_NAME,SM_Grass17;SM_Grass17_B_02,2D0003307A2DDCE2,D398500030572B2,398,342,85,227,5,4,44,118,0,2,222,184,125,44,0,5,20,40,0,4
empire1,0x17419f000,3,12474,Game_SCENE_COLOR_MAP_NAME,SM_Flowers01;SM_Flowers02,80DF5FBA03B5F00C,D398500030572B2,375,321,87,205,5,2,40,104,0,2,222,184,125,44,0,5,20,40,0,4
empire1,0x17419cc00,6,10806,Game_SCENE_COLOR_MAP_NAME,SM_CN_ARCHERYTARGET_A3_LOD01;SM_CN_CASTLE09_A3_LOD04;SM_CN_DRILLG_A4_LOD04;SM_CN_HOUSE01_A4_LOD04;SM_CN_MARKET_A4_LOD04;SM_FR_WEAPONRACK02_A3_LOD02,E8383A36BFC8A08F,D2C560C2AD694FD5,368,316,84,203,6,1,40,105,0,2,213,177,112,50,4,6,24,56,0,2
empire1,0x1741e8000,1,3903,Game_SCENE_COLOR_MAP_NAME,M_CN_VIPSHIP_A4_LD04_A,FF8503E22E795756,2707632F1253D56F,538,474,99,322,10,7,48,102,0,3,213,177,112,50,4,6,24,52,0,2
empire1,0x1741d1800,4,3312,Game_SCENE_COLOR_MAP_NAME,SM_FR_BARRACKTARGET_A3_LOD01;SM_FR_WEAPONRACK_A3_LOD02;SM_NC_WHARF01_A2_LOD04;SM_NC_WHARF02_A2_LOD04,E8383A36BFC8A08F,D2C560C2AD694FD5,369,318,86,203,6,1,40,109,0,2,213,177,112,50,4,6,24,56,0,2
empire1,0x1741d0c00,3,12225,Game_SCENE_COLOR_MAP_NAME,M_BChnC_01_LOD3_A;M_CN_PROPS04_A4_LD02_A;M_FR_WHARF_A4_LD03_A,FF8503E22E795756,2707632F1253D56F,538,474,99,322,10,7,48,102,0,3,213,177,112,50,4,6,24,52,0,2
empire1,0x17419e400,1,2898,Game_SCENE_COLOR_MAP_NAME,SM_CN_HOSPITAL_A4_LOD04,E8383A36BFC8A08F,D2C560C2AD694FD5,370,317,83,205,6,1,40,105,0,2,213,177,112,50,4,6,24,56,0,2
empire1,0x174190c00,18,21384,Game_SCENE_COLOR_MAP_NAME,SM_ArcChiC_Flag001_MEx;SM_BarChiC_Flag001_MEx;SM_FlagChinaEmpires_002_MorphUV2_MorphExport;SM_FlagChinaEmpires_003_MorphUV2_MorphExport;SM_FlagChinaEmpires_004_MorphUV2_MorphExport;SM_FlagChinaFeudal_003_MorphUV2_MorphExport;SM_FlagChinaFeudal_004_MorphUV2_MorphExport;SM_FlagChinaFeudal_005_MorphUV2_MorphExport;SM_FlagChinaFeudal_006_MorphUV2_MorphExport;SM_FlagChinaFeudal_007_MorphUV2_MorphExport;SM_FlagChinaFeudal_012_MorphUV2_MorphExport;SM_FlagChinaFeudal_014_MorphUV2_MorphExport;SM_FlagChinaFeudal_015_MorphUV2_MorphExport;SM_FlagChinaFeudal_017_MorphUV2_MorphExport;SM_HallOfWarChinaCastle_Flag001_MorphUV2_MorphExport;SM_SpearBarrackChinaCastle_Flag001_MorphUV2_MorphExport;SM_StableChinaCastle_Flag001_MorphUV2_MorphExport,6698D44D00A79B98,D184AC1F266B710B,401,349,84,234,6,3,40,110,0,2,185,151,86,52,4,6,24,48,0,2
empire1,0x174341800,1,6,Game_SCENE_COLOR_MAP_NAME,ScratchBuffer0_1,C193988139C3BC84,FC73153FD62F03C,72,48,0,46,1,0,8,49,0,0,166,146,15,120,0,4,16,66,0,0
empire1,0x17435f000,1,120,Game_SCENE_COLOR_MAP_NAME,st_pubukou01,72909EDA43C96810,636B5ED715A13F15,69,44,0,36,6,0,24,28,0,0,153,133,16,102,4,4,16,62,0,0
empire1,0x1743ee400,2,432,Game_SCENE_COLOR_MAP_NAME,ScratchBuffer0_1,C193988139C3BC84,2DEBF7C98BFF98A2,72,48,0,46,1,0,8,49,0,0,137,118,11,96,0,3,12,52,0,0
empire1,0x1743ab000,2,144,Game_SCENE_COLOR_MAP_NAME,ScratchBuffer0_1,9DBB7524CB526D97,DF9230398DF35216,72,48,0,46,1,0,8,49,0,0,128,112,12,89,0,3,12,48,0,0
empire1,0x174378c00,2,768,Game_SCENE_COLOR_MAP_NAME,ScratchBuffer0_1,C193988139C3BC84,227CD4FB0731032F,58,38,0,36,1,0,12,36,0,0,128,114,17,87,0,3,16,49,0,0
empire1,0x174397000,9,2352,Game_SCENE_COLOR_MAP_NAME,Plane001;Pubu02,72909EDA43C96810,BE9835242F6F26A,69,46,2,36,6,0,24,32,0,0,122,105,12,82,1,3,12,49,0,0
empire1,0x174396400,1,120,Game_SCENE_COLOR_MAP_NAME,st_pubukou01,72909EDA43C96810,BE9835242F6F26A,69,44,0,36,6,0,24,28,0,0,122,105,12,82,1,3,12,49,0,0
empire1,0x174325800,4,78,Game_SCENE_COLOR_MAP_NAME,ScratchBuffer0_1,C193988139C3BC84,62E3049CB2FAFD0F,72,48,0,46,1,0,8,49,0,0,121,104,9,84,0,2,12,43,0,0
empire1,0x1743a8c00,4,1584,Game_SCENE_COLOR_MAP_NAME,ScratchBuffer0_1,C193988139C3BC84,A6EC8DD3FDAD4C6E,58,38,0,36,1,0,12,36,0,0,117,102,11,81,0,3,12,44,0,0
empire1,0x1743a9800,1,6,Game_SCENE_COLOR_MAP_NAME,ScratchBuffer0_1,C193988139C3BC84,A6EC8DD3FDAD4C6E,58,38,0,36,1,0,12,36,0,0,117,102,11,81,0,3,12,44,0,0
empire1,0x17b2f5800,2,24,最终输出/UI,ScratchBuffer0_1,C193988139C3BC84,3AA60A6A70C58EA8,58,38,0,36,1,0,12,36,0,0,107,92,14,72,0,4,12,48,0,0
empire1,0x17435c000,10,60,Game_SCENE_COLOR_MAP_NAME,ScratchBuffer0_1,C193988139C3BC84,9860E55E92BF8AC1,58,38,0,36,1,0,12,36,0,0,101,88,9,69,0,2,12,35,0,0
empire1,0x174324000,2,12,Game_SCENE_COLOR_MAP_NAME,ScratchBuffer0_1,C193988139C3BC84,9860E55E92BF8AC1,58,38,0,36,1,0,12,36,0,0,101,88,9,69,0,2,12,35,0,0
empire1,0x1743ecc00,1,1272,Game_SCENE_COLOR_MAP_NAME,ScratchBuffer0_1,9DBB7524CB526D97,D37DAE5812AF2F9,72,48,0,46,1,0,8,49,0,0,96,81,12,60,0,2,12,31,0,0
empire1,0x1742fa400,35,1422,Game_SCENE_COLOR_MAP_NAME,ScratchBuffer0_1,C193988139C3BC84,2465498F1DE737E1,72,48,0,46,1,0,8,49,0,0,95,79,16,54,0,1,8,32,0,0
empire1,0x174394c00,1,240,Game_SCENE_COLOR_MAP_NAME,st_pubukou01,72909EDA43C96810,B194C9FD14F7FACE,69,44,0,36,6,0,24,28,0,0,93,77,15,53,1,2,8,39,0,0
empire1,0x1743f6400,4,24,Bloom,ScratchBuffer0_1,B0DCE88977007BE3,EC1CD231E73733A3,104,62,0,60,1,0,20,66,0,0,90,54,6,48,0,15,48,3,0,0
empire1,0x1743ef000,5,222,Game_SCENE_COLOR_MAP_NAME,ScratchBuffer0_1,C193988139C3BC84,8D93CB5787D86000,58,38,0,36,1,0,12,36,0,0,88,74,14,52,0,2,8,33,0,0
empire1,0x17437b000,12,378,Game_SCENE_COLOR_MAP_NAME,ScratchBuffer0_1,C193988139C3BC84,8D93CB5787D86000,58,38,0,36,1,0,12,36,0,0,88,74,14,52,0,2,8,33,0,0
empire1,0x176400000,3,18,Bloom,ScratchBuffer0_1,A3B4DDAA3ED2AE38,70C4E390B5467EB4,104,62,0,60,1,0,20,54,0,0,86,48,0,48,0,16,48,8,0,0
empire1,0x176410c00,2,7128,最终输出/UI,,408ADCBC4DA4210D,46DC5A6F854C8B99,109,80,10,60,1,0,24,46,0,0,85,65,30,32,0,2,16,9,0,0
empire1,0x176413000,1,66,最终输出/UI,SM_UnityPlane,72909EDA43C96810,A6CC9973B6F2EF4D,67,45,2,36,5,0,24,31,0,0,79,67,12,49,0,2,12,33,0,0
empire1,0x17b2f4000,14,96,最终输出/UI,ScratchBuffer0_1,C193988139C3BC84,D0854CE3F6003FFD,58,38,0,36,1,0,12,36,0,0,77,63,13,44,0,3,8,33,0,0
empire1,0x17b340000,11,108,最终输出/UI,ScratchBuffer0_1,C193988139C3BC84,43912D3816DEDB30,58,38,0,36,1,0,12,36,0,0,77,63,13,44,0,3,8,33,0,0
empire1,0x174379800,1,282,Game_SCENE_COLOR_MAP_NAME,,C193988139C3BC84,5C7B364CA13D6F7,58,38,0,36,1,0,12,36,0,0,72,60,12,40,0,1,8,24,0,0
empire1,0x174340000,1,24,Game_SCENE_COLOR_MAP_NAME,ScratchBuffer0_1,C193988139C3BC84,5C7B364CA13D6F7,58,38,0,36,1,0,12,36,0,0,72,60,12,40,0,1,8,24,0,0
empire1,0x174327000,28,948,Game_SCENE_COLOR_MAP_NAME,ScratchBuffer0_1,C193988139C3BC84,5C7B364CA13D6F7,58,38,0,36,1,0,12,36,0,0,72,60,12,40,0,1,8,24,0,0
empire1,0x17b2de400,2,12,最终输出/UI,ScratchBuffer0_1,C193988139C3BC84,46D23D7FFA994B60,58,38,0,36,1,0,12,36,0,0,60,48,11,31,0,2,8,23,0,0
empire1,0x17b330000,3,1992,最终输出/UI,ScratchBuffer0_1,C193988139C3BC84,46D23D7FFA994B60,58,38,0,36,1,0,12,36,0,0,60,48,11,31,0,2,8,23,0,0
empire1,0x17435d800,4,336,Game_SCENE_COLOR_MAP_NAME,ScratchBuffer0_1,85FDEF5B00BDFF60,7AFEBB89254F0758,133,99,21,67,1,1,16,67,0,2,57,41,20,14,0,1,8,16,0,0
empire1,0x168785800,1,108,最终输出/UI,,37D7280164AA460A,33EDB6F482810399,134,118,6,102,1,0,20,80,0,0,56,41,41,0,0,2,8,7,0,0
empire1,0x176401800,1,6,Bloom,ScratchBuffer0_1,BD70604646654C22,EDEB96566F435129,70,53,0,51,1,0,12,51,0,0,56,35,32,2,0,8,16,6,0,0
empire1,0x16852c000,1,30,最终输出/UI,,BF8E952ACC8411F5,8A5B8921A26C4885,174,153,8,122,1,0,20,82,0,0,55,40,40,0,0,3,8,6,0,0
empire1,0x13b2b4c00,33,10779,最终输出/UI,,37D7280164AA460A,CD68E5030B8C188A,134,118,6,102,1,0,20,80,0,0,51,39,39,0,0,2,8,6,0,0
empire1,0x15bca5800,1,7200,最终输出/UI,,37D7280164AA460A,CD68E5030B8C188A,133,118,6,102,1,0,16,80,0,0,51,39,39,0,0,2,8,6,0,0
empire1,0x17b2f6400,2,60,最终输出/UI,ScratchBuffer0_1,C193988139C3BC84,A79416C2A8490414,58,38,0,36,1,0,12,36,0,0,49,38,11,21,0,1,8,16,0,0
empire1,0x17427cc00,2,18,Game_SCENE_COLOR_MAP_NAME,ScratchBuffer0_1,9F92DC298725FA72,C86DAFF697CC7867,58,38,0,36,1,0,12,36,0,0,43,32,16,10,0,1,8,13,0,0
empire1,0x176403000,1,6,最终输出/UI,ScratchBuffer0_1,35E744FC2162B835,48AF95639F3762C4,42,30,0,28,1,0,12,36,0,0,43,32,24,4,0,4,8,5,0,0
empire1,0x1743f4c00,1,6,Bloom,ScratchBuffer0_1,87892EA381D07BFD,A1A7F78082E9C6A7,57,40,0,38,1,0,12,38,0,0,38,25,3,22,0,4,12,6,0,0
empire1,0x17426f000,1,174,Game_SCENE_COLOR_MAP_NAME,,A488685C8F1BA0B8,D309BA442F33E25F,114,92,23,58,1,1,16,67,0,2,27,16,14,2,0,1,8,5,0,0
empire1,0x17426d800,1,2412,Game_SCENE_COLOR_MAP_NAME,,9774F775C75AFF58,41D9BA21D7508E63,48,38,0,36,1,0,12,42,0,0,23,12,10,0,0,1,4,6,0,0
empire1,0x17b2f7000,11,156,最终输出/UI,ScratchBuffer0_1,2EB35058C7F2CB6C,36230B57011F2EC6,72,58,7,43,1,0,12,45,0,0,22,12,12,0,0,1,8,4,0,0
empire1,0x1764b6400,13,180,最终输出/UI,,37D7280164AA460A,33EDB6F482810399,134,118,6,102,1,0,20,80,0,0,17,7,7,0,0,2,4,5,0,0
empire1,0x16b553000,1,5931,阴影,M_CN_VIPSHIP_A4_LD03_A,B5B6D85014F58E9A,D1B904E519407191,88,69,2,52,9,3,32,34,0,0,2,0,0,0,0,0,4,0,0,0
empire1,0x1740ac000,17,89682,阴影,M_BH_GAIUS_LD02_A;M_BH_JOA_LD02_A;M_BH_ODA_LD02_A;M_BM_H_BODY_L1_LD02_A;M_BN_CN_FAT1_LD02_A;M_BN_CN_FAT1_O_LD02_A;M_BN_CN_FFARMER1_O_LD02_A;M_BN_CN_MFARMER1_LD02_A;M_BN_CN_MFARMER1_O_LD02_A;M_BN_CN_THIN1_LD02_A;M_BN_FR_HAWKER1_LD02_A;M_BS_CN_ARCHR_L2_LD02_A;M_BS_CN_CHANG_L2_LD02_A;M_BS_CN_PALDN_L2_H_LD02_A;M_BS_CN_PALDN_L2_LD02_A;M_BS_CN_PALDN_L3_LD02_A;M_BS_CN_PKEMN_L2_LD02_A,B5B6D85014F58E9A,D1B904E519407191,88,69,2,52,9,3,32,34,0,0,2,0,0,0,0,0,4,0,0,0
empire1,0x16b551800,1,4122,阴影,M_BA_HORSE1_LD02_A,1B40A8F37A170B65,D1B904E519407191,150,112,14,49,11,8,24,42,0,5,2,0,0,0,0,0,4,0,0,0
empire1,0x16b552400,5,32043,阴影,M_BChnC_01_LOD2_A;M_CN_CENTER_A3_O_LD00_A;M_CN_PROPS04_A4_LD02_A;M_FR_WHARF_A4_LD02_A;M_shuiche_A,B5B6D85014F58E9A,D1B904E519407191,88,69,2,52,9,3,32,34,0,0,2,0,0,0,0,0,4,0,0,0
empire2,0x171350000,3,51840,Game_SCENE_COLOR_MAP_NAME,SM_Water_Plane_LOD2,278FCB7A4626D051,665FA03EBF2921A1,260,214,39,153,5,0,36,87,0,0,732,677,254,356,1,13,48,171,0,3
empire2,0x17134a400,1,147,Game_SCENE_COLOR_MAP_NAME,SM_LENGSHAN_01,F5D13132E7F44A41,11385535CDA8BFA3,271,227,44,171,5,2,40,110,0,1,653,599,302,227,1,11,32,152,0,8
empire2,0x17b3a8000,1,630,Game_SCENE_COLOR_MAP_NAME,SM_MOUNTAINTREE_01,F5D13132E7F44A41,11385535CDA8BFA3,271,227,44,171,5,2,40,110,0,1,653,599,302,227,1,11,32,152,0,8
empire2,0x17b3a8c00,5,8244,Game_SCENE_COLOR_MAP_NAME,SM_TALLTREE_01_LOD01;SM_TALLTREE_02_LOD01;SM_WORLDLEAFTREE_01_LOD01;SM_WORLDLEAFTREE_02_LOD01;SM_Zhenye03_LOD1,E633F210C5A48E31,3763AC95B0BD53FA,277,234,44,177,5,2,40,113,0,1,650,597,302,225,1,10,32,153,0,8
empire2,0x17b3a9800,3,63954,Game_SCENE_COLOR_MAP_NAME,SM_MOUNTAINTREE_02;SM_WORLDBUSH_01;SM_WORLDLEAFTREE_03_LOD01,E633F210C5A48E31,3763AC95B0BD53FA,277,234,44,177,5,2,40,113,0,1,650,597,302,225,1,10,32,153,0,8
empire2,0x17b298c00,1,279,Game_SCENE_COLOR_MAP_NAME,SM_WORLDLEAFTREE_03_LOD01,7899A635D90D2E9,3763AC95B0BD53FA,312,265,46,198,6,4,44,127,0,1,650,597,302,225,1,10,32,153,0,8
empire2,0x17b277000,1,936,Game_SCENE_COLOR_MAP_NAME,SM_WORLDLEAFTREE_02_LOD01,61B6956E2898C227,89C52512CBAD6D,306,258,46,192,6,4,44,124,0,1,634,581,288,224,1,10,32,151,0,8
empire2,0x171349800,1,2016,Game_SCENE_COLOR_MAP_NAME,SM_WRE_NC_FRAMLAND_B_V2_L01_LOD03,F5D13132E7F44A41,89C52512CBAD6D,271,227,44,171,5,2,40,110,0,1,634,581,288,224,1,10,32,151,0,8
empire2,0x17b1c1800,1,6,Game_SCENE_COLOR_MAP_NAME,SM_LavaDecal_01_LOD0,61348F89D3309B2A,7039C9670E864F63,283,238,48,170,7,2,36,115,0,1,611,564,282,231,5,12,44,172,0,6
empire2,0x17b238000,2,3435,Game_SCENE_COLOR_MAP_NAME,M_BA_HORSE1_LD02_A,30DC02723A6AFF2F,ACFE2168C54BAD9C,346,280,57,169,12,8,36,106,0,6,597,549,273,219,10,10,44,150,0,6
empire2,0x17b20e400,3,3546,Game_SCENE_COLOR_MAP_NAME,M_BS_CN_PALDN_L3_H_LD02_A;M_BS_CN_PALDN_L3_LD02_A;M_BS_CN_PKEMN_L3_LD02_A,CD61BFF2AB5FDFE5,3EFBC51F256CC4C6,472,414,50,306,17,6,48,97,0,2,579,534,282,198,10,9,48,136,0,4
empire2,0x171348c00,1,756,Game_SCENE_COLOR_MAP_NAME,SM_WRE_NC_WOOD_L01_LOD03,1E7EF532F18FDDAF,B92355BC99986829,247,204,41,151,6,0,40,90,0,1,571,521,261,212,5,11,44,150,0,6
empire2,0x171322400,1,387,Game_SCENE_COLOR_MAP_NAME,SM_WRE_NC_GOLDA_L01_LOD03,1E7EF532F18FDDAF,11B7E8526834AE51,247,204,41,151,6,0,40,90,0,1,560,510,254,206,5,11,40,151,0,6
empire2,0x17b34c000,2,8343,Game_SCENE_COLOR_MAP_NAME,SM_CN_BLACKSMITH01_A4_LOD03;SM_CN_HEROSHRINE02_A3_LOD03,E76E1AAEEE0FE6B3,3CAB235BF378FDC9,261,214,41,161,6,0,40,108,0,1,555,507,228,228,5,10,40,158,0,6
empire2,0x17b384000,1,1512,Game_SCENE_COLOR_MAP_NAME,SM_CN_HEROSHRINE19_A4_LOD03,E76E1AAEEE0FE6B3,3CAB235BF378FDC9,264,218,45,161,6,0,36,112,0,1,555,507,228,228,5,10,40,158,0,6
empire2,0x17b32f000,33,171282,Game_SCENE_COLOR_MAP_NAME,SM_CN_CASTLE02_A4_LOD03;SM_CN_CASTLE03_A4_LOD03;SM_CN_CASTLE05_A4_LOD03;SM_CN_CASTLE06_A4_LOD03;SM_CN_CASTLE12_A3_LOD03;SM_CN_CASTLE_A4_LOD03;SM_CN_CENTERPORPS01_A3_LOD00;SM_CN_CENTER_A4_LOD03;SM_CN_DRILLG_A4_LOD03;SM_CN_HALLOFWAR_A4_LOD03;SM_CN_HEROSHRINE01BASE_A2_LOD03;SM_CN_HEROSHRINE01BASE_A4_LOD03;SM_CN_HEROSHRINE01_A4_LOD03;SM_CN_HEROSHRINE02_A4_LOD03;SM_CN_HEROSHRINE03_A4_LOD03;SM_CN_HEROSHRINE04_A4_LOD03;SM_CN_HEROSHRINE05_A4_LOD03;SM_CN_HEROSHRINE06_A4_LOD03;SM_CN_HEROSHRINE07_A4_LOD03;SM_CN_HEROSHRINE08_A4_LOD03;SM_CN_HEROSHRINE09_A4_LOD03;SM_CN_HEROSHRINE10_A4_LOD03;SM_CN_HEROSHRINE11_A4_LOD03;SM_CN_HEROSHRINE12_A4_LOD03;SM_CN_HEROSHRINE14_A3_LOD03;SM_CN_HEROSHRINE14_A4_LOD03;SM_CN_HEROSHRINE15_A4_LOD03;SM_CN_HEROSHRINE16_A4_LOD03;SM_CN_HEROSHRINE17_A4_LOD03;SM_CN_SCHOOL_A4_LOD03;SM_CN_STABLE01_A4_LOD03;SM_CN_STABLE_A4_LOD03,E76E1AAEEE0FE6B3,3CAB235BF378FDC9,259,213,42,159,6,0,36,108,0,1,555,507,228,228,5,10,40,158,0,6
empire2,0x171323000,3,54405,Game_SCENE_COLOR_MAP_NAME,SM_WRE_BG_GOLD_L02_LOD02;SM_WRE_BG_GOLD_L04_LOD02;SM_WRE_NC_GOLDA_L04_LOD01,9C1452166BD01029,537455CC7BB49C49,247,204,41,151,6,0,40,96,0,1,548,501,247,204,5,10,40,154,0,6
empire2,0x17b36cc00,24,242238,Game_SCENE_COLOR_MAP_NAME,SM_CN_GARDEN_A2_LOD03;SM_CN_GARDEN_A4_LOD03;SM_CN_GOLDMINE_A4_LOD03;SM_CN_MTPROPS_A4_LOD03;SM_CN_PROPS13_A3_LOD03;SM_CN_PROPS14_A3_LOD03;SM_CN_PROPS15_A3_LOD03;SM_CN_PROPS16_A3_LOD03;SM_CN_PROPS17_A3_LOD03;SM_CN_QIJI01_A3_LOD03;SM_CN_QIJI02_A3_LOD03;SM_CN_SCHPROPS_A4_LOD03;SM_CN_WALL01_A4_LOD03;SM_CN_WALL02_A4_LOD03;SM_CN_WALL03_A4_LOD03;SM_CN_WALL04_A4_LOD03;SM_CN_WALL05_A4_LOD02;SM_CN_WALL06_A4_LOD03;SM_CN_WALL08_A4_LOD03;SM_CN_WALL09_A4_LOD03;SM_CN_WALL10_A4_LOD03;SM_CN_WALL11_A4_LOD03;SM_WRE_NC_GOLDA_L05_LOD02,9C1452166BD01029,537455CC7BB49C49,245,203,42,149,6,0,36,96,0,1,548,501,247,204,5,10,40,154,0,6
empire2,0x17b386400,1,12504,Game_SCENE_COLOR_MAP_NAME,M_CN_CENTER_A3_O_LD00_A,99EF5128A8DD78BE,DC296B865FA66B4C,416,361,57,268,10,6,48,94,0,2,547,501,247,204,5,10,36,148,0,6
empire2,0x17b18a400,1,78,Game_SCENE_COLOR_MAP_NAME,SM_StonemineA_G,9C1452166BD01029,75B0E8BB7D998BB6,248,207,46,149,6,0,36,100,0,1,546,502,251,203,5,10,36,155,0,6
empire2,0x171320c00,1,1764,Game_SCENE_COLOR_MAP_NAME,SM_WRE_NC_FRAMLAND_A_V2_GROUND_LOD03,9C1452166BD01029,75B0E8BB7D998BB6,250,208,45,151,6,0,36,100,0,1,546,502,251,203,5,10,36,155,0,6
empire2,0x17c010c00,4,1569,Game_SCENE_COLOR_MAP_NAME,SM_COCWater_03;SM_CityWater_China_YZ_03;SM_CityWater_China_YZ_04;SM_CityWater_China_YZ_05,24B4211C998DA423,13EBDB9A014E1EC2,269,219,41,167,5,0,40,114,0,1,521,467,158,265,1,15,40,163,0,5
empire2,0x17c011800,1,1032,Game_SCENE_COLOR_MAP_NAME,SM_CityWater_China_YZ_02,24B4211C998DA423,13EBDB9A014E1EC2,270,222,46,165,5,0,36,118,0,1,521,467,158,265,1,15,40,163,0,5
empire2,0x171350c00,1,102,Game_SCENE_COLOR_MAP_NAME,SM_CityWater_08,24B4211C998DA423,13EBDB9A014E1EC2,267,218,42,165,5,0,36,114,0,1,521,467,158,265,1,15,40,163,0,5
empire2,0x17e01a400,1,3690,Game_SCENE_COLOR_MAP_NAME,SM_ChinaCityTree_03_LOD1,E0A8D0BC44A2BF3B,3B4BA408BF949A09,310,266,52,200,5,2,36,113,0,2,499,445,206,191,1,11,24,143,0,8
empire2,0x17e019800,17,97716,Game_SCENE_COLOR_MAP_NAME,SM_Grass10;SM_Grass16;SM_GrassReed_01,E0A8D0BC44A2BF3B,3B4BA408BF949A09,312,267,51,202,5,2,40,113,0,2,499,445,206,191,1,11,24,143,0,8
empire2,0x17b29b000,1,6240,Game_SCENE_COLOR_MAP_NAME,SM_PVEO_DEADTREE07_L0_LOD01,A5471301C9A914FE,90DD8BBE11E20C25,296,254,48,191,5,0,40,100,0,2,494,444,207,189,1,10,24,140,0,8
empire2,0x17b29a400,1,7290,Game_SCENE_COLOR_MAP_NAME,SM_CityLotus_CN_01_LOD01,E31D63387007CEC0,90DD8BBE11E20C25,392,350,56,262,5,0,44,125,0,2,494,444,207,189,1,10,24,140,0,8
empire2,0x17b3aa400,1,7392,Game_SCENE_COLOR_MAP_NAME,SM_ChinaCityTree_02,E31D63387007CEC0,90DD8BBE11E20C25,390,349,57,260,5,0,44,125,0,2,494,444,207,189,1,10,24,140,0,8
empire2,0x17b2ec000,5,23712,Game_SCENE_COLOR_MAP_NAME,SM_CityDeadTree_05;SM_CityDeadTree_06;SM_GUANMU_01;SM_GUANMU_04,A5471301C9A914FE,90DD8BBE11E20C25,295,255,51,189,5,0,40,104,0,2,494,444,207,189,1,10,24,140,0,8
empire2,0x17b245800,8,118566,Game_SCENE_COLOR_MAP_NAME,LOD0SG11;SM_GrasslandCircular_B_LOD0,E0A8D0BC44A2BF3B,B5938A74A6D4BC6,310,266,52,200,5,2,36,113,0,2,491,437,200,190,1,11,24,143,0,8
empire2,0x17b3ed800,2,114,Game_SCENE_COLOR_MAP_NAME,SM_CN_GARDEN_WATER_A2_LOD00;SM_CN_GARDEN_WATER_A4_LOD00,24B4211C998DA423,8A841B7474DF6D4E,267,218,42,165,5,0,36,114,0,1,489,437,140,255,1,14,44,157,0,5
empire2,0x17b3ecc00,1,12,Game_SCENE_COLOR_MAP_NAME,SM_CN_SCHOOL_WATER_A4_LOD00,24B4211C998DA423,8A841B7474DF6D4E,270,222,46,165,5,0,36,118,0,1,489,437,140,255,1,14,44,157,0,5
empire2,0x17b2ee400,1,11508,Game_SCENE_COLOR_MAP_NAME,SM_Grass_01,4419AD67EC5DFFAF,98BC6F212AB2AB07,386,343,56,256,5,0,40,122,0,2,477,428,193,188,1,10,24,138,0,8
empire2,0x17b239800,1,1872,Game_SCENE_COLOR_MAP_NAME,SM_ByzantineCityTree03_LOD1,4419AD67EC5DFFAF,98BC6F212AB2AB07,385,344,60,253,5,0,40,126,0,2,477,428,193,188,1,10,24,138,0,8
empire2,0x17b247000,1,1827,Game_SCENE_COLOR_MAP_NAME,SM_WRE_NC_ROCKA_L01_LOD03,1F05412574446FA1,6540E2867800AF53,283,243,50,179,6,0,36,97,0,2,472,425,195,186,5,10,36,139,0,6
empire2,0x17b3c9800,1,228,Game_SCENE_COLOR_MAP_NAME,SM_MountHuangB_03_LOD3,FC5D17909A869C1A,3E7759CA7E3AA058,283,243,50,179,6,0,36,103,0,2,462,419,190,184,5,10,28,143,0,6
empire2,0x17b275800,2,6546,Game_SCENE_COLOR_MAP_NAME,SM_WRE_BG_ROCK01_L04_LOD03;SM_WRE_BG_ROCK02_L04_LOD03,1F05412574446FA1,D42C9EF079F78D62,288,244,48,182,6,0,36,93,0,2,460,413,187,180,5,10,32,141,0,6
empire2,0x17b274c00,2,13752,Game_SCENE_COLOR_MAP_NAME,SM_StonemineB_Lv2_LOD2;SM_WRE_NC_ROCKA_L05_LOD02,1F05412574446FA1,D42C9EF079F78D62,289,246,50,182,6,0,36,97,0,2,460,413,187,180,5,10,32,141,0,6
empire2,0x17b32d800,14,33708,Game_SCENE_COLOR_MAP_NAME,SM_FlagChinaEmpires_003_MorphUV2_MorphExport;SM_FlagChinaEmpires_004_MorphUV2_MorphExport;SM_FlagChinaFeudal_003_MorphUV2_MorphExport;SM_FlagChinaFeudal_005_MorphUV2_MorphExport;SM_FlagChinaFeudal_006_MorphUV2_MorphExport;SM_FlagChinaFeudal_012_MorphUV2_MorphExport;SM_FlagChinaFeudal_014_MorphUV2_MorphExport;SM_FlagChinaFeudal_015_MorphUV2_MorphExport;SM_FlagChinaFeudal_016_MorphUV2_MorphExport;SM_FlagChinaFeudal_017_MorphUV2_MorphExport;SM_FlagChinaFeudal_018_MorphUV2_MorphExport;SM_HallOfWarChinaCastle_Flag001_MorphUV2_MorphExport;SM_StableChinaCastle_Flag001_MorphUV2_MorphExport,C5A23A39586A6494,CAE3F95F0F0257F7,319,276,49,211,6,2,40,108,0,2,454,410,182,184,5,9,32,140,0,6
empire2,0x17b36f000,1,1200,Game_SCENE_COLOR_MAP_NAME,SM_Props10_b001_MorphUV2_MorphExport,C5A23A39586A6494,CAE3F95F0F0257F7,320,278,51,211,6,2,36,112,0,2,454,410,182,184,5,9,32,140,0,6
empire2,0x17b2ed800,2,60990,Game_SCENE_COLOR_MAP_NAME,SM_Flowers01;SM_Flowers02,DC308D1AF7BF025C,735A994C4DBEB7A0,284,242,49,180,5,0,36,97,0,2,452,407,192,170,1,8,24,128,0,7
empire2,0x17b20cc00,4,1149,Game_SCENE_COLOR_MAP_NAME,T2_EditableRoad_meshes,534E3B771762AC50,F00E73816488008D,273,234,44,176,6,0,36,101,0,1,452,409,186,179,5,10,28,144,0,6
empire2,0x17e01b000,2,47256,Game_SCENE_COLOR_MAP_NAME,SM_Grass17_B_02,ECF84F140BD2A332,735A994C4DBEB7A0,312,267,51,202,5,2,40,112,0,2,452,407,192,170,1,8,24,128,0,7
empire2,0x17b20c000,1,600,Game_SCENE_COLOR_MAP_NAME,SM_LavaDecal_03,534E3B771762AC50,F00E73816488008D,274,236,46,176,6,0,36,105,0,1,452,409,186,179,5,10,28,144,0,6
empire2,0x171353000,3,34104,Game_SCENE_COLOR_MAP_NAME,SM_XIAOHUA05;SM_XIAOHUA06;SM_XIAOHUA07,ECF84F140BD2A332,735A994C4DBEB7A0,309,265,54,197,5,2,36,116,0,2,452,407,192,170,1,8,24,128,0,7
empire2,0x17b244000,9,258009,Game_SCENE_COLOR_MAP_NAME,SM_CN_LUMBER_A4_LOD03;SM_FlagFranceFeudal_01;SM_MountHuangA_01_City_LOD3;SM_MountHuangA_02_City_LOD3;SM_MountHuangB_02_City_LOD3;SM_MountHuangB_03_LOD3;SM_Rock_13;SM_Rock_15;SM_pebbles_group_01,FC5D17909A869C1A,FDA8C747A5187008,289,246,50,182,6,0,36,103,0,2,450,404,180,178,5,9,28,143,0,6
empire2,0x17b23b000,43,137904,Game_SCENE_COLOR_MAP_NAME,SM_CN_PROPS01_A4_LOD03;SM_CN_PROPS02_A3_LOD03;SM_CN_PROPS03_A3_LOD03;SM_CN_PROPS04_A3_LOD03;SM_CN_PROPS05_A3_LOD03;SM_CN_TENT01_A4_LOD03;SM_CN_TENT02_A4_LOD03;SM_FR_MTPROPS06_A0_LOD02;SM_FR_MTPROPS07_A0_LOD02;SM_FR_MTPROPS11_A3_LOD02;SM_FR_MTPROPS12_A3_LOD02;SM_FR_ROADF06_A4_LOD00;SM_FR_WHARF02B_A4_LOD00;SM_FR_WHARF02_A4_LOD03;SM_FR_WHARF03_A4_LOD03;SM_FR_WHARF04_A4_LOD03;SM_FR_WHARF05_A4_LOD03;SM_FR_WHARF06_A4_LOD03;SM_FR_WHARF07_A4_LOD03;SM_NC_CITYROAD01_A0_LOD01;SM_NC_CITYROAD02_A0_LOD01;SM_NC_PROPS01_A3_LOD02;SM_NC_PROPS02A_A0_LOD02;SM_NC_PROPS02_A3_LOD02;SM_NC_PROPS03_A3_LOD02;SM_NC_PROPS04_A0_LOD02;SM_NC_PROPS05_A3_LOD02;SM_NC_PROPS06_A3_LOD01;SM_NC_PROPS07_A3_LOD02;SM_NC_PROPS10B_A0_LOD02;SM_NC_PROPS11A_A0_LOD02;SM_NC_PROPS11B_A0_LOD02;SM_NC_PROPS11C_A0_LOD02;SM_NC_PROPS11D_A0_LOD02;SM_NC_PROPSGROUP01_A0_LOD02;SM_NC_PROPSGROUP03A_A0_LOD02;SM_NC_PROPSGROUP03B_A0_LOD02;SM_NC_PROPSGROUP05A_A0_LOD02;SM_NC_PROPSGROUP05B_A0_LOD02;SM_PropsScaffold_LOD2,FC5D17909A869C1A,FDA8C747A5187008,287,245,51,180,6,0,36,103,0,2,450,404,180,178,5,9,28,143,0,6
empire2,0x17b36e400,3,5358,Game_SCENE_COLOR_MAP_NAME,SM_FR_BARRACKTARGET_A3_LOD01;SM_NC_WHARF01_A2_LOD03;SM_NC_WHARF02_A2_LOD03,3CEB06A14A77D67F,FDA8C747A5187008,280,239,46,179,6,0,36,105,0,1,450,404,180,178,5,9,28,143,0,6
empire2,0x17b32c000,21,74199,Game_SCENE_COLOR_MAP_NAME,SM_CN_BRIDGE01_A2_LOD03;SM_CN_BRIDGE01_A4_LOD03;SM_CN_BRIDGE02_A4_LOD03;SM_CN_BRIDGE03_A2_LOD03;SM_CN_BRIDGE03_A4_LOD03;SM_CN_BRIDGE04_A4_LOD03;SM_CN_DOCK_A4_LOD03;SM_CN_IRONMINE_A4_LOD03;SM_CN_MILL_A4_LOD03;SM_CN_MTPROPS01_A3_LOD03;SM_CN_MTPROPS02_A4_LOD03;SM_CN_PROPS03_A4_LOD02;SM_CN_PROPS06_A3_LOD03;SM_CN_PROPS08_A3_LOD03;SM_CN_PROPS09_A3_LOD03;SM_CN_PROPS10_A3_LOD03;SM_CN_PROPS11_A3_LOD03;SM_CN_PROPS12_A3_LOD03;SM_FR_WHARF08_A4_LOD02;SM_NC_PROPS04_A3_LOD02;SM_NC_PROPS05B_A0_LOD02,FC5D17909A869C1A,FDA8C747A5187008,286,243,49,180,6,0,36,99,0,2,450,404,180,178,5,9,28,143,0,6
empire2,0x17b2ef000,10,52734,Game_SCENE_COLOR_MAP_NAME,SM_CN_ARCHERYTARGET_A3_LOD01;SM_CN_HOUSE01_A4_LOD03;SM_CN_HOUSE02_A4_LOD03;SM_CN_MARKET_A4_LOD03;SM_CN_WALL01_A3_LOD03;SM_CN_WALL03_A3_LOD03;SM_CN_WALL06_A3_LOD03;SM_CN_WALL10_A2_LOD03;SM_CN_WEAPONRACK02_A3_LOD01;SM_CN_WEAPONRACK_A3_LOD01,3CEB06A14A77D67F,FDA8C747A5187008,279,237,44,179,6,0,36,101,0,1,450,404,180,178,5,9,28,143,0,6
empire2,0x17b36d800,2,15069,Game_SCENE_COLOR_MAP_NAME,M_BChnC_01_LOD2_A;M_CN_PROPS04_A4_LD02_A,AB6A7887745B5B4,29ECCBB5F84ABC85,534,475,71,339,18,6,48,115,0,3,449,404,180,178,5,9,28,141,0,6
empire2,0x17b34f000,4,13857,Game_SCENE_COLOR_MAP_NAME,M_CN_LUMBERLOG_A4_LD03_A;M_CN_MILL_A4_O1_LD02_A;M_CN_VIPSHIP_A2_LD03_A;M_FR_WHARF_A4_LD02_A,37291EC15CECC475,21820F54954DE970,457,401,64,299,10,6,48,97,0,3,449,404,180,178,5,9,28,137,0,6
empire2,0x17b34d800,1,1032,Game_SCENE_COLOR_MAP_NAME,M_CN_MILL_A4_O2_LD02_A,AB6A7887745B5B4,29ECCBB5F84ABC85,536,476,70,341,18,6,52,115,0,3,449,404,180,178,5,9,28,141,0,6
empire2,0x17b384c00,1,5931,Game_SCENE_COLOR_MAP_NAME,M_CN_VIPSHIP_A4_LD03_A,37291EC15CECC475,21820F54954DE970,457,401,64,299,10,6,48,97,0,3,449,404,180,178,5,9,28,137,0,6
empire2,0x171320000,1,36,Game_SCENE_COLOR_MAP_NAME,SM_AdventureVillageG_LOD1,FC5D17909A869C1A,C7563D42F46C078C,283,243,50,179,6,0,36,103,0,2,448,406,185,177,5,9,28,142,0,6
empire2,0x17b1c2400,1,24,Game_SCENE_COLOR_MAP_NAME,SM_LavaDecal_01_LOD0,69A910513AF15D,797332E8F0D8DD4E,351,307,54,229,7,4,44,127,0,2,446,405,184,177,5,9,28,142,0,6
empire2,0x17b1c0000,10,96,Game_SCENE_COLOR_MAP_NAME,SM_LavaDecal_01_LOD0,97C2DE9615BCB3FD,797332E8F0D8DD4E,344,301,49,228,7,4,44,129,0,1,446,405,184,177,5,9,28,142,0,6
empire2,0x17b3c8000,1,600,Game_SCENE_COLOR_MAP_NAME,Plane,9C1452166BD01029,5BD7ADC28BED71D0,257,215,45,158,6,0,40,100,0,1,435,391,170,177,5,9,28,141,0,6
empire2,0x17b02b000,1,118017,Game_SCENE_COLOR_MAP_NAME,TRN_CN_YZ,DFE0F5CD7D6882E2,9023C3FAB0141D27,177,154,39,111,1,0,20,99,0,1,432,389,128,219,1,11,28,127,0,6
empire2,0x17c10b000,1,6,Bloom,ScratchBuffer0_3,E2D1B6F77DE47514,A9FC0B13C9C056C3,45,34,0,32,1,0,12,36,0,0,363,340,87,247,0,16,60,13,0,0
empire2,0x17b3cb000,2,378,Game_SCENE_COLOR_MAP_NAME,SM_CN_MILLWater01_A4;SM_CN_MILLWater02_A4,112FEB9B48CDF289,600AB73F661FDE98,259,217,42,164,5,0,36,114,0,1,221,189,70,105,0,6,28,68,0,2
empire2,0x17c07cc00,1,6,Game_SCENE_COLOR_MAP_NAME,ScratchBuffer0_3,B70C9B8C3CB291A8,1413EF1EEFFFD4F8,72,48,0,46,1,0,8,49,0,0,168,145,14,118,0,4,16,69,0,0
empire2,0x17c109800,1,24,Game_SCENE_COLOR_MAP_NAME,ScratchBuffer0_3,B70C9B8C3CB291A8,559B5AD3FC2AA6C3,58,38,0,36,1,0,12,36,0,0,165,147,48,78,0,4,16,67,0,1
empire2,0x171352400,1,216,Game_SCENE_COLOR_MAP_NAME,ScratchBuffer0_3,B70C9B8C3CB291A8,81CAFF7A2CFB6A7C,72,48,0,46,1,0,8,49,0,0,139,117,10,94,0,3,12,54,0,0
empire2,0x17c108000,1,576,Game_SCENE_COLOR_MAP_NAME,ScratchBuffer0_3,B70C9B8C3CB291A8,EF49B877F4748DC5,58,38,0,36,1,0,12,36,0,0,128,111,12,87,0,3,12,52,0,0
empire2,0x17c0c4c00,2,144,Game_SCENE_COLOR_MAP_NAME,ScratchBuffer0_3,7165489D9CC05C9D,28AB1DF27C3B3F8C,72,48,0,46,1,0,8,49,0,0,125,109,9,89,0,3,12,47,0,0
empire2,0x17c062400,15,30000,Game_SCENE_COLOR_MAP_NAME,Plane002;Plane003;Pubu02;SM_FX_City_CN_WaterFall_Combine01;SM_FX_City_CN_WaterFall_Combine02;SM_FX_City_CN_WaterFall_Combine03,16AA5853F5F3E209,4C1D15EA3966A13,69,46,2,36,6,0,24,32,0,0,124,103,11,79,1,3,12,51,0,0
empire2,0x17c060c00,7,42,Game_SCENE_COLOR_MAP_NAME,ScratchBuffer0_3,B70C9B8C3CB291A8,D8A2333527888AEA,58,38,0,36,1,0,12,36,0,0,119,101,10,79,0,3,12,46,0,0
empire2,0x17c063000,4,1584,Game_SCENE_COLOR_MAP_NAME,ScratchBuffer0_3,B70C9B8C3CB291A8,D8A2333527888AEA,58,38,0,36,1,0,12,36,0,0,119,101,10,79,0,3,12,46,0,0
empire2,0x17c07f000,1,1920,Game_SCENE_COLOR_MAP_NAME,Plane003,16AA5853F5F3E209,9D724AFF578D9744,69,46,2,36,6,0,24,32,0,0,108,89,9,67,1,2,12,42,0,0
empire2,0x17c030c00,2,12,Game_SCENE_COLOR_MAP_NAME,ScratchBuffer0_3,B70C9B8C3CB291A8,A823E8B0C4DC2A2E,58,38,0,36,1,0,12,36,0,0,103,87,8,67,0,2,12,37,0,0
empire2,0x17c07d800,4,24,Game_SCENE_COLOR_MAP_NAME,ScratchBuffer0_3,B70C9B8C3CB291A8,A823E8B0C4DC2A2E,58,38,0,36,1,0,12,36,0,0,103,87,8,67,0,2,12,37,0,0
empire2,0x14387c000,16,8190,最终输出/UI,,FF75455F6679637C,204082A3AA1BC90A,226,194,13,146,1,0,28,95,0,2,94,66,43,19,0,4,12,14,0,3
empire2,0x14296c000,1,2160,最终输出/UI,,FF75455F6679637C,204082A3AA1BC90A,224,194,13,146,1,0,24,95,0,2,94,66,43,19,0,4,12,14,0,3
empire2,0x17c0c6400,1,1272,Game_SCENE_COLOR_MAP_NAME,ScratchBuffer0_3,7165489D9CC05C9D,B5C0778AABCA22B2,72,48,0,46,1,0,8,49,0,0,93,78,9,60,0,2,12,30,0,0
empire2,0x17c013000,24,504,Game_SCENE_COLOR_MAP_NAME,ScratchBuffer0_3,B70C9B8C3CB291A8,313951F9DAEAB9DE,72,48,0,46,1,0,8,49,0,0,93,74,12,51,0,1,12,32,0,0
empire2,0x17c124c00,4,24,Bloom,ScratchBuffer0_3,B0DCE88977007BE3,EC1CD231E73733A3,104,62,0,60,1,0,20,66,0,0,90,54,6,48,0,15,48,3,0,0
empire2,0x17c126400,3,18,Bloom,ScratchBuffer0_3,A3B4DDAA3ED2AE38,70C4E390B5467EB4,104,62,0,60,1,0,20,54,0,0,86,48,0,48,0,16,48,8,0,0
empire2,0x17c0a4c00,4,102,Game_SCENE_COLOR_MAP_NAME,ScratchBuffer0_3,B70C9B8C3CB291A8,12E0E4D166FFC495,58,38,0,36,1,0,12,36,0,0,86,69,13,46,0,2,8,32,0,0
empire2,0x17e00a400,2,12,最终输出/UI,Quad,16AA5853F5F3E209,D0854CE3F6003FFD,67,45,2,36,5,0,24,31,0,0,77,63,13,44,0,3,8,33,0,0
empire2,0x17c14d800,1,6,最终输出/UI,ScratchBuffer0_3,35E744FC2162B835,B56E04AD50E89A8,42,30,0,28,1,0,12,36,0,0,74,61,29,21,0,4,8,12,0,0
empire2,0x17e008c00,1,66,最终输出/UI,ScratchBuffer0_3,4A50C017BC1680B1,55D6E02D88377CC7,101,74,0,72,1,0,16,60,0,0,70,55,8,41,0,3,12,22,0,0
empire2,0x17c033000,1,24,Game_SCENE_COLOR_MAP_NAME,ScratchBuffer0_3,B70C9B8C3CB291A8,DDF102376784B008,58,38,0,36,1,0,12,36,0,0,70,55,11,34,0,1,8,23,0,0
empire2,0x17c0a7000,1,210,Game_SCENE_COLOR_MAP_NAME,,B70C9B8C3CB291A8,DDF102376784B008,58,38,0,36,1,0,12,36,0,0,70,55,11,34,0,1,8,23,0,0
empire2,0x17c032400,43,1314,Game_SCENE_COLOR_MAP_NAME,ScratchBuffer0_3,B70C9B8C3CB291A8,DDF102376784B008,58,38,0,36,1,0,12,36,0,0,70,55,11,34,0,1,8,23,0,0
empire2,0x17e018000,1,6,最终输出/UI,Quad,16AA5853F5F3E209,46D23D7FFA994B60,67,45,2,36,5,0,24,31,0,0,60,48,11,31,0,2,8,23,0,0
empire2,0x17c14c000,1,6,Bloom,ScratchBuffer0_3,BD70604646654C22,EDEB96566F435129,70,53,0,51,1,0,12,51,0,0,56,35,32,2,0,8,16,6,0,0
empire2,0x17c0a6400,9,354,Game_SCENE_COLOR_MAP_NAME,ScratchBuffer0_3,B70C9B8C3CB291A8,D5988DA6CDB91FD3,72,48,0,46,1,0,8,49,0,0,48,33,17,9,0,1,8,15,0,0
empire2,0x14387f000,9,60,最终输出/UI,,FF75455F6679637C,204082A3AA1BC90A,226,194,13,146,1,0,28,95,0,2,47,25,19,2,0,4,4,13,0,3
empire2,0x17b188c00,1,2412,Game_SCENE_COLOR_MAP_NAME,,9774F775C75AFF58,41D9BA21D7508E63,48,38,0,36,1,0,12,42,0,0,23,12,10,0,0,1,4,6,0,0
empire2,0x17b00b000,2,3435,阴影,M_BA_HORSE1_LD02_A,5FEB678AF446310D,791277F879E1FBC9,153,108,14,45,11,8,20,45,0,5,22,14,5,6,2,0,8,11,0,0
empire2,0x17e08a400,1,6,最终输出/UI,ScratchBuffer0_3,2EB35058C7F2CB6C,36230B57011F2EC6,72,58,7,43,1,0,12,45,0,0,22,12,12,0,0,1,8,4,0,0
empire2,0x17b008c00,5,18615,阴影,M_BChnC_01_LOD2_A;M_BS_CN_PALDN_L3_H_LD02_A;M_BS_CN_PALDN_L3_LD02_A;M_BS_CN_PKEMN_L3_LD02_A;M_CN_PROPS04_A4_LD02_A,980E7674030BD3E2,791277F879E1FBC9,91,65,2,48,9,3,32,37,0,0,22,14,5,6,2,0,8,11,0,0
empire2,0x17b009800,1,1032,阴影,M_CN_MILL_A4_O2_LD02_A,980E7674030BD3E2,791277F879E1FBC9,91,65,2,48,9,3,32,37,0,0,22,14,5,6,2,0,8,11,0,0
empire2,0x17b00a400,5,26361,阴影,M_CN_CENTER_A3_O_LD00_A;M_CN_LUMBERLOG_A4_LD03_A;M_CN_MILL_A4_O1_LD02_A;M_CN_VIPSHIP_A2_LD03_A;M_FR_WHARF_A4_LD02_A,3EA5D56C463C3D2A,791277F879E1FBC9,91,65,2,48,9,3,32,35,0,0,22,14,5,6,2,0,8,11,0,0
empire2,0x17b028000,1,5931,阴影,M_CN_VIPSHIP_A4_LD03_A,3EA5D56C463C3D2A,791277F879E1FBC9,91,65,2,48,9,3,32,35,0,0,22,14,5,6,2,0,8,11,0,0
