mesh,empire1_draw,empire1_VS_source,empire1_FS_source,empire1_VS_instructions,empire1_VS_reads,empire1_VS_registers,empire1_VS_spill,empire1_VS_FP16,empire1_VS_FP32,empire1_FS_instructions,empire1_FS_reads,empire1_FS_registers,empire1_FS_spill,empire1_FS_FP16,empire1_FS_FP32,empire2_draw,empire2_VS_source,empire2_FS_source,empire2_VS_instructions,empire2_VS_reads,empire2_VS_registers,empire2_VS_spill,empire2_VS_FP16,empire2_VS_FP32,empire2_FS_instructions,empire2_FS_reads,empire2_FS_registers,empire2_FS_spill,empire2_FS_FP16,empire2_FS_FP32
LOD0SG11,46,2D0003307A2DDCE2,733A19A0DCE8699,396,4,44,0,86,225,254,8,24,0,134,62,248,E0A8D0BC44A2BF3B,B5938A74A6D4BC6,310,2,36,0,52,200,491,11,24,0,200,190
M_CN_CENTER_A3_O_LD00_A,159,9C4F5F26F60487BC,188D50A799517AAF,504,7,48,0,97,292,312,7,28,0,177,79,221,99EF5128A8DD78BE,DC296B865FA66B4C,416,6,48,0,57,268,547,10,36,0,247,204
M_CN_PROPS04_A4_LD02_A,97,FF8503E22E795756,2707632F1253D56F,538,7,48,0,99,322,213,6,24,0,112,50,113,AB6A7887745B5B4,29ECCBB5F84ABC85,534,6,48,0,71,339,449,9,28,0,180,178
Pubu02,281,72909EDA43C96810,BE9835242F6F26A,69,0,24,0,2,36,122,3,12,0,12,82,324,16AA5853F5F3E209,4C1D15EA3966A13,69,0,24,0,2,36,124,3,12,0,11,79
SM_CN_ARCHERYTARGET_A3_LOD01,108,E8383A36BFC8A08F,D2C560C2AD694FD5,368,1,40,0,84,203,213,6,24,0,112,50,143,3CEB06A14A77D67F,FDA8C747A5187008,279,0,36,0,44,179,450,9,28,0,180,178
SM_CN_CENTERPORPS01_A3_LOD00,103,518EE59035279A02,64FFE712E711D3D5,348,1,40,0,82,183,319,7,32,0,172,89,141,E76E1AAEEE0FE6B3,3CAB235BF378FDC9,259,0,36,0,42,159,555,10,40,0,228,228
SM_CN_PROPS01_A4_LOD03,110,CC7620EBED6C48DE,74B67F909E32C446,378,2,40,0,89,205,223,6,24,0,121,50,210,FC5D17909A869C1A,FDA8C747A5187008,287,0,36,0,51,180,450,9,28,0,180,178
SM_CN_PROPS02_A3_LOD03,158,CC7620EBED6C48DE,74B67F909E32C446,378,2,40,0,89,205,223,6,24,0,121,50,131,FC5D17909A869C1A,FDA8C747A5187008,287,0,36,0,51,180,450,9,28,0,180,178
SM_CN_PROPS03_A3_LOD03,157,CC7620EBED6C48DE,74B67F909E32C446,378,2,40,0,89,205,223,6,24,0,121,50,130,FC5D17909A869C1A,FDA8C747A5187008,287,0,36,0,51,180,450,9,28,0,180,178
SM_CN_PROPS03_A4_LOD02,98,CC7620EBED6C48DE,74B67F909E32C446,377,2,40,0,87,205,223,6,24,0,121,50,114,FC5D17909A869C1A,FDA8C747A5187008,286,0,36,0,49,180,450,9,28,0,180,178
SM_CN_PROPS04_A3_LOD03,155,CC7620EBED6C48DE,74B67F909E32C446,378,2,40,0,89,205,223,6,24,0,121,50,209,FC5D17909A869C1A,FDA8C747A5187008,287,0,36,0,51,180,450,9,28,0,180,178
SM_CN_PROPS05_A3_LOD03,156,CC7620EBED6C48DE,74B67F909E32C446,378,2,40,0,89,205,223,6,24,0,121,50,215,FC5D17909A869C1A,FDA8C747A5187008,287,0,36,0,51,180,450,9,28,0,180,178
SM_CN_PROPS06_A3_LOD03,162,CC7620EBED6C48DE,74B67F909E32C446,377,2,40,0,87,205,223,6,24,0,121,50,205,FC5D17909A869C1A,FDA8C747A5187008,286,0,36,0,49,180,450,9,28,0,180,178
SM_ChinaCityTree_02,44,4A0D8380ECEC865B,5F656BBB84FAD980,477,2,44,0,92,285,261,7,24,0,141,61,242,E31D63387007CEC0,90DD8BBE11E20C25,390,0,44,0,57,260,494,10,24,0,207,189
SM_ChinaCityTree_03_LOD1,45,2D0003307A2DDCE2,DC527BA668D83F94,396,4,44,0,86,225,262,8,20,0,140,63,274,E0A8D0BC44A2BF3B,3B4BA408BF949A09,310,2,36,0,52,200,499,11,24,0,206,191
SM_CityLotus_CN_01_LOD01,27,4A0D8380ECEC865B,5F656BBB84FAD980,479,2,48,0,91,287,261,7,24,0,141,61,71,E31D63387007CEC0,90DD8BBE11E20C25,392,0,44,0,56,262,494,10,24,0,207,189
SM_FR_BARRACKTARGET_A3_LOD01,102,E8383A36BFC8A08F,D2C560C2AD694FD5,369,1,40,0,86,203,213,6,24,0,112,50,140,3CEB06A14A77D67F,FDA8C747A5187008,280,0,36,0,46,179,450,9,28,0,180,178
SM_FR_WHARF02B_A4_LOD00,92,CC7620EBED6C48DE,74B67F909E32C446,378,2,40,0,89,205,223,6,24,0,121,50,115,FC5D17909A869C1A,FDA8C747A5187008,287,0,36,0,51,180,450,9,28,0,180,178
SM_FR_WHARF02_A4_LOD03,91,CC7620EBED6C48DE,74B67F909E32C446,378,2,40,0,89,205,223,6,24,0,121,50,116,FC5D17909A869C1A,FDA8C747A5187008,287,0,36,0,51,180,450,9,28,0,180,178
SM_FR_WHARF03_A4_LOD03,93,CC7620EBED6C48DE,74B67F909E32C446,378,2,40,0,89,205,223,6,24,0,121,50,118,FC5D17909A869C1A,FDA8C747A5187008,287,0,36,0,51,180,450,9,28,0,180,178
SM_FR_WHARF04_A4_LOD03,94,CC7620EBED6C48DE,74B67F909E32C446,378,2,40,0,89,205,223,6,24,0,121,50,117,FC5D17909A869C1A,FDA8C747A5187008,287,0,36,0,51,180,450,9,28,0,180,178
SM_FR_WHARF06_A4_LOD03,99,CC7620EBED6C48DE,74B67F909E32C446,378,2,40,0,89,205,223,6,24,0,121,50,128,FC5D17909A869C1A,FDA8C747A5187008,287,0,36,0,51,180,450,9,28,0,180,178
SM_FR_WHARF07_A4_LOD03,85,CC7620EBED6C48DE,74B67F909E32C446,378,2,40,0,89,205,223,6,24,0,121,50,124,FC5D17909A869C1A,FDA8C747A5187008,287,0,36,0,51,180,450,9,28,0,180,178
SM_FR_WHARF08_A4_LOD02,90,CC7620EBED6C48DE,74B67F909E32C446,377,2,40,0,87,205,223,6,24,0,121,50,127,FC5D17909A869C1A,FDA8C747A5187008,286,0,36,0,49,180,450,9,28,0,180,178
SM_FlagChinaEmpires_003_MorphUV2_MorphExport,71,6698D44D00A79B98,D184AC1F266B710B,401,3,40,0,84,234,185,6,24,0,86,52,101,C5A23A39586A6494,CAE3F95F0F0257F7,319,2,40,0,49,211,454,9,32,0,182,184
SM_FlagChinaEmpires_004_MorphUV2_MorphExport,73,6698D44D00A79B98,D184AC1F266B710B,401,3,40,0,84,234,185,6,24,0,86,52,102,C5A23A39586A6494,CAE3F95F0F0257F7,319,2,40,0,49,211,454,9,32,0,182,184
SM_FlagChinaFeudal_003_MorphUV2_MorphExport,115,6698D44D00A79B98,D184AC1F266B710B,401,3,40,0,84,234,185,6,24,0,86,52,166,C5A23A39586A6494,CAE3F95F0F0257F7,319,2,40,0,49,211,454,9,32,0,182,184
SM_FlagChinaFeudal_005_MorphUV2_MorphExport,75,6698D44D00A79B98,D184AC1F266B710B,401,3,40,0,84,234,185,6,24,0,86,52,82,C5A23A39586A6494,CAE3F95F0F0257F7,319,2,40,0,49,211,454,9,32,0,182,184
SM_FlagChinaFeudal_006_MorphUV2_MorphExport,136,6698D44D00A79B98,D184AC1F266B710B,401,3,40,0,84,234,185,6,24,0,86,52,107,C5A23A39586A6494,CAE3F95F0F0257F7,319,2,40,0,49,211,454,9,32,0,182,184
SM_FlagChinaFeudal_012_MorphUV2_MorphExport,76,6698D44D00A79B98,D184AC1F266B710B,401,3,40,0,84,234,185,6,24,0,86,52,83,C5A23A39586A6494,CAE3F95F0F0257F7,319,2,40,0,49,211,454,9,32,0,182,184
SM_FlagChinaFeudal_014_MorphUV2_MorphExport,114,6698D44D00A79B98,D184AC1F266B710B,401,3,40,0,84,234,185,6,24,0,86,52,111,C5A23A39586A6494,CAE3F95F0F0257F7,319,2,40,0,49,211,454,9,32,0,182,184
SM_FlagChinaFeudal_015_MorphUV2_MorphExport,125,6698D44D00A79B98,D184AC1F266B710B,401,3,40,0,84,234,185,6,24,0,86,52,160,C5A23A39586A6494,CAE3F95F0F0257F7,319,2,40,0,49,211,454,9,32,0,182,184
SM_FlagChinaFeudal_017_MorphUV2_MorphExport,119,6698D44D00A79B98,D184AC1F266B710B,401,3,40,0,84,234,185,6,24,0,86,52,161,C5A23A39586A6494,CAE3F95F0F0257F7,319,2,40,0,49,211,454,9,32,0,182,184
SM_FlagFranceFeudal_01,146,CC7620EBED6C48DE,74B67F909E32C446,380,2,40,0,88,207,223,6,24,0,121,50,106,FC5D17909A869C1A,FDA8C747A5187008,289,0,36,0,50,182,450,9,28,0,180,178
SM_Flowers01,148,80DF5FBA03B5F00C,D398500030572B2,375,2,40,0,87,205,222,5,20,0,125,44,243,DC308D1AF7BF025C,735A994C4DBEB7A0,284,0,36,0,49,180,452,8,24,0,192,170
SM_Flowers02,147,80DF5FBA03B5F00C,D398500030572B2,375,2,40,0,87,205,222,5,20,0,125,44,75,DC308D1AF7BF025C,735A994C4DBEB7A0,284,0,36,0,49,180,452,8,24,0,192,170
SM_Grass10,39,2D0003307A2DDCE2,DC527BA668D83F94,398,4,44,0,85,227,262,8,20,0,140,63,270,E0A8D0BC44A2BF3B,3B4BA408BF949A09,312,2,40,0,51,202,499,11,24,0,206,191
SM_Grass16,41,2D0003307A2DDCE2,DC527BA668D83F94,398,4,44,0,85,227,262,8,20,0,140,63,250,E0A8D0BC44A2BF3B,3B4BA408BF949A09,312,2,40,0,51,202,499,11,24,0,206,191
SM_Grass17_B_02,50,2D0003307A2DDCE2,D398500030572B2,398,4,44,0,85,227,222,5,20,0,125,44,276,ECF84F140BD2A332,735A994C4DBEB7A0,312,2,40,0,51,202,452,8,24,0,192,170
SM_GrassReed_01,43,2D0003307A2DDCE2,DC527BA668D83F94,398,4,44,0,85,227,262,8,20,0,140,63,267,E0A8D0BC44A2BF3B,3B4BA408BF949A09,312,2,40,0,51,202,499,11,24,0,206,191
SM_Grass_01,51,CC7620EBED6C48DE,B188F609D61C2EF3,377,2,40,0,86,207,244,7,20,0,127,60,76,4419AD67EC5DFFAF,98BC6F212AB2AB07,386,0,40,0,56,256,477,10,24,0,193,188
SM_GrasslandCircular_B_LOD0,49,2D0003307A2DDCE2,733A19A0DCE8699,396,4,44,0,86,225,254,8,24,0,134,62,48,E0A8D0BC44A2BF3B,B5938A74A6D4BC6,310,2,36,0,52,200,491,11,24,0,200,190
SM_HallOfWarChinaCastle_Flag001_MorphUV2_MorphExport,77,6698D44D00A79B98,D184AC1F266B710B,401,3,40,0,84,234,185,6,24,0,86,52,84,C5A23A39586A6494,CAE3F95F0F0257F7,319,2,40,0,49,211,454,9,32,0,182,184
SM_MountHuangA_02_City_LOD3,26,CC7620EBED6C48DE,74B67F909E32C446,380,2,40,0,88,207,223,6,24,0,121,50,47,FC5D17909A869C1A,FDA8C747A5187008,289,0,36,0,50,182,450,9,28,0,180,178
SM_MountHuangB_02_City_LOD3,25,CC7620EBED6C48DE,74B67F909E32C446,380,2,40,0,88,207,223,6,24,0,121,50,54,FC5D17909A869C1A,FDA8C747A5187008,289,0,36,0,50,182,450,9,28,0,180,178
SM_NC_CITYROAD01_A0_LOD01,100,CC7620EBED6C48DE,74B67F909E32C446,378,2,40,0,89,205,223,6,24,0,121,50,199,FC5D17909A869C1A,FDA8C747A5187008,287,0,36,0,51,180,450,9,28,0,180,178
SM_NC_CITYROAD02_A0_LOD01,144,CC7620EBED6C48DE,74B67F909E32C446,378,2,40,0,89,205,223,6,24,0,121,50,197,FC5D17909A869C1A,FDA8C747A5187008,287,0,36,0,51,180,450,9,28,0,180,178
SM_NC_PROPS01_A3_LOD02,122,CC7620EBED6C48DE,74B67F909E32C446,378,2,40,0,89,205,223,6,24,0,121,50,138,FC5D17909A869C1A,FDA8C747A5187008,287,0,36,0,51,180,450,9,28,0,180,178
SM_NC_PROPS02A_A0_LOD02,163,CC7620EBED6C48DE,74B67F909E32C446,378,2,40,0,89,205,223,6,24,0,121,50,206,FC5D17909A869C1A,FDA8C747A5187008,287,0,36,0,51,180,450,9,28,0,180,178
SM_NC_PROPS02_A3_LOD02,123,CC7620EBED6C48DE,74B67F909E32C446,378,2,40,0,89,205,223,6,24,0,121,50,126,FC5D17909A869C1A,FDA8C747A5187008,287,0,36,0,51,180,450,9,28,0,180,178
SM_NC_PROPS03_A3_LOD02,121,CC7620EBED6C48DE,74B67F909E32C446,378,2,40,0,89,205,223,6,24,0,121,50,125,FC5D17909A869C1A,FDA8C747A5187008,287,0,36,0,51,180,450,9,28,0,180,178
SM_NC_PROPS04_A0_LOD02,150,CC7620EBED6C48DE,74B67F909E32C446,378,2,40,0,89,205,223,6,24,0,121,50,216,FC5D17909A869C1A,FDA8C747A5187008,287,0,36,0,51,180,450,9,28,0,180,178
SM_NC_PROPS04_A3_LOD02,165,CC7620EBED6C48DE,74B67F909E32C446,377,2,40,0,87,205,223,6,24,0,121,50,244,FC5D17909A869C1A,FDA8C747A5187008,286,0,36,0,49,180,450,9,28,0,180,178
SM_NC_PROPS05B_A0_LOD02,104,CC7620EBED6C48DE,74B67F909E32C446,377,2,40,0,87,205,223,6,24,0,121,50,142,FC5D17909A869C1A,FDA8C747A5187008,286,0,36,0,49,180,450,9,28,0,180,178
SM_NC_PROPS05_A3_LOD02,164,CC7620EBED6C48DE,74B67F909E32C446,378,2,40,0,89,205,223,6,24,0,121,50,245,FC5D17909A869C1A,FDA8C747A5187008,287,0,36,0,51,180,450,9,28,0,180,178
SM_NC_PROPS06_A3_LOD01,55,CC7620EBED6C48DE,74B67F909E32C446,378,2,40,0,89,205,223,6,24,0,121,50,87,FC5D17909A869C1A,FDA8C747A5187008,287,0,36,0,51,180,450,9,28,0,180,178
SM_NC_PROPS11A_A0_LOD02,143,CC7620EBED6C48DE,74B67F909E32C446,378,2,40,0,89,205,223,6,24,0,121,50,196,FC5D17909A869C1A,FDA8C747A5187008,287,0,36,0,51,180,450,9,28,0,180,178
SM_NC_PROPS11B_A0_LOD02,142,CC7620EBED6C48DE,74B67F909E32C446,378,2,40,0,89,205,223,6,24,0,121,50,43,FC5D17909A869C1A,FDA8C747A5187008,287,0,36,0,51,180,450,9,28,0,180,178
SM_NC_PROPS11C_A0_LOD02,141,CC7620EBED6C48DE,74B67F909E32C446,378,2,40,0,89,205,223,6,24,0,121,50,46,FC5D17909A869C1A,FDA8C747A5187008,287,0,36,0,51,180,450,9,28,0,180,178
SM_NC_PROPS11D_A0_LOD02,101,CC7620EBED6C48DE,74B67F909E32C446,378,2,40,0,89,205,223,6,24,0,121,50,45,FC5D17909A869C1A,FDA8C747A5187008,287,0,36,0,51,180,450,9,28,0,180,178
SM_NC_PROPSGROUP01_A0_LOD02,161,CC7620EBED6C48DE,74B67F909E32C446,378,2,40,0,89,205,223,6,24,0,121,50,214,FC5D17909A869C1A,FDA8C747A5187008,287,0,36,0,51,180,450,9,28,0,180,178
SM_NC_PROPSGROUP03A_A0_LOD02,166,CC7620EBED6C48DE,74B67F909E32C446,378,2,40,0,89,205,223,6,24,0,121,50,217,FC5D17909A869C1A,FDA8C747A5187008,287,0,36,0,51,180,450,9,28,0,180,178
SM_NC_PROPSGROUP03B_A0_LOD02,167,CC7620EBED6C48DE,74B67F909E32C446,378,2,40,0,89,205,223,6,24,0,121,50,218,FC5D17909A869C1A,FDA8C747A5187008,287,0,36,0,51,180,450,9,28,0,180,178
SM_NC_PROPSGROUP05A_A0_LOD02,87,CC7620EBED6C48DE,74B67F909E32C446,378,2,40,0,89,205,223,6,24,0,121,50,119,FC5D17909A869C1A,FDA8C747A5187008,287,0,36,0,51,180,450,9,28,0,180,178
SM_NC_PROPSGROUP05B_A0_LOD02,88,CC7620EBED6C48DE,74B67F909E32C446,378,2,40,0,89,205,223,6,24,0,121,50,120,FC5D17909A869C1A,FDA8C747A5187008,287,0,36,0,51,180,450,9,28,0,180,178
SM_PropsScaffold_LOD2,105,CC7620EBED6C48DE,74B67F909E32C446,378,2,40,0,89,205,223,6,24,0,121,50,165,FC5D17909A869C1A,FDA8C747A5187008,287,0,36,0,51,180,450,9,28,0,180,178
SM_Rock_13,30,CC7620EBED6C48DE,74B67F909E32C446,380,2,40,0,88,207,223,6,24,0,121,50,68,FC5D17909A869C1A,FDA8C747A5187008,289,0,36,0,50,182,450,9,28,0,180,178
SM_Rock_15,31,CC7620EBED6C48DE,74B67F909E32C446,380,2,40,0,88,207,223,6,24,0,121,50,70,FC5D17909A869C1A,FDA8C747A5187008,289,0,36,0,50,182,450,9,28,0,180,178
SM_StableChinaCastle_Flag001_MorphUV2_MorphExport,82,6698D44D00A79B98,D184AC1F266B710B,401,3,40,0,84,234,185,6,24,0,86,52,88,C5A23A39586A6494,CAE3F95F0F0257F7,319,2,40,0,49,211,454,9,32,0,182,184
SM_StonemineB_Lv2_LOD2,38,69B88B548D033785,D592BEC78CA5E7C9,371,1,40,0,85,205,223,7,24,0,118,52,60,1F05412574446FA1,D42C9EF079F78D62,289,0,36,0,50,182,460,10,32,0,187,180
SM_Water_Plane_LOD2,196,64C2E4E483C4CE99,DF376854D1774666,320,5,44,0,54,191,297,10,36,0,97,147,285,278FCB7A4626D051,665FA03EBF2921A1,260,0,36,0,39,153,732,13,48,0,254,356
SM_pebbles_group_01,28,CC7620EBED6C48DE,74B67F909E32C446,380,2,40,0,88,207,223,6,24,0,121,50,69,FC5D17909A869C1A,FDA8C747A5187008,289,0,36,0,50,182,450,9,28,0,180,178
