draw_number,encoder_index,mesh_label,vertex_source,fragment_source,vertex_bound,fragment_bound,vertex_sample_lines,vertex_height_scale,fragment_sample_lines,fragment_guard_lines,fragment_fog_flags,fragment_height_branch_enabled
15,1,TRN_CN_YZ,DFE0F5CD7D6882E2,9023C3FAB0141D27,False,True,[],,[333],"[329, 330, 331]","[0.0, 0.0, 0.0, 0.0]",False
17,1,SM_StonemineA_G,9C1452166BD01029,75B0E8BB7D998BB6,False,True,[],,[458],"[433, 434, 435]","[0.0, 0.0, 0.0, 0.0]",False
18,1,SM_LavaDecal_01_LOD0,97C2DE9615BCB3FD,797332E8F0D8DD4E,True,True,[230],1.0,[392],"[367, 368, 369]","[0.0, 0.0, 0.0, 0.0]",False
19,1,SM_LavaDecal_01_LOD0,61348F89D3309B2A,7039C9670E864F63,True,True,[192],1.0,[518],"[493, 494, 495]","[0.0, 0.0, 0.0, 0.0]",False
20,1,SM_LavaDecal_01_LOD0,69A910513AF15D,797332E8F0D8DD4E,True,True,[230],1.0,[392],"[367, 368, 369]","[0.0, 0.0, 0.0, 0.0]",False
21,1,SM_AdventureVillageG_LOD1,FC5D17909A869C1A,C7563D42F46C078C,False,True,[],,[392],"[367, 368, 369]","[0.0, 0.0, 0.0, 0.0]",False
22,1,SM_WRE_NC_FRAMLAND_A_V2_GROUND_LOD03,9C1452166BD01029,75B0E8BB7D998BB6,False,True,[],,[458],"[433, 434, 435]","[0.0, 0.0, 0.0, 0.0]",False
23,1,SM_LavaDecal_03,534E3B771762AC50,F00E73816488008D,False,True,[],,[398],"[373, 374, 375]","[0.0, 0.0, 0.0, 0.0]",False
24,1,SM_LavaDecal_01_LOD0,97C2DE9615BCB3FD,797332E8F0D8DD4E,True,True,[230],1.0,[392],"[367, 368, 369]","[0.0, 0.0, 0.0, 0.0]",False
25,1,T2_EditableRoad_meshes,534E3B771762AC50,F00E73816488008D,False,True,[],,[398],"[373, 374, 375]","[0.0, 0.0, 0.0, 0.0]",False
26,1,SM_LavaDecal_01_LOD0,97C2DE9615BCB3FD,797332E8F0D8DD4E,True,True,[230],1.0,[392],"[367, 368, 369]","[0.0, 0.0, 0.0, 0.0]",False
27,1,T2_EditableRoad_meshes,534E3B771762AC50,F00E73816488008D,False,True,[],,[398],"[373, 374, 375]","[0.0, 0.0, 0.0, 0.0]",False
28,1,SM_LavaDecal_01_LOD0,97C2DE9615BCB3FD,797332E8F0D8DD4E,True,True,[230],1.0,[392],"[367, 368, 369]","[0.0, 0.0, 0.0, 0.0]",False
29,1,T2_EditableRoad_meshes,534E3B771762AC50,F00E73816488008D,False,True,[],,[398],"[373, 374, 375]","[0.0, 0.0, 0.0, 0.0]",False
30,1,SM_LavaDecal_01_LOD0,97C2DE9615BCB3FD,797332E8F0D8DD4E,True,True,[230],1.0,[392],"[367, 368, 369]","[0.0, 0.0, 0.0, 0.0]",False
31,1,SM_LavaDecal_01_LOD0,97C2DE9615BCB3FD,797332E8F0D8DD4E,True,True,[230],1.0,[392],"[367, 368, 369]","[0.0, 0.0, 0.0, 0.0]",False
32,1,SM_LavaDecal_01_LOD0,97C2DE9615BCB3FD,797332E8F0D8DD4E,True,True,[230],1.0,[392],"[367, 368, 369]","[0.0, 0.0, 0.0, 0.0]",False
33,1,T2_EditableRoad_meshes,534E3B771762AC50,F00E73816488008D,False,True,[],,[398],"[373, 374, 375]","[0.0, 0.0, 0.0, 0.0]",False
34,1,SM_LavaDecal_01_LOD0,97C2DE9615BCB3FD,797332E8F0D8DD4E,True,True,[230],1.0,[392],"[367, 368, 369]","[0.0, 0.0, 0.0, 0.0]",False
35,1,SM_LavaDecal_01_LOD0,97C2DE9615BCB3FD,797332E8F0D8DD4E,True,True,[230],1.0,[392],"[367, 368, 369]","[0.0, 0.0, 0.0, 0.0]",False
36,1,SM_LavaDecal_01_LOD0,97C2DE9615BCB3FD,797332E8F0D8DD4E,True,True,[230],1.0,[392],"[367, 368, 369]","[0.0, 0.0, 0.0, 0.0]",False
37,1,M_BS_CN_PALDN_L3_H_LD02_A,CD61BFF2AB5FDFE5,3EFBC51F256CC4C6,False,True,[],,[442],"[417, 418, 419]","[0.0, 0.0, 0.0, 0.0]",False
38,1,M_BS_CN_PALDN_L3_LD02_A,CD61BFF2AB5FDFE5,3EFBC51F256CC4C6,False,True,[],,[442],"[417, 418, 419]","[0.0, 0.0, 0.0, 0.0]",False
39,1,M_BS_CN_PKEMN_L3_LD02_A,CD61BFF2AB5FDFE5,3EFBC51F256CC4C6,False,True,[],,[442],"[417, 418, 419]","[0.0, 0.0, 0.0, 0.0]",False
40,1,M_BA_HORSE1_LD02_A,30DC02723A6AFF2F,ACFE2168C54BAD9C,False,True,[],,[468],"[443, 444, 445]","[0.0, 0.0, 0.0, 0.0]",False
41,1,M_BA_HORSE1_LD02_A,30DC02723A6AFF2F,ACFE2168C54BAD9C,False,True,[],,[468],"[443, 444, 445]","[0.0, 0.0, 0.0, 0.0]",False
42,1,SM_ByzantineCityTree03_LOD1,4419AD67EC5DFFAF,98BC6F212AB2AB07,False,True,[],,[389],"[364, 365, 366]","[0.0, 0.0, 0.0, 0.0]",False
43,1,SM_NC_PROPS11B_A0_LOD02,FC5D17909A869C1A,FDA8C747A5187008,False,True,[],,[403],"[378, 379, 380]","[0.0, 0.0, 0.0, 0.0]",False
44,1,SM_WRE_NC_GOLDA_L01_LOD03,1E7EF532F18FDDAF,11B7E8526834AE51,False,True,[],,[435],"[410, 411, 412]","[0.0, 0.0, 0.0, 0.0]",False
45,1,SM_NC_PROPS11D_A0_LOD02,FC5D17909A869C1A,FDA8C747A5187008,False,True,[],,[403],"[378, 379, 380]","[0.0, 0.0, 0.0, 0.0]",False
46,1,SM_NC_PROPS11C_A0_LOD02,FC5D17909A869C1A,FDA8C747A5187008,False,True,[],,[403],"[378, 379, 380]","[0.0, 0.0, 0.0, 0.0]",False
47,1,SM_MountHuangA_02_City_LOD3,FC5D17909A869C1A,FDA8C747A5187008,False,True,[],,[403],"[378, 379, 380]","[0.0, 0.0, 0.0, 0.0]",False
48,1,SM_GrasslandCircular_B_LOD0,E0A8D0BC44A2BF3B,B5938A74A6D4BC6,False,True,[],,[406],"[381, 382, 383]","[0.0, 0.0, 0.0, 0.0]",False
49,1,SM_GrasslandCircular_B_LOD0,E0A8D0BC44A2BF3B,B5938A74A6D4BC6,False,True,[],,[406],"[381, 382, 383]","[0.0, 0.0, 0.0, 0.0]",False
50,1,SM_GrasslandCircular_B_LOD0,E0A8D0BC44A2BF3B,B5938A74A6D4BC6,False,True,[],,[406],"[381, 382, 383]","[0.0, 0.0, 0.0, 0.0]",False
51,1,SM_GrasslandCircular_B_LOD0,E0A8D0BC44A2BF3B,B5938A74A6D4BC6,False,True,[],,[406],"[381, 382, 383]","[0.0, 0.0, 0.0, 0.0]",False
52,1,SM_GrasslandCircular_B_LOD0,E0A8D0BC44A2BF3B,B5938A74A6D4BC6,False,True,[],,[406],"[381, 382, 383]","[0.0, 0.0, 0.0, 0.0]",False
53,1,SM_GrasslandCircular_B_LOD0,E0A8D0BC44A2BF3B,B5938A74A6D4BC6,False,True,[],,[406],"[381, 382, 383]","[0.0, 0.0, 0.0, 0.0]",False
54,1,SM_MountHuangB_02_City_LOD3,FC5D17909A869C1A,FDA8C747A5187008,False,True,[],,[403],"[378, 379, 380]","[0.0, 0.0, 0.0, 0.0]",False
55,1,SM_MountHuangA_01_City_LOD3,FC5D17909A869C1A,FDA8C747A5187008,False,True,[],,[403],"[378, 379, 380]","[0.0, 0.0, 0.0, 0.0]",False
56,1,SM_MountHuangB_03_LOD3,FC5D17909A869C1A,FDA8C747A5187008,False,True,[],,[403],"[378, 379, 380]","[0.0, 0.0, 0.0, 0.0]",False
57,1,SM_WRE_BG_GOLD_L04_LOD02,9C1452166BD01029,537455CC7BB49C49,False,True,[],,[471],"[446, 447, 448]","[0.0, 0.0, 0.0, 0.0]",False
58,1,SM_WRE_NC_ROCKA_L01_LOD03,1F05412574446FA1,6540E2867800AF53,False,True,[],,[356],"[331, 332, 333]","[0.0, 0.0, 0.0, 0.0]",False
59,1,SM_WRE_BG_GOLD_L02_LOD02,9C1452166BD01029,537455CC7BB49C49,False,True,[],,[471],"[446, 447, 448]","[0.0, 0.0, 0.0, 0.0]",False
60,1,SM_StonemineB_Lv2_LOD2,1F05412574446FA1,D42C9EF079F78D62,False,True,[],,[364],"[339, 340, 341]","[0.0, 0.0, 0.0, 0.0]",False
61,1,SM_WRE_NC_GOLDA_L04_LOD01,9C1452166BD01029,537455CC7BB49C49,False,True,[],,[471],"[446, 447, 448]","[0.0, 0.0, 0.0, 0.0]",False
62,1,SM_WRE_NC_GOLDA_L05_LOD02,9C1452166BD01029,537455CC7BB49C49,False,True,[],,[471],"[446, 447, 448]","[0.0, 0.0, 0.0, 0.0]",False
63,1,SM_WRE_NC_ROCKA_L05_LOD02,1F05412574446FA1,D42C9EF079F78D62,False,True,[],,[364],"[339, 340, 341]","[0.0, 0.0, 0.0, 0.0]",False
64,1,SM_WRE_BG_ROCK01_L04_LOD03,1F05412574446FA1,D42C9EF079F78D62,False,True,[],,[364],"[339, 340, 341]","[0.0, 0.0, 0.0, 0.0]",False
65,1,SM_WRE_BG_ROCK02_L04_LOD03,1F05412574446FA1,D42C9EF079F78D62,False,True,[],,[364],"[339, 340, 341]","[0.0, 0.0, 0.0, 0.0]",False
66,1,SM_WORLDLEAFTREE_02_LOD01,61B6956E2898C227,89C52512CBAD6D,True,True,[205],1.0,[505],"[480, 481, 482]","[0.0, 0.0, 0.0, 0.0]",False
67,1,SM_WORLDLEAFTREE_03_LOD01,7899A635D90D2E9,3763AC95B0BD53FA,True,True,[211],1.0,[516],"[491, 492, 493]","[0.0, 0.0, 0.0, 0.0]",False
68,1,SM_Rock_13,FC5D17909A869C1A,FDA8C747A5187008,False,True,[],,[403],"[378, 379, 380]","[0.0, 0.0, 0.0, 0.0]",False
69,1,SM_pebbles_group_01,FC5D17909A869C1A,FDA8C747A5187008,False,True,[],,[403],"[378, 379, 380]","[0.0, 0.0, 0.0, 0.0]",False
70,1,SM_Rock_15,FC5D17909A869C1A,FDA8C747A5187008,False,True,[],,[403],"[378, 379, 380]","[0.0, 0.0, 0.0, 0.0]",False
71,1,SM_CityLotus_CN_01_LOD01,E31D63387007CEC0,90DD8BBE11E20C25,False,True,[],,[404],"[379, 380, 381]","[0.0, 0.0, 0.0, 0.0]",False
72,1,SM_PVEO_DEADTREE07_L0_LOD01,A5471301C9A914FE,90DD8BBE11E20C25,False,True,[],,[404],"[379, 380, 381]","[0.0, 0.0, 0.0, 0.0]",False
73,1,SM_CityDeadTree_06,A5471301C9A914FE,90DD8BBE11E20C25,False,True,[],,[404],"[379, 380, 381]","[0.0, 0.0, 0.0, 0.0]",False
74,1,SM_CityDeadTree_05,A5471301C9A914FE,90DD8BBE11E20C25,False,True,[],,[404],"[379, 380, 381]","[0.0, 0.0, 0.0, 0.0]",False
75,1,SM_Flowers02,DC308D1AF7BF025C,735A994C4DBEB7A0,False,True,[],,[363],"[338, 339, 340]","[0.0, 0.0, 0.0, 0.0]",False
76,1,SM_Grass_01,4419AD67EC5DFFAF,98BC6F212AB2AB07,False,True,[],,[389],"[364, 365, 366]","[0.0, 0.0, 0.0, 0.0]",False
77,1,SM_CN_HOUSE01_A4_LOD03,3CEB06A14A77D67F,FDA8C747A5187008,False,True,[],,[403],"[378, 379, 380]","[0.0, 0.0, 0.0, 0.0]",False
78,1,SM_CN_HOUSE02_A4_LOD03,3CEB06A14A77D67F,FDA8C747A5187008,False,True,[],,[403],"[378, 379, 380]","[0.0, 0.0, 0.0, 0.0]",False
79,1,SM_WRE_NC_WOOD_L01_LOD03,1E7EF532F18FDDAF,B92355BC99986829,False,True,[],,[426],"[401, 402, 403]","[0.0, 0.0, 0.0, 0.0]",False
80,1,SM_CN_IRONMINE_A4_LOD03,FC5D17909A869C1A,FDA8C747A5187008,False,True,[],,[403],"[378, 379, 380]","[0.0, 0.0, 0.0, 0.0]",False
81,1,SM_WRE_NC_FRAMLAND_B_V2_L01_LOD03,F5D13132E7F44A41,89C52512CBAD6D,False,True,[],,[505],"[480, 481, 482]","[0.0, 0.0, 0.0, 0.0]",False
82,1,SM_FlagChinaFeudal_005_MorphUV2_MorphExport,C5A23A39586A6494,CAE3F95F0F0257F7,False,True,[],,[391],"[366, 367, 368]","[0.0, 0.0, 0.0, 0.0]",False
83,1,SM_FlagChinaFeudal_012_MorphUV2_MorphExport,C5A23A39586A6494,CAE3F95F0F0257F7,False,True,[],,[391],"[366, 367, 368]","[0.0, 0.0, 0.0, 0.0]",False
84,1,SM_HallOfWarChinaCastle_Flag001_MorphUV2_MorphExport,C5A23A39586A6494,CAE3F95F0F0257F7,False,True,[],,[391],"[366, 367, 368]","[0.0, 0.0, 0.0, 0.0]",False
85,1,SM_CN_HALLOFWAR_A4_LOD03,E76E1AAEEE0FE6B3,3CAB235BF378FDC9,False,True,[],,[478],"[453, 454, 455]","[0.0, 0.0, 0.0, 0.0]",False
86,1,SM_CN_BLACKSMITH01_A4_LOD03,E76E1AAEEE0FE6B3,3CAB235BF378FDC9,False,True,[],,[478],"[453, 454, 455]","[0.0, 0.0, 0.0, 0.0]",False
87,1,SM_NC_PROPS06_A3_LOD01,FC5D17909A869C1A,FDA8C747A5187008,False,True,[],,[403],"[378, 379, 380]","[0.0, 0.0, 0.0, 0.0]",False
88,1,SM_StableChinaCastle_Flag001_MorphUV2_MorphExport,C5A23A39586A6494,CAE3F95F0F0257F7,False,True,[],,[391],"[366, 367, 368]","[0.0, 0.0, 0.0, 0.0]",False
89,1,SM_CN_STABLE_A4_LOD03,E76E1AAEEE0FE6B3,3CAB235BF378FDC9,False,True,[],,[478],"[453, 454, 455]","[0.0, 0.0, 0.0, 0.0]",False
90,1,SM_CN_STABLE01_A4_LOD03,E76E1AAEEE0FE6B3,3CAB235BF378FDC9,False,True,[],,[478],"[453, 454, 455]","[0.0, 0.0, 0.0, 0.0]",False
91,1,M_CN_MILL_A4_O2_LD02_A,AB6A7887745B5B4,29ECCBB5F84ABC85,False,True,[],,[380],"[355, 356, 357]","[0.0, 0.0, 0.0, 0.0]",False
92,1,M_CN_MILL_A4_O1_LD02_A,37291EC15CECC475,21820F54954DE970,False,True,[],,[354],"[329, 330, 331]","[0.0, 0.0, 0.0, 0.0]",False
93,1,SM_CN_MILL_A4_LOD03,FC5D17909A869C1A,FDA8C747A5187008,False,True,[],,[403],"[378, 379, 380]","[0.0, 0.0, 0.0, 0.0]",False
94,1,M_CN_LUMBERLOG_A4_LD03_A,37291EC15CECC475,21820F54954DE970,False,True,[],,[354],"[329, 330, 331]","[0.0, 0.0, 0.0, 0.0]",False
95,1,SM_CN_LUMBER_A4_LOD03,FC5D17909A869C1A,FDA8C747A5187008,False,True,[],,[403],"[378, 379, 380]","[0.0, 0.0, 0.0, 0.0]",False
96,1,SM_CN_CENTER_A4_LOD03,E76E1AAEEE0FE6B3,3CAB235BF378FDC9,False,True,[],,[478],"[453, 454, 455]","[0.0, 0.0, 0.0, 0.0]",False
97,1,SM_CN_QIJI01_A3_LOD03,9C1452166BD01029,537455CC7BB49C49,False,True,[],,[471],"[446, 447, 448]","[0.0, 0.0, 0.0, 0.0]",False
98,1,SM_CN_QIJI02_A3_LOD03,9C1452166BD01029,537455CC7BB49C49,False,True,[],,[471],"[446, 447, 448]","[0.0, 0.0, 0.0, 0.0]",False
99,1,SM_CN_GOLDMINE_A4_LOD03,9C1452166BD01029,537455CC7BB49C49,False,True,[],,[471],"[446, 447, 448]","[0.0, 0.0, 0.0, 0.0]",False
100,1,SM_CN_MARKET_A4_LOD03,3CEB06A14A77D67F,FDA8C747A5187008,False,True,[],,[403],"[378, 379, 380]","[0.0, 0.0, 0.0, 0.0]",False
101,1,SM_FlagChinaEmpires_003_MorphUV2_MorphExport,C5A23A39586A6494,CAE3F95F0F0257F7,False,True,[],,[391],"[366, 367, 368]","[0.0, 0.0, 0.0, 0.0]",False
102,1,SM_FlagChinaEmpires_004_MorphUV2_MorphExport,C5A23A39586A6494,CAE3F95F0F0257F7,False,True,[],,[391],"[366, 367, 368]","[0.0, 0.0, 0.0, 0.0]",False
103,1,SM_CN_MTPROPS02_A4_LOD03,FC5D17909A869C1A,FDA8C747A5187008,False,True,[],,[403],"[378, 379, 380]","[0.0, 0.0, 0.0, 0.0]",False
104,1,SM_CN_MTPROPS_A4_LOD03,9C1452166BD01029,537455CC7BB49C49,False,True,[],,[471],"[446, 447, 448]","[0.0, 0.0, 0.0, 0.0]",False
105,1,SM_CN_DRILLG_A4_LOD03,E76E1AAEEE0FE6B3,3CAB235BF378FDC9,False,True,[],,[478],"[453, 454, 455]","[0.0, 0.0, 0.0, 0.0]",False
106,1,SM_FlagFranceFeudal_01,FC5D17909A869C1A,FDA8C747A5187008,False,True,[],,[403],"[378, 379, 380]","[0.0, 0.0, 0.0, 0.0]",False
107,1,SM_FlagChinaFeudal_006_MorphUV2_MorphExport,C5A23A39586A6494,CAE3F95F0F0257F7,False,True,[],,[391],"[366, 367, 368]","[0.0, 0.0, 0.0, 0.0]",False
108,1,SM_CN_SCHOOL_A4_LOD03,E76E1AAEEE0FE6B3,3CAB235BF378FDC9,False,True,[],,[478],"[453, 454, 455]","[0.0, 0.0, 0.0, 0.0]",False
109,1,SM_CN_SCHPROPS_A4_LOD03,9C1452166BD01029,537455CC7BB49C49,False,True,[],,[471],"[446, 447, 448]","[0.0, 0.0, 0.0, 0.0]",False
110,1,SM_CN_CASTLE_A4_LOD03,E76E1AAEEE0FE6B3,3CAB235BF378FDC9,False,True,[],,[478],"[453, 454, 455]","[0.0, 0.0, 0.0, 0.0]",False
111,1,SM_FlagChinaFeudal_014_MorphUV2_MorphExport,C5A23A39586A6494,CAE3F95F0F0257F7,False,True,[],,[391],"[366, 367, 368]","[0.0, 0.0, 0.0, 0.0]",False
112,1,M_BChnC_01_LOD2_A,AB6A7887745B5B4,29ECCBB5F84ABC85,False,True,[],,[380],"[355, 356, 357]","[0.0, 0.0, 0.0, 0.0]",False
113,1,M_CN_PROPS04_A4_LD02_A,AB6A7887745B5B4,29ECCBB5F84ABC85,False,True,[],,[380],"[355, 356, 357]","[0.0, 0.0, 0.0, 0.0]",False
114,1,SM_CN_PROPS03_A4_LOD02,FC5D17909A869C1A,FDA8C747A5187008,False,True,[],,[403],"[378, 379, 380]","[0.0, 0.0, 0.0, 0.0]",False
115,1,SM_FR_WHARF02B_A4_LOD00,FC5D17909A869C1A,FDA8C747A5187008,False,True,[],,[403],"[378, 379, 380]","[0.0, 0.0, 0.0, 0.0]",False
116,1,SM_FR_WHARF02_A4_LOD03,FC5D17909A869C1A,FDA8C747A5187008,False,True,[],,[403],"[378, 379, 380]","[0.0, 0.0, 0.0, 0.0]",False
117,1,SM_FR_WHARF04_A4_LOD03,FC5D17909A869C1A,FDA8C747A5187008,False,True,[],,[403],"[378, 379, 380]","[0.0, 0.0, 0.0, 0.0]",False
118,1,SM_FR_WHARF03_A4_LOD03,FC5D17909A869C1A,FDA8C747A5187008,False,True,[],,[403],"[378, 379, 380]","[0.0, 0.0, 0.0, 0.0]",False
119,1,SM_NC_PROPSGROUP05A_A0_LOD02,FC5D17909A869C1A,FDA8C747A5187008,False,True,[],,[403],"[378, 379, 380]","[0.0, 0.0, 0.0, 0.0]",False
120,1,SM_NC_PROPSGROUP05B_A0_LOD02,FC5D17909A869C1A,FDA8C747A5187008,False,True,[],,[403],"[378, 379, 380]","[0.0, 0.0, 0.0, 0.0]",False
121,1,SM_NC_WHARF01_A2_LOD03,3CEB06A14A77D67F,FDA8C747A5187008,False,True,[],,[403],"[378, 379, 380]","[0.0, 0.0, 0.0, 0.0]",False
122,1,SM_NC_WHARF02_A2_LOD03,3CEB06A14A77D67F,FDA8C747A5187008,False,True,[],,[403],"[378, 379, 380]","[0.0, 0.0, 0.0, 0.0]",False
123,1,M_FR_WHARF_A4_LD02_A,37291EC15CECC475,21820F54954DE970,False,True,[],,[354],"[329, 330, 331]","[0.0, 0.0, 0.0, 0.0]",False
124,1,SM_FR_WHARF07_A4_LOD03,FC5D17909A869C1A,FDA8C747A5187008,False,True,[],,[403],"[378, 379, 380]","[0.0, 0.0, 0.0, 0.0]",False
125,1,SM_NC_PROPS03_A3_LOD02,FC5D17909A869C1A,FDA8C747A5187008,False,True,[],,[403],"[378, 379, 380]","[0.0, 0.0, 0.0, 0.0]",False
126,1,SM_NC_PROPS02_A3_LOD02,FC5D17909A869C1A,FDA8C747A5187008,False,True,[],,[403],"[378, 379, 380]","[0.0, 0.0, 0.0, 0.0]",False
127,1,SM_FR_WHARF08_A4_LOD02,FC5D17909A869C1A,FDA8C747A5187008,False,True,[],,[403],"[378, 379, 380]","[0.0, 0.0, 0.0, 0.0]",False
128,1,SM_FR_WHARF06_A4_LOD03,FC5D17909A869C1A,FDA8C747A5187008,False,True,[],,[403],"[378, 379, 380]","[0.0, 0.0, 0.0, 0.0]",False
129,1,SM_FR_WHARF05_A4_LOD03,FC5D17909A869C1A,FDA8C747A5187008,False,True,[],,[403],"[378, 379, 380]","[0.0, 0.0, 0.0, 0.0]",False
130,1,SM_CN_PROPS03_A3_LOD03,FC5D17909A869C1A,FDA8C747A5187008,False,True,[],,[403],"[378, 379, 380]","[0.0, 0.0, 0.0, 0.0]",False
131,1,SM_CN_PROPS02_A3_LOD03,FC5D17909A869C1A,FDA8C747A5187008,False,True,[],,[403],"[378, 379, 380]","[0.0, 0.0, 0.0, 0.0]",False
132,1,SM_FR_MTPROPS11_A3_LOD02,FC5D17909A869C1A,FDA8C747A5187008,False,True,[],,[403],"[378, 379, 380]","[0.0, 0.0, 0.0, 0.0]",False
133,1,SM_FR_MTPROPS07_A0_LOD02,FC5D17909A869C1A,FDA8C747A5187008,False,True,[],,[403],"[378, 379, 380]","[0.0, 0.0, 0.0, 0.0]",False
134,1,SM_FR_MTPROPS12_A3_LOD02,FC5D17909A869C1A,FDA8C747A5187008,False,True,[],,[403],"[378, 379, 380]","[0.0, 0.0, 0.0, 0.0]",False
135,1,SM_FR_MTPROPS06_A0_LOD02,FC5D17909A869C1A,FDA8C747A5187008,False,True,[],,[403],"[378, 379, 380]","[0.0, 0.0, 0.0, 0.0]",False
136,1,SM_CN_PROPS14_A3_LOD03,9C1452166BD01029,537455CC7BB49C49,False,True,[],,[471],"[446, 447, 448]","[0.0, 0.0, 0.0, 0.0]",False
137,1,SM_NC_PROPS07_A3_LOD02,FC5D17909A869C1A,FDA8C747A5187008,False,True,[],,[403],"[378, 379, 380]","[0.0, 0.0, 0.0, 0.0]",False
138,1,SM_NC_PROPS01_A3_LOD02,FC5D17909A869C1A,FDA8C747A5187008,False,True,[],,[403],"[378, 379, 380]","[0.0, 0.0, 0.0, 0.0]",False
139,1,SM_CN_CASTLE12_A3_LOD03,E76E1AAEEE0FE6B3,3CAB235BF378FDC9,False,True,[],,[478],"[453, 454, 455]","[0.0, 0.0, 0.0, 0.0]",False
140,1,SM_FR_BARRACKTARGET_A3_LOD01,3CEB06A14A77D67F,FDA8C747A5187008,False,True,[],,[403],"[378, 379, 380]","[0.0, 0.0, 0.0, 0.0]",False
141,1,SM_CN_CENTERPORPS01_A3_LOD00,E76E1AAEEE0FE6B3,3CAB235BF378FDC9,False,True,[],,[478],"[453, 454, 455]","[0.0, 0.0, 0.0, 0.0]",False
142,1,SM_NC_PROPS05B_A0_LOD02,FC5D17909A869C1A,FDA8C747A5187008,False,True,[],,[403],"[378, 379, 380]","[0.0, 0.0, 0.0, 0.0]",False
143,1,SM_CN_ARCHERYTARGET_A3_LOD01,3CEB06A14A77D67F,FDA8C747A5187008,False,True,[],,[403],"[378, 379, 380]","[0.0, 0.0, 0.0, 0.0]",False
144,1,SM_Props10_b001_MorphUV2_MorphExport,C5A23A39586A6494,CAE3F95F0F0257F7,False,True,[],,[391],"[366, 367, 368]","[0.0, 0.0, 0.0, 0.0]",False
145,1,SM_FlagChinaFeudal_016_MorphUV2_MorphExport,C5A23A39586A6494,CAE3F95F0F0257F7,False,True,[],,[391],"[366, 367, 368]","[0.0, 0.0, 0.0, 0.0]",False
146,1,SM_FlagChinaFeudal_016_MorphUV2_MorphExport,C5A23A39586A6494,CAE3F95F0F0257F7,False,True,[],,[391],"[366, 367, 368]","[0.0, 0.0, 0.0, 0.0]",False
147,1,SM_NC_PROPS10B_A0_LOD02,FC5D17909A869C1A,FDA8C747A5187008,False,True,[],,[403],"[378, 379, 380]","[0.0, 0.0, 0.0, 0.0]",False
148,1,SM_CN_WEAPONRACK_A3_LOD01,3CEB06A14A77D67F,FDA8C747A5187008,False,True,[],,[403],"[378, 379, 380]","[0.0, 0.0, 0.0, 0.0]",False
149,1,SM_CN_WEAPONRACK02_A3_LOD01,3CEB06A14A77D67F,FDA8C747A5187008,False,True,[],,[403],"[378, 379, 380]","[0.0, 0.0, 0.0, 0.0]",False
150,1,SM_CN_WALL02_A4_LOD03,9C1452166BD01029,537455CC7BB49C49,False,True,[],,[471],"[446, 447, 448]","[0.0, 0.0, 0.0, 0.0]",False
151,1,SM_CN_WALL05_A4_LOD02,9C1452166BD01029,537455CC7BB49C49,False,True,[],,[471],"[446, 447, 448]","[0.0, 0.0, 0.0, 0.0]",False
152,1,SM_CN_WALL06_A4_LOD03,9C1452166BD01029,537455CC7BB49C49,False,True,[],,[471],"[446, 447, 448]","[0.0, 0.0, 0.0, 0.0]",False
153,1,SM_CN_WALL06_A4_LOD03,9C1452166BD01029,537455CC7BB49C49,False,True,[],,[471],"[446, 447, 448]","[0.0, 0.0, 0.0, 0.0]",False
154,1,SM_CN_WALL04_A4_LOD03,9C1452166BD01029,537455CC7BB49C49,False,True,[],,[471],"[446, 447, 448]","[0.0, 0.0, 0.0, 0.0]",False
155,1,SM_CN_WALL08_A4_LOD03,9C1452166BD01029,537455CC7BB49C49,False,True,[],,[471],"[446, 447, 448]","[0.0, 0.0, 0.0, 0.0]",False
156,1,SM_CN_WALL01_A4_LOD03,9C1452166BD01029,537455CC7BB49C49,False,True,[],,[471],"[446, 447, 448]","[0.0, 0.0, 0.0, 0.0]",False
157,1,SM_CN_WALL10_A4_LOD03,9C1452166BD01029,537455CC7BB49C49,False,True,[],,[471],"[446, 447, 448]","[0.0, 0.0, 0.0, 0.0]",False
158,1,SM_CN_WALL11_A4_LOD03,9C1452166BD01029,537455CC7BB49C49,False,True,[],,[471],"[446, 447, 448]","[0.0, 0.0, 0.0, 0.0]",False
159,1,SM_CN_WALL03_A4_LOD03,9C1452166BD01029,537455CC7BB49C49,False,True,[],,[471],"[446, 447, 448]","[0.0, 0.0, 0.0, 0.0]",False
160,1,SM_FlagChinaFeudal_015_MorphUV2_MorphExport,C5A23A39586A6494,CAE3F95F0F0257F7,False,True,[],,[391],"[366, 367, 368]","[0.0, 0.0, 0.0, 0.0]",False
161,1,SM_FlagChinaFeudal_017_MorphUV2_MorphExport,C5A23A39586A6494,CAE3F95F0F0257F7,False,True,[],,[391],"[366, 367, 368]","[0.0, 0.0, 0.0, 0.0]",False
162,1,SM_CN_CASTLE03_A4_LOD03,E76E1AAEEE0FE6B3,3CAB235BF378FDC9,False,True,[],,[478],"[453, 454, 455]","[0.0, 0.0, 0.0, 0.0]",False
163,1,SM_CN_WALL06_A3_LOD03,3CEB06A14A77D67F,FDA8C747A5187008,False,True,[],,[403],"[378, 379, 380]","[0.0, 0.0, 0.0, 0.0]",False
164,1,SM_CN_WALL01_A3_LOD03,3CEB06A14A77D67F,FDA8C747A5187008,False,True,[],,[403],"[378, 379, 380]","[0.0, 0.0, 0.0, 0.0]",False
165,1,SM_PropsScaffold_LOD2,FC5D17909A869C1A,FDA8C747A5187008,False,True,[],,[403],"[378, 379, 380]","[0.0, 0.0, 0.0, 0.0]",False
166,1,SM_FlagChinaFeudal_003_MorphUV2_MorphExport,C5A23A39586A6494,CAE3F95F0F0257F7,False,True,[],,[391],"[366, 367, 368]","[0.0, 0.0, 0.0, 0.0]",False
167,1,SM_CN_WALL09_A4_LOD03,9C1452166BD01029,537455CC7BB49C49,False,True,[],,[471],"[446, 447, 448]","[0.0, 0.0, 0.0, 0.0]",False
168,1,SM_CN_WALL03_A3_LOD03,3CEB06A14A77D67F,FDA8C747A5187008,False,True,[],,[403],"[378, 379, 380]","[0.0, 0.0, 0.0, 0.0]",False
169,1,SM_CN_HEROSHRINE19_A4_LOD03,E76E1AAEEE0FE6B3,3CAB235BF378FDC9,False,True,[],,[478],"[453, 454, 455]","[0.0, 0.0, 0.0, 0.0]",False
170,1,SM_CN_CASTLE05_A4_LOD03,E76E1AAEEE0FE6B3,3CAB235BF378FDC9,False,True,[],,[478],"[453, 454, 455]","[0.0, 0.0, 0.0, 0.0]",False
171,1,SM_CN_CASTLE02_A4_LOD03,E76E1AAEEE0FE6B3,3CAB235BF378FDC9,False,True,[],,[478],"[453, 454, 455]","[0.0, 0.0, 0.0, 0.0]",False
172,1,SM_CN_HEROSHRINE09_A4_LOD03,E76E1AAEEE0FE6B3,3CAB235BF378FDC9,False,True,[],,[478],"[453, 454, 455]","[0.0, 0.0, 0.0, 0.0]",False
173,1,SM_CN_BRIDGE04_A4_LOD03,FC5D17909A869C1A,FDA8C747A5187008,False,True,[],,[403],"[378, 379, 380]","[0.0, 0.0, 0.0, 0.0]",False
174,1,SM_CN_HEROSHRINE04_A4_LOD03,E76E1AAEEE0FE6B3,3CAB235BF378FDC9,False,True,[],,[478],"[453, 454, 455]","[0.0, 0.0, 0.0, 0.0]",False
175,1,SM_CN_HEROSHRINE14_A4_LOD03,E76E1AAEEE0FE6B3,3CAB235BF378FDC9,False,True,[],,[478],"[453, 454, 455]","[0.0, 0.0, 0.0, 0.0]",False
176,1,SM_CN_HEROSHRINE06_A4_LOD03,E76E1AAEEE0FE6B3,3CAB235BF378FDC9,False,True,[],,[478],"[453, 454, 455]","[0.0, 0.0, 0.0, 0.0]",False
177,1,SM_CN_HEROSHRINE07_A4_LOD03,E76E1AAEEE0FE6B3,3CAB235BF378FDC9,False,True,[],,[478],"[453, 454, 455]","[0.0, 0.0, 0.0, 0.0]",False
178,1,SM_CN_HEROSHRINE02_A4_LOD03,E76E1AAEEE0FE6B3,3CAB235BF378FDC9,False,True,[],,[478],"[453, 454, 455]","[0.0, 0.0, 0.0, 0.0]",False
179,1,SM_CN_HEROSHRINE17_A4_LOD03,E76E1AAEEE0FE6B3,3CAB235BF378FDC9,False,True,[],,[478],"[453, 454, 455]","[0.0, 0.0, 0.0, 0.0]",False
180,1,SM_CN_HEROSHRINE11_A4_LOD03,E76E1AAEEE0FE6B3,3CAB235BF378FDC9,False,True,[],,[478],"[453, 454, 455]","[0.0, 0.0, 0.0, 0.0]",False
181,1,SM_CN_HEROSHRINE10_A4_LOD03,E76E1AAEEE0FE6B3,3CAB235BF378FDC9,False,True,[],,[478],"[453, 454, 455]","[0.0, 0.0, 0.0, 0.0]",False
182,1,SM_CN_HEROSHRINE15_A4_LOD03,E76E1AAEEE0FE6B3,3CAB235BF378FDC9,False,True,[],,[478],"[453, 454, 455]","[0.0, 0.0, 0.0, 0.0]",False
183,1,SM_CN_HEROSHRINE14_A3_LOD03,E76E1AAEEE0FE6B3,3CAB235BF378FDC9,False,True,[],,[478],"[453, 454, 455]","[0.0, 0.0, 0.0, 0.0]",False
184,1,SM_CN_HEROSHRINE03_A4_LOD03,E76E1AAEEE0FE6B3,3CAB235BF378FDC9,False,True,[],,[478],"[453, 454, 455]","[0.0, 0.0, 0.0, 0.0]",False
185,1,SM_CN_HEROSHRINE08_A4_LOD03,E76E1AAEEE0FE6B3,3CAB235BF378FDC9,False,True,[],,[478],"[453, 454, 455]","[0.0, 0.0, 0.0, 0.0]",False
186,1,SM_CN_BRIDGE02_A4_LOD03,FC5D17909A869C1A,FDA8C747A5187008,False,True,[],,[403],"[378, 379, 380]","[0.0, 0.0, 0.0, 0.0]",False
187,1,SM_CN_HEROSHRINE16_A4_LOD03,E76E1AAEEE0FE6B3,3CAB235BF378FDC9,False,True,[],,[478],"[453, 454, 455]","[0.0, 0.0, 0.0, 0.0]",False
188,1,SM_CN_BRIDGE01_A4_LOD03,FC5D17909A869C1A,FDA8C747A5187008,False,True,[],,[403],"[378, 379, 380]","[0.0, 0.0, 0.0, 0.0]",False
189,1,SM_CN_BRIDGE03_A4_LOD03,FC5D17909A869C1A,FDA8C747A5187008,False,True,[],,[403],"[378, 379, 380]","[0.0, 0.0, 0.0, 0.0]",False
190,1,SM_CN_HEROSHRINE05_A4_LOD03,E76E1AAEEE0FE6B3,3CAB235BF378FDC9,False,True,[],,[478],"[453, 454, 455]","[0.0, 0.0, 0.0, 0.0]",False
191,1,SM_CN_HEROSHRINE12_A4_LOD03,E76E1AAEEE0FE6B3,3CAB235BF378FDC9,False,True,[],,[478],"[453, 454, 455]","[0.0, 0.0, 0.0, 0.0]",False
192,1,SM_CN_HEROSHRINE01_A4_LOD03,E76E1AAEEE0FE6B3,3CAB235BF378FDC9,False,True,[],,[478],"[453, 454, 455]","[0.0, 0.0, 0.0, 0.0]",False
193,1,SM_CN_HEROSHRINE02_A3_LOD03,E76E1AAEEE0FE6B3,3CAB235BF378FDC9,False,True,[],,[478],"[453, 454, 455]","[0.0, 0.0, 0.0, 0.0]",False
194,1,M_CN_VIPSHIP_A2_LD03_A,37291EC15CECC475,21820F54954DE970,False,True,[],,[354],"[329, 330, 331]","[0.0, 0.0, 0.0, 0.0]",False
195,1,M_CN_VIPSHIP_A4_LD03_A,37291EC15CECC475,21820F54954DE970,False,True,[],,[354],"[329, 330, 331]","[0.0, 0.0, 0.0, 0.0]",False
196,1,SM_NC_PROPS11A_A0_LOD02,FC5D17909A869C1A,FDA8C747A5187008,False,True,[],,[403],"[378, 379, 380]","[0.0, 0.0, 0.0, 0.0]",False
197,1,SM_NC_CITYROAD02_A0_LOD01,FC5D17909A869C1A,FDA8C747A5187008,False,True,[],,[403],"[378, 379, 380]","[0.0, 0.0, 0.0, 0.0]",False
198,1,SM_NC_CITYROAD02_A0_LOD01,FC5D17909A869C1A,FDA8C747A5187008,False,True,[],,[403],"[378, 379, 380]","[0.0, 0.0, 0.0, 0.0]",False
199,1,SM_NC_CITYROAD01_A0_LOD01,FC5D17909A869C1A,FDA8C747A5187008,False,True,[],,[403],"[378, 379, 380]","[0.0, 0.0, 0.0, 0.0]",False
200,1,SM_NC_CITYROAD01_A0_LOD01,FC5D17909A869C1A,FDA8C747A5187008,False,True,[],,[403],"[378, 379, 380]","[0.0, 0.0, 0.0, 0.0]",False
201,1,SM_NC_CITYROAD01_A0_LOD01,FC5D17909A869C1A,FDA8C747A5187008,False,True,[],,[403],"[378, 379, 380]","[0.0, 0.0, 0.0, 0.0]",False
202,1,SM_FR_ROADF06_A4_LOD00,FC5D17909A869C1A,FDA8C747A5187008,False,True,[],,[403],"[378, 379, 380]","[0.0, 0.0, 0.0, 0.0]",False
203,1,SM_FlagChinaFeudal_018_MorphUV2_MorphExport,C5A23A39586A6494,CAE3F95F0F0257F7,False,True,[],,[391],"[366, 367, 368]","[0.0, 0.0, 0.0, 0.0]",False
204,1,SM_CN_PROPS10_A3_LOD03,FC5D17909A869C1A,FDA8C747A5187008,False,True,[],,[403],"[378, 379, 380]","[0.0, 0.0, 0.0, 0.0]",False
205,1,SM_CN_PROPS06_A3_LOD03,FC5D17909A869C1A,FDA8C747A5187008,False,True,[],,[403],"[378, 379, 380]","[0.0, 0.0, 0.0, 0.0]",False
206,1,SM_NC_PROPS02A_A0_LOD02,FC5D17909A869C1A,FDA8C747A5187008,False,True,[],,[403],"[378, 379, 380]","[0.0, 0.0, 0.0, 0.0]",False
207,1,SM_CN_PROPS09_A3_LOD03,FC5D17909A869C1A,FDA8C747A5187008,False,True,[],,[403],"[378, 379, 380]","[0.0, 0.0, 0.0, 0.0]",False
208,1,SM_CN_PROPS08_A3_LOD03,FC5D17909A869C1A,FDA8C747A5187008,False,True,[],,[403],"[378, 379, 380]","[0.0, 0.0, 0.0, 0.0]",False
209,1,SM_CN_PROPS04_A3_LOD03,FC5D17909A869C1A,FDA8C747A5187008,False,True,[],,[403],"[378, 379, 380]","[0.0, 0.0, 0.0, 0.0]",False
210,1,SM_CN_PROPS01_A4_LOD03,FC5D17909A869C1A,FDA8C747A5187008,False,True,[],,[403],"[378, 379, 380]","[0.0, 0.0, 0.0, 0.0]",False
211,1,SM_CN_PROPS17_A3_LOD03,9C1452166BD01029,537455CC7BB49C49,False,True,[],,[471],"[446, 447, 448]","[0.0, 0.0, 0.0, 0.0]",False
212,1,SM_CN_TENT02_A4_LOD03,FC5D17909A869C1A,FDA8C747A5187008,False,True,[],,[403],"[378, 379, 380]","[0.0, 0.0, 0.0, 0.0]",False
213,1,SM_CN_TENT01_A4_LOD03,FC5D17909A869C1A,FDA8C747A5187008,False,True,[],,[403],"[378, 379, 380]","[0.0, 0.0, 0.0, 0.0]",False
214,1,SM_NC_PROPSGROUP01_A0_LOD02,FC5D17909A869C1A,FDA8C747A5187008,False,True,[],,[403],"[378, 379, 380]","[0.0, 0.0, 0.0, 0.0]",False
215,1,SM_CN_PROPS05_A3_LOD03,FC5D17909A869C1A,FDA8C747A5187008,False,True,[],,[403],"[378, 379, 380]","[0.0, 0.0, 0.0, 0.0]",False
216,1,SM_NC_PROPS04_A0_LOD02,FC5D17909A869C1A,FDA8C747A5187008,False,True,[],,[403],"[378, 379, 380]","[0.0, 0.0, 0.0, 0.0]",False
217,1,SM_NC_PROPSGROUP03A_A0_LOD02,FC5D17909A869C1A,FDA8C747A5187008,False,True,[],,[403],"[378, 379, 380]","[0.0, 0.0, 0.0, 0.0]",False
218,1,SM_NC_PROPSGROUP03B_A0_LOD02,FC5D17909A869C1A,FDA8C747A5187008,False,True,[],,[403],"[378, 379, 380]","[0.0, 0.0, 0.0, 0.0]",False
219,1,SM_CN_BRIDGE01_A2_LOD03,FC5D17909A869C1A,FDA8C747A5187008,False,True,[],,[403],"[378, 379, 380]","[0.0, 0.0, 0.0, 0.0]",False
220,1,SM_CN_GARDEN_A4_LOD03,9C1452166BD01029,537455CC7BB49C49,False,True,[],,[471],"[446, 447, 448]","[0.0, 0.0, 0.0, 0.0]",False
221,1,M_CN_CENTER_A3_O_LD00_A,99EF5128A8DD78BE,DC296B865FA66B4C,False,True,[],,[422],"[397, 398, 399]","[0.0, 0.0, 0.0, 0.0]",False
222,1,SM_CN_DOCK_A4_LOD03,FC5D17909A869C1A,FDA8C747A5187008,False,True,[],,[403],"[378, 379, 380]","[0.0, 0.0, 0.0, 0.0]",False
223,1,SM_CN_MTPROPS01_A3_LOD03,FC5D17909A869C1A,FDA8C747A5187008,False,True,[],,[403],"[378, 379, 380]","[0.0, 0.0, 0.0, 0.0]",False
224,1,SM_CN_PROPS16_A3_LOD03,9C1452166BD01029,537455CC7BB49C49,False,True,[],,[471],"[446, 447, 448]","[0.0, 0.0, 0.0, 0.0]",False
225,1,SM_CN_PROPS11_A3_LOD03,FC5D17909A869C1A,FDA8C747A5187008,False,True,[],,[403],"[378, 379, 380]","[0.0, 0.0, 0.0, 0.0]",False
226,1,SM_CN_PROPS12_A3_LOD03,FC5D17909A869C1A,FDA8C747A5187008,False,True,[],,[403],"[378, 379, 380]","[0.0, 0.0, 0.0, 0.0]",False
227,1,SM_CN_PROPS13_A3_LOD03,9C1452166BD01029,537455CC7BB49C49,False,True,[],,[471],"[446, 447, 448]","[0.0, 0.0, 0.0, 0.0]",False
228,1,SM_CN_PROPS15_A3_LOD03,9C1452166BD01029,537455CC7BB49C49,False,True,[],,[471],"[446, 447, 448]","[0.0, 0.0, 0.0, 0.0]",False
229,1,SM_MOUNTAINTREE_01,F5D13132E7F44A41,11385535CDA8BFA3,False,True,[],,[520],"[495, 496, 497]","[0.0, 0.0, 0.0, 0.0]",False
230,1,SM_TALLTREE_01_LOD01,E633F210C5A48E31,3763AC95B0BD53FA,False,True,[],,[516],"[491, 492, 493]","[0.0, 0.0, 0.0, 0.0]",False
231,1,SM_TALLTREE_02_LOD01,E633F210C5A48E31,3763AC95B0BD53FA,False,True,[],,[516],"[491, 492, 493]","[0.0, 0.0, 0.0, 0.0]",False
232,1,SM_LENGSHAN_01,F5D13132E7F44A41,11385535CDA8BFA3,False,True,[],,[520],"[495, 496, 497]","[0.0, 0.0, 0.0, 0.0]",False
233,1,SM_CN_BRIDGE03_A2_LOD03,FC5D17909A869C1A,FDA8C747A5187008,False,True,[],,[403],"[378, 379, 380]","[0.0, 0.0, 0.0, 0.0]",False
234,1,SM_WORLDBUSH_01,E633F210C5A48E31,3763AC95B0BD53FA,False,True,[],,[516],"[491, 492, 493]","[0.0, 0.0, 0.0, 0.0]",False
235,1,SM_MOUNTAINTREE_02,E633F210C5A48E31,3763AC95B0BD53FA,False,True,[],,[516],"[491, 492, 493]","[0.0, 0.0, 0.0, 0.0]",False
236,1,SM_CN_GARDEN_A2_LOD03,9C1452166BD01029,537455CC7BB49C49,False,True,[],,[471],"[446, 447, 448]","[0.0, 0.0, 0.0, 0.0]",False
237,1,SM_CN_HEROSHRINE01BASE_A2_LOD03,E76E1AAEEE0FE6B3,3CAB235BF378FDC9,False,True,[],,[478],"[453, 454, 455]","[0.0, 0.0, 0.0, 0.0]",False
238,1,SM_CN_HEROSHRINE14_A3_LOD03,E76E1AAEEE0FE6B3,3CAB235BF378FDC9,False,True,[],,[478],"[453, 454, 455]","[0.0, 0.0, 0.0, 0.0]",False
239,1,SM_CN_WALL10_A2_LOD03,3CEB06A14A77D67F,FDA8C747A5187008,False,True,[],,[403],"[378, 379, 380]","[0.0, 0.0, 0.0, 0.0]",False
240,1,SM_CN_HEROSHRINE01BASE_A4_LOD03,E76E1AAEEE0FE6B3,3CAB235BF378FDC9,False,True,[],,[478],"[453, 454, 455]","[0.0, 0.0, 0.0, 0.0]",False
241,1,SM_CN_CASTLE06_A4_LOD03,E76E1AAEEE0FE6B3,3CAB235BF378FDC9,False,True,[],,[478],"[453, 454, 455]","[0.0, 0.0, 0.0, 0.0]",False
242,1,SM_ChinaCityTree_02,E31D63387007CEC0,90DD8BBE11E20C25,False,True,[],,[404],"[379, 380, 381]","[0.0, 0.0, 0.0, 0.0]",False
243,1,SM_Flowers01,DC308D1AF7BF025C,735A994C4DBEB7A0,False,True,[],,[363],"[338, 339, 340]","[0.0, 0.0, 0.0, 0.0]",False
244,1,SM_NC_PROPS04_A3_LOD02,FC5D17909A869C1A,FDA8C747A5187008,False,True,[],,[403],"[378, 379, 380]","[0.0, 0.0, 0.0, 0.0]",False
245,1,SM_NC_PROPS05_A3_LOD02,FC5D17909A869C1A,FDA8C747A5187008,False,True,[],,[403],"[378, 379, 380]","[0.0, 0.0, 0.0, 0.0]",False
246,1,SM_XIAOHUA05,ECF84F140BD2A332,735A994C4DBEB7A0,False,True,[],,[363],"[338, 339, 340]","[0.0, 0.0, 0.0, 0.0]",False
247,1,SM_WORLDLEAFTREE_03_LOD01,E633F210C5A48E31,3763AC95B0BD53FA,False,True,[],,[516],"[491, 492, 493]","[0.0, 0.0, 0.0, 0.0]",False
248,1,LOD0SG11,E0A8D0BC44A2BF3B,B5938A74A6D4BC6,False,True,[],,[406],"[381, 382, 383]","[0.0, 0.0, 0.0, 0.0]",False
249,1,LOD0SG11,E0A8D0BC44A2BF3B,B5938A74A6D4BC6,False,True,[],,[406],"[381, 382, 383]","[0.0, 0.0, 0.0, 0.0]",False
250,1,SM_Grass16,E0A8D0BC44A2BF3B,3B4BA408BF949A09,False,True,[],,[419],"[394, 395, 396]","[0.0, 0.0, 0.0, 0.0]",False
251,1,SM_Grass16,E0A8D0BC44A2BF3B,3B4BA408BF949A09,False,True,[],,[419],"[394, 395, 396]","[0.0, 0.0, 0.0, 0.0]",False
252,1,SM_Grass16,E0A8D0BC44A2BF3B,3B4BA408BF949A09,False,True,[],,[419],"[394, 395, 396]","[0.0, 0.0, 0.0, 0.0]",False
253,1,SM_Grass16,E0A8D0BC44A2BF3B,3B4BA408BF949A09,False,True,[],,[419],"[394, 395, 396]","[0.0, 0.0, 0.0, 0.0]",False
254,1,SM_Grass16,E0A8D0BC44A2BF3B,3B4BA408BF949A09,False,True,[],,[419],"[394, 395, 396]","[0.0, 0.0, 0.0, 0.0]",False
255,1,SM_Grass16,E0A8D0BC44A2BF3B,3B4BA408BF949A09,False,True,[],,[419],"[394, 395, 396]","[0.0, 0.0, 0.0, 0.0]",False
256,1,SM_Grass16,E0A8D0BC44A2BF3B,3B4BA408BF949A09,False,True,[],,[419],"[394, 395, 396]","[0.0, 0.0, 0.0, 0.0]",False
257,1,SM_Grass16,E0A8D0BC44A2BF3B,3B4BA408BF949A09,False,True,[],,[419],"[394, 395, 396]","[0.0, 0.0, 0.0, 0.0]",False
258,1,SM_Grass16,E0A8D0BC44A2BF3B,3B4BA408BF949A09,False,True,[],,[419],"[394, 395, 396]","[0.0, 0.0, 0.0, 0.0]",False
259,1,SM_Grass16,E0A8D0BC44A2BF3B,3B4BA408BF949A09,False,True,[],,[419],"[394, 395, 396]","[0.0, 0.0, 0.0, 0.0]",False
260,1,SM_Grass16,E0A8D0BC44A2BF3B,3B4BA408BF949A09,False,True,[],,[419],"[394, 395, 396]","[0.0, 0.0, 0.0, 0.0]",False
261,1,SM_Grass16,E0A8D0BC44A2BF3B,3B4BA408BF949A09,False,True,[],,[419],"[394, 395, 396]","[0.0, 0.0, 0.0, 0.0]",False
262,1,SM_Grass16,E0A8D0BC44A2BF3B,3B4BA408BF949A09,False,True,[],,[419],"[394, 395, 396]","[0.0, 0.0, 0.0, 0.0]",False
263,1,SM_Grass16,E0A8D0BC44A2BF3B,3B4BA408BF949A09,False,True,[],,[419],"[394, 395, 396]","[0.0, 0.0, 0.0, 0.0]",False
264,1,SM_XIAOHUA07,ECF84F140BD2A332,735A994C4DBEB7A0,False,True,[],,[363],"[338, 339, 340]","[0.0, 0.0, 0.0, 0.0]",False
265,1,SM_GUANMU_01,A5471301C9A914FE,90DD8BBE11E20C25,False,True,[],,[404],"[379, 380, 381]","[0.0, 0.0, 0.0, 0.0]",False
266,1,SM_GUANMU_01,A5471301C9A914FE,90DD8BBE11E20C25,False,True,[],,[404],"[379, 380, 381]","[0.0, 0.0, 0.0, 0.0]",False
267,1,SM_GrassReed_01,E0A8D0BC44A2BF3B,3B4BA408BF949A09,False,True,[],,[419],"[394, 395, 396]","[0.0, 0.0, 0.0, 0.0]",False
268,1,SM_GrassReed_01,E0A8D0BC44A2BF3B,3B4BA408BF949A09,False,True,[],,[419],"[394, 395, 396]","[0.0, 0.0, 0.0, 0.0]",False
269,1,SM_GUANMU_04,A5471301C9A914FE,90DD8BBE11E20C25,False,True,[],,[404],"[379, 380, 381]","[0.0, 0.0, 0.0, 0.0]",False
270,1,SM_Grass10,E0A8D0BC44A2BF3B,3B4BA408BF949A09,False,True,[],,[419],"[394, 395, 396]","[0.0, 0.0, 0.0, 0.0]",False
271,1,SM_Zhenye03_LOD1,E633F210C5A48E31,3763AC95B0BD53FA,False,True,[],,[516],"[491, 492, 493]","[0.0, 0.0, 0.0, 0.0]",False
272,1,SM_WORLDLEAFTREE_01_LOD01,E633F210C5A48E31,3763AC95B0BD53FA,False,True,[],,[516],"[491, 492, 493]","[0.0, 0.0, 0.0, 0.0]",False
273,1,SM_WORLDLEAFTREE_02_LOD01,E633F210C5A48E31,3763AC95B0BD53FA,False,True,[],,[516],"[491, 492, 493]","[0.0, 0.0, 0.0, 0.0]",False
274,1,SM_ChinaCityTree_03_LOD1,E0A8D0BC44A2BF3B,3B4BA408BF949A09,False,True,[],,[419],"[394, 395, 396]","[0.0, 0.0, 0.0, 0.0]",False
275,1,SM_XIAOHUA06,ECF84F140BD2A332,735A994C4DBEB7A0,False,True,[],,[363],"[338, 339, 340]","[0.0, 0.0, 0.0, 0.0]",False
276,1,SM_Grass17_B_02,ECF84F140BD2A332,735A994C4DBEB7A0,False,True,[],,[363],"[338, 339, 340]","[0.0, 0.0, 0.0, 0.0]",False
277,1,SM_Grass17_B_02,ECF84F140BD2A332,735A994C4DBEB7A0,False,True,[],,[363],"[338, 339, 340]","[0.0, 0.0, 0.0, 0.0]",False
278,1,Plane,9C1452166BD01029,5BD7ADC28BED71D0,False,True,[],,[382],"[357, 358, 359]","[0.0, 0.0, 0.0, 0.0]",False
279,1,SM_MountHuangB_03_LOD3,FC5D17909A869C1A,3E7759CA7E3AA058,False,True,[],,[410],"[385, 386, 387]","[0.0, 0.0, 0.0, 0.0]",False
282,1,SM_CN_SCHOOL_WATER_A4_LOD00,24B4211C998DA423,8A841B7474DF6D4E,False,True,[],,[423],"[398, 399, 400]","[0.0, 0.0, 0.0, 0.0]",False
283,1,SM_CN_GARDEN_WATER_A4_LOD00,24B4211C998DA423,8A841B7474DF6D4E,False,True,[],,[423],"[398, 399, 400]","[0.0, 0.0, 0.0, 0.0]",False
284,1,SM_CN_GARDEN_WATER_A2_LOD00,24B4211C998DA423,8A841B7474DF6D4E,False,True,[],,[423],"[398, 399, 400]","[0.0, 0.0, 0.0, 0.0]",False
285,1,SM_Water_Plane_LOD2,278FCB7A4626D051,665FA03EBF2921A1,False,True,[],,[665],"[640, 641, 642]","[0.0, 0.0, 0.0, 0.0]",False
286,1,SM_COCWater_03,24B4211C998DA423,13EBDB9A014E1EC2,False,True,[],,[448],"[423, 424, 425]","[0.0, 0.0, 0.0, 0.0]",False
287,1,SM_CityWater_08,24B4211C998DA423,13EBDB9A014E1EC2,False,True,[],,[448],"[423, 424, 425]","[0.0, 0.0, 0.0, 0.0]",False
288,1,SM_Water_Plane_LOD2,278FCB7A4626D051,665FA03EBF2921A1,False,True,[],,[665],"[640, 641, 642]","[0.0, 0.0, 0.0, 0.0]",False
289,1,SM_CityWater_China_YZ_03,24B4211C998DA423,13EBDB9A014E1EC2,False,True,[],,[448],"[423, 424, 425]","[0.0, 0.0, 0.0, 0.0]",False
290,1,SM_CityWater_China_YZ_05,24B4211C998DA423,13EBDB9A014E1EC2,False,True,[],,[448],"[423, 424, 425]","[0.0, 0.0, 0.0, 0.0]",False
291,1,SM_Water_Plane_LOD2,278FCB7A4626D051,665FA03EBF2921A1,False,True,[],,[665],"[640, 641, 642]","[0.0, 0.0, 0.0, 0.0]",False
292,1,SM_CityWater_China_YZ_02,24B4211C998DA423,13EBDB9A014E1EC2,False,True,[],,[448],"[423, 424, 425]","[0.0, 0.0, 0.0, 0.0]",False
293,1,SM_CityWater_China_YZ_04,24B4211C998DA423,13EBDB9A014E1EC2,False,True,[],,[448],"[423, 424, 425]","[0.0, 0.0, 0.0, 0.0]",False
