metric,empire1,empire2,delta,delta_percent
gpu_time_ms,11.94,17.15,5.209999999999999,43.634840871021765
summary_memory_mib,257.66,343.38,85.71999999999997,33.26864860669097
textures_mib,204.53,279.26,74.72999999999999,36.5374272722828
buffers_mib,53.13,64.12,10.990000000000002,20.685111989459813
vertices,1165662,1900395,734733,63.03139331984744
draw_calls,432,456,24,5.555555555555558
command_buffers,1,1,0,0.0
render_encoders,12,12,0,0.0
compute_encoders,0,0,0,
blit_encoders,0,0,0,
acceleration_encoders,0,0,0,
dispatch_calls,0,0,0,
